experiment_id,contrast,target_condition,source_condition,metric,point_delta,ci95_low,ci95_high,bootstrap_replicates,bootstrap_unit,analysis_scope
D1_SLEEPEDF_TO_ISRUC,DOMAIN_FULL,C3,C0,macro-F1,-0.15309883738010222,-0.18545869534647014,-0.10205975445680719,2000,independent_subject_populations,PRIMARY_TARGET_FREE_DOMAIN_DIAGNOSIS
D1_SLEEPEDF_TO_ISRUC,DOMAIN_FULL,C3,C0,NLL,0.8739552397337255,0.7695834590715006,0.9854705343631015,2000,independent_subject_populations,PRIMARY_TARGET_FREE_DOMAIN_DIAGNOSIS
D1_SLEEPEDF_TO_ISRUC,DOMAIN_FULL,C3,C0,Brier,0.3852358018986548,0.34809115558526665,0.42096501156626204,2000,independent_subject_populations,PRIMARY_TARGET_FREE_DOMAIN_DIAGNOSIS
D1_SLEEPEDF_TO_ISRUC,DOMAIN_FULL,C3,C0,error_AUROC,-0.21458144387773478,nan,nan,0,independent_subject_populations,PRIMARY_TARGET_FREE_DOMAIN_DIAGNOSIS
D1_SLEEPEDF_TO_ISRUC,DOMAIN_FULL,C3,C0,error_AUPRC,0.02818400370390724,nan,nan,0,independent_subject_populations,PRIMARY_TARGET_FREE_DOMAIN_DIAGNOSIS
D1_SLEEPEDF_TO_ISRUC,DOMAIN_FULL,C3,C0,AURC,0.17937245644203015,nan,nan,0,independent_subject_populations,PRIMARY_TARGET_FREE_DOMAIN_DIAGNOSIS
D1_SLEEPEDF_TO_ISRUC,DOMAIN_FULL,C3,C0,gap,0.019724265785613038,0.014104533045926671,0.02616378091855504,2000,independent_subject_populations,PRIMARY_TARGET_FREE_DOMAIN_DIAGNOSIS
D1_SLEEPEDF_TO_ISRUC,DOMAIN_EEG_ONLY,C4,C1,macro-F1,-0.15696800313337034,-0.19758487069396397,-0.09128156822614854,2000,independent_subject_populations,PRIMARY_TARGET_FREE_DOMAIN_DIAGNOSIS
D1_SLEEPEDF_TO_ISRUC,DOMAIN_EEG_ONLY,C4,C1,NLL,0.8370947569862466,0.7503809621068118,0.9248318839616725,2000,independent_subject_populations,PRIMARY_TARGET_FREE_DOMAIN_DIAGNOSIS
D1_SLEEPEDF_TO_ISRUC,DOMAIN_EEG_ONLY,C4,C1,Brier,0.413512307278259,0.3741956847891562,0.451391503628644,2000,independent_subject_populations,PRIMARY_TARGET_FREE_DOMAIN_DIAGNOSIS
D1_SLEEPEDF_TO_ISRUC,DOMAIN_EEG_ONLY,C4,C1,error_AUROC,-0.23524718766115194,nan,nan,0,independent_subject_populations,PRIMARY_TARGET_FREE_DOMAIN_DIAGNOSIS
D1_SLEEPEDF_TO_ISRUC,DOMAIN_EEG_ONLY,C4,C1,error_AUPRC,0.025722107082835805,nan,nan,0,independent_subject_populations,PRIMARY_TARGET_FREE_DOMAIN_DIAGNOSIS
D1_SLEEPEDF_TO_ISRUC,DOMAIN_EEG_ONLY,C4,C1,AURC,0.24367373184691285,nan,nan,0,independent_subject_populations,PRIMARY_TARGET_FREE_DOMAIN_DIAGNOSIS
D1_SLEEPEDF_TO_ISRUC,DOMAIN_EEG_ONLY,C4,C1,gap,0.019953901337437168,0.01444615332593421,0.02582993445644131,2000,independent_subject_populations,PRIMARY_TARGET_FREE_DOMAIN_DIAGNOSIS
D1_SLEEPEDF_TO_ISRUC,DOMAIN_EOG_ONLY,C5,C2,macro-F1,-0.17671126671125692,-0.23402011295097486,-0.12062338237569543,2000,independent_subject_populations,PRIMARY_TARGET_FREE_DOMAIN_DIAGNOSIS
D1_SLEEPEDF_TO_ISRUC,DOMAIN_EOG_ONLY,C5,C2,NLL,1.0471146508070228,0.8432447978322606,1.220421440820216,2000,independent_subject_populations,PRIMARY_TARGET_FREE_DOMAIN_DIAGNOSIS
D1_SLEEPEDF_TO_ISRUC,DOMAIN_EOG_ONLY,C5,C2,Brier,0.4937021696131762,0.39569874903300173,0.5790720965185735,2000,independent_subject_populations,PRIMARY_TARGET_FREE_DOMAIN_DIAGNOSIS
D1_SLEEPEDF_TO_ISRUC,DOMAIN_EOG_ONLY,C5,C2,error_AUROC,-0.25483704126095824,nan,nan,0,independent_subject_populations,PRIMARY_TARGET_FREE_DOMAIN_DIAGNOSIS
D1_SLEEPEDF_TO_ISRUC,DOMAIN_EOG_ONLY,C5,C2,error_AUPRC,0.17003450222695504,nan,nan,0,independent_subject_populations,PRIMARY_TARGET_FREE_DOMAIN_DIAGNOSIS
D1_SLEEPEDF_TO_ISRUC,DOMAIN_EOG_ONLY,C5,C2,AURC,0.5085970555304804,nan,nan,0,independent_subject_populations,PRIMARY_TARGET_FREE_DOMAIN_DIAGNOSIS
D1_SLEEPEDF_TO_ISRUC,DOMAIN_EOG_ONLY,C5,C2,gap,0.05531155869126555,0.04490839006939323,0.06619376377108915,2000,independent_subject_populations,PRIMARY_TARGET_FREE_DOMAIN_DIAGNOSIS
D2_ISRUC_TO_SLEEPEDF,DOMAIN_FULL,C3,C0,macro-F1,-0.24718014350834916,-0.28864777081595994,-0.1982160907128243,2000,independent_subject_populations,PRIMARY_TARGET_FREE_DOMAIN_DIAGNOSIS
D2_ISRUC_TO_SLEEPEDF,DOMAIN_FULL,C3,C0,NLL,0.4733749753699432,0.32228484117545225,0.6219883041850425,2000,independent_subject_populations,PRIMARY_TARGET_FREE_DOMAIN_DIAGNOSIS
D2_ISRUC_TO_SLEEPEDF,DOMAIN_FULL,C3,C0,Brier,0.13029361842826614,0.06900306823613758,0.19028084766092035,2000,independent_subject_populations,PRIMARY_TARGET_FREE_DOMAIN_DIAGNOSIS
D2_ISRUC_TO_SLEEPEDF,DOMAIN_FULL,C3,C0,error_AUROC,-0.05865840935757871,nan,nan,0,independent_subject_populations,PRIMARY_TARGET_FREE_DOMAIN_DIAGNOSIS
D2_ISRUC_TO_SLEEPEDF,DOMAIN_FULL,C3,C0,error_AUPRC,0.022874995115069408,nan,nan,0,independent_subject_populations,PRIMARY_TARGET_FREE_DOMAIN_DIAGNOSIS
D2_ISRUC_TO_SLEEPEDF,DOMAIN_FULL,C3,C0,AURC,0.07477756612019966,nan,nan,0,independent_subject_populations,PRIMARY_TARGET_FREE_DOMAIN_DIAGNOSIS
D2_ISRUC_TO_SLEEPEDF,DOMAIN_FULL,C3,C0,gap,0.07445926672946586,0.052008869804324065,0.0949423223582778,2000,independent_subject_populations,PRIMARY_TARGET_FREE_DOMAIN_DIAGNOSIS
D2_ISRUC_TO_SLEEPEDF,DOMAIN_EEG_ONLY,C4,C1,macro-F1,-0.26397241604002936,-0.3133919414703939,-0.2087522461924333,2000,independent_subject_populations,PRIMARY_TARGET_FREE_DOMAIN_DIAGNOSIS
D2_ISRUC_TO_SLEEPEDF,DOMAIN_EEG_ONLY,C4,C1,NLL,0.8112416474545316,0.6176893567911099,0.9970200131434107,2000,independent_subject_populations,PRIMARY_TARGET_FREE_DOMAIN_DIAGNOSIS
D2_ISRUC_TO_SLEEPEDF,DOMAIN_EEG_ONLY,C4,C1,Brier,0.25226793717692914,0.18118621305085753,0.31865387265220296,2000,independent_subject_populations,PRIMARY_TARGET_FREE_DOMAIN_DIAGNOSIS
D2_ISRUC_TO_SLEEPEDF,DOMAIN_EEG_ONLY,C4,C1,error_AUROC,-0.07118509905433397,nan,nan,0,independent_subject_populations,PRIMARY_TARGET_FREE_DOMAIN_DIAGNOSIS
D2_ISRUC_TO_SLEEPEDF,DOMAIN_EEG_ONLY,C4,C1,error_AUPRC,0.09663698091842321,nan,nan,0,independent_subject_populations,PRIMARY_TARGET_FREE_DOMAIN_DIAGNOSIS
D2_ISRUC_TO_SLEEPEDF,DOMAIN_EEG_ONLY,C4,C1,AURC,0.18920268632607873,nan,nan,0,independent_subject_populations,PRIMARY_TARGET_FREE_DOMAIN_DIAGNOSIS
D2_ISRUC_TO_SLEEPEDF,DOMAIN_EEG_ONLY,C4,C1,gap,0.1095265772298644,0.08982691579241588,0.12918047443880323,2000,independent_subject_populations,PRIMARY_TARGET_FREE_DOMAIN_DIAGNOSIS
D2_ISRUC_TO_SLEEPEDF,DOMAIN_EOG_ONLY,C5,C2,macro-F1,-0.12435080659923003,-0.1777711253101917,-0.06021235703984189,2000,independent_subject_populations,PRIMARY_TARGET_FREE_DOMAIN_DIAGNOSIS
D2_ISRUC_TO_SLEEPEDF,DOMAIN_EOG_ONLY,C5,C2,NLL,0.0725723303797922,-0.04476409785293265,0.19209643546006602,2000,independent_subject_populations,PRIMARY_TARGET_FREE_DOMAIN_DIAGNOSIS
D2_ISRUC_TO_SLEEPEDF,DOMAIN_EOG_ONLY,C5,C2,Brier,0.07844246535185007,0.024886535402364247,0.13316269702142047,2000,independent_subject_populations,PRIMARY_TARGET_FREE_DOMAIN_DIAGNOSIS
D2_ISRUC_TO_SLEEPEDF,DOMAIN_EOG_ONLY,C5,C2,error_AUROC,-0.08616524502146095,nan,nan,0,independent_subject_populations,PRIMARY_TARGET_FREE_DOMAIN_DIAGNOSIS
D2_ISRUC_TO_SLEEPEDF,DOMAIN_EOG_ONLY,C5,C2,error_AUPRC,-0.01232934504553492,nan,nan,0,independent_subject_populations,PRIMARY_TARGET_FREE_DOMAIN_DIAGNOSIS
D2_ISRUC_TO_SLEEPEDF,DOMAIN_EOG_ONLY,C5,C2,AURC,0.12771978558214556,nan,nan,0,independent_subject_populations,PRIMARY_TARGET_FREE_DOMAIN_DIAGNOSIS
D2_ISRUC_TO_SLEEPEDF,DOMAIN_EOG_ONLY,C5,C2,gap,0.050325306738574306,0.03721091596959741,0.06344013673084505,2000,independent_subject_populations,PRIMARY_TARGET_FREE_DOMAIN_DIAGNOSIS
