direction,seed,condition,montage,metric,probability_variant,value,subject_count,epoch_count,analysis_scope,interpretation
D1_SLEEPEDF_TO_ISRUC,17,C3,ISRUC_A1A2,macro-F1,UNCALIBRATED,0.4728323648129075,17,15429,PRIMARY_TARGET_FREE_MONTAGE_DIAGNOSIS,MONTAGE_ASSOCIATED_SENSITIVITY
D1_SLEEPEDF_TO_ISRUC,17,C3,ISRUC_A1A2,NLL,UNCALIBRATED,1.798165379759654,17,15429,PRIMARY_TARGET_FREE_MONTAGE_DIAGNOSIS,MONTAGE_ASSOCIATED_SENSITIVITY
D1_SLEEPEDF_TO_ISRUC,17,C3,ISRUC_A1A2,Brier,UNCALIBRATED,0.6595261751136211,17,15429,PRIMARY_TARGET_FREE_MONTAGE_DIAGNOSIS,MONTAGE_ASSOCIATED_SENSITIVITY
D1_SLEEPEDF_TO_ISRUC,17,C3,ISRUC_A1A2,error_entropy_AUROC,UNCALIBRATED,0.685542525883794,17,15429,PRIMARY_TARGET_FREE_MONTAGE_DIAGNOSIS,MONTAGE_ASSOCIATED_SENSITIVITY
D1_SLEEPEDF_TO_ISRUC,17,C3,ISRUC_A1A2,error_entropy_AUPRC,UNCALIBRATED,0.5964919805858919,17,15429,PRIMARY_TARGET_FREE_MONTAGE_DIAGNOSIS,MONTAGE_ASSOCIATED_SENSITIVITY
D1_SLEEPEDF_TO_ISRUC,17,C3,ISRUC_A1A2,entropy_AURC,UNCALIBRATED,0.2912987200893338,17,15429,PRIMARY_TARGET_FREE_MONTAGE_DIAGNOSIS,MONTAGE_ASSOCIATED_SENSITIVITY
D1_SLEEPEDF_TO_ISRUC,17,C3,ISRUC_M1M2,macro-F1,UNCALIBRATED,0.6189783090551882,82,73883,PRIMARY_TARGET_FREE_MONTAGE_DIAGNOSIS,MONTAGE_ASSOCIATED_SENSITIVITY
D1_SLEEPEDF_TO_ISRUC,17,C3,ISRUC_M1M2,NLL,UNCALIBRATED,0.9247235344254736,82,73883,PRIMARY_TARGET_FREE_MONTAGE_DIAGNOSIS,MONTAGE_ASSOCIATED_SENSITIVITY
D1_SLEEPEDF_TO_ISRUC,17,C3,ISRUC_M1M2,Brier,UNCALIBRATED,0.46180249321936523,82,73883,PRIMARY_TARGET_FREE_MONTAGE_DIAGNOSIS,MONTAGE_ASSOCIATED_SENSITIVITY
D1_SLEEPEDF_TO_ISRUC,17,C3,ISRUC_M1M2,error_entropy_AUROC,UNCALIBRATED,0.7409887961527964,82,73883,PRIMARY_TARGET_FREE_MONTAGE_DIAGNOSIS,MONTAGE_ASSOCIATED_SENSITIVITY
D1_SLEEPEDF_TO_ISRUC,17,C3,ISRUC_M1M2,error_entropy_AUPRC,UNCALIBRATED,0.5313050508925828,82,73883,PRIMARY_TARGET_FREE_MONTAGE_DIAGNOSIS,MONTAGE_ASSOCIATED_SENSITIVITY
D1_SLEEPEDF_TO_ISRUC,17,C3,ISRUC_M1M2,entropy_AURC,UNCALIBRATED,0.16145127308871637,82,73883,PRIMARY_TARGET_FREE_MONTAGE_DIAGNOSIS,MONTAGE_ASSOCIATED_SENSITIVITY
D1_SLEEPEDF_TO_ISRUC,17,C4,ISRUC_A1A2,macro-F1,UNCALIBRATED,0.3939420175440712,17,15429,PRIMARY_TARGET_FREE_MONTAGE_DIAGNOSIS,MONTAGE_ASSOCIATED_SENSITIVITY
D1_SLEEPEDF_TO_ISRUC,17,C4,ISRUC_A1A2,NLL,UNCALIBRATED,1.5960610044248267,17,15429,PRIMARY_TARGET_FREE_MONTAGE_DIAGNOSIS,MONTAGE_ASSOCIATED_SENSITIVITY
D1_SLEEPEDF_TO_ISRUC,17,C4,ISRUC_A1A2,Brier,UNCALIBRATED,0.7205003190727548,17,15429,PRIMARY_TARGET_FREE_MONTAGE_DIAGNOSIS,MONTAGE_ASSOCIATED_SENSITIVITY
D1_SLEEPEDF_TO_ISRUC,17,C4,ISRUC_A1A2,error_entropy_AUROC,UNCALIBRATED,0.7078387656947085,17,15429,PRIMARY_TARGET_FREE_MONTAGE_DIAGNOSIS,MONTAGE_ASSOCIATED_SENSITIVITY
D1_SLEEPEDF_TO_ISRUC,17,C4,ISRUC_A1A2,error_entropy_AUPRC,UNCALIBRATED,0.6762382965085827,17,15429,PRIMARY_TARGET_FREE_MONTAGE_DIAGNOSIS,MONTAGE_ASSOCIATED_SENSITIVITY
D1_SLEEPEDF_TO_ISRUC,17,C4,ISRUC_A1A2,entropy_AURC,UNCALIBRATED,0.3272735412671333,17,15429,PRIMARY_TARGET_FREE_MONTAGE_DIAGNOSIS,MONTAGE_ASSOCIATED_SENSITIVITY
D1_SLEEPEDF_TO_ISRUC,17,C4,ISRUC_M1M2,macro-F1,UNCALIBRATED,0.5424977431318198,82,73883,PRIMARY_TARGET_FREE_MONTAGE_DIAGNOSIS,MONTAGE_ASSOCIATED_SENSITIVITY
D1_SLEEPEDF_TO_ISRUC,17,C4,ISRUC_M1M2,NLL,UNCALIBRATED,0.9818656413820729,82,73883,PRIMARY_TARGET_FREE_MONTAGE_DIAGNOSIS,MONTAGE_ASSOCIATED_SENSITIVITY
D1_SLEEPEDF_TO_ISRUC,17,C4,ISRUC_M1M2,Brier,UNCALIBRATED,0.5124167083980415,82,73883,PRIMARY_TARGET_FREE_MONTAGE_DIAGNOSIS,MONTAGE_ASSOCIATED_SENSITIVITY
D1_SLEEPEDF_TO_ISRUC,17,C4,ISRUC_M1M2,error_entropy_AUROC,UNCALIBRATED,0.7053199589963223,82,73883,PRIMARY_TARGET_FREE_MONTAGE_DIAGNOSIS,MONTAGE_ASSOCIATED_SENSITIVITY
D1_SLEEPEDF_TO_ISRUC,17,C4,ISRUC_M1M2,error_entropy_AUPRC,UNCALIBRATED,0.5534149745969111,82,73883,PRIMARY_TARGET_FREE_MONTAGE_DIAGNOSIS,MONTAGE_ASSOCIATED_SENSITIVITY
D1_SLEEPEDF_TO_ISRUC,17,C4,ISRUC_M1M2,entropy_AURC,UNCALIBRATED,0.2194051462574519,82,73883,PRIMARY_TARGET_FREE_MONTAGE_DIAGNOSIS,MONTAGE_ASSOCIATED_SENSITIVITY
D1_SLEEPEDF_TO_ISRUC,17,C5,ISRUC_A1A2,macro-F1,UNCALIBRATED,0.24293600249620534,17,15429,PRIMARY_TARGET_FREE_MONTAGE_DIAGNOSIS,MONTAGE_ASSOCIATED_SENSITIVITY
D1_SLEEPEDF_TO_ISRUC,17,C5,ISRUC_A1A2,NLL,UNCALIBRATED,2.2583937470022195,17,15429,PRIMARY_TARGET_FREE_MONTAGE_DIAGNOSIS,MONTAGE_ASSOCIATED_SENSITIVITY
D1_SLEEPEDF_TO_ISRUC,17,C5,ISRUC_A1A2,Brier,UNCALIBRATED,0.9141449310928014,17,15429,PRIMARY_TARGET_FREE_MONTAGE_DIAGNOSIS,MONTAGE_ASSOCIATED_SENSITIVITY
D1_SLEEPEDF_TO_ISRUC,17,C5,ISRUC_A1A2,error_entropy_AUROC,UNCALIBRATED,0.5895000535364633,17,15429,PRIMARY_TARGET_FREE_MONTAGE_DIAGNOSIS,MONTAGE_ASSOCIATED_SENSITIVITY
D1_SLEEPEDF_TO_ISRUC,17,C5,ISRUC_A1A2,error_entropy_AUPRC,UNCALIBRATED,0.7563335786637373,17,15429,PRIMARY_TARGET_FREE_MONTAGE_DIAGNOSIS,MONTAGE_ASSOCIATED_SENSITIVITY
D1_SLEEPEDF_TO_ISRUC,17,C5,ISRUC_A1A2,entropy_AURC,UNCALIBRATED,0.6145434670035252,17,15429,PRIMARY_TARGET_FREE_MONTAGE_DIAGNOSIS,MONTAGE_ASSOCIATED_SENSITIVITY
D1_SLEEPEDF_TO_ISRUC,17,C5,ISRUC_M1M2,macro-F1,UNCALIBRATED,0.24922531067196535,82,73883,PRIMARY_TARGET_FREE_MONTAGE_DIAGNOSIS,MONTAGE_ASSOCIATED_SENSITIVITY
D1_SLEEPEDF_TO_ISRUC,17,C5,ISRUC_M1M2,NLL,UNCALIBRATED,1.7320300406579199,82,73883,PRIMARY_TARGET_FREE_MONTAGE_DIAGNOSIS,MONTAGE_ASSOCIATED_SENSITIVITY
D1_SLEEPEDF_TO_ISRUC,17,C5,ISRUC_M1M2,Brier,UNCALIBRATED,0.8924833024982994,82,73883,PRIMARY_TARGET_FREE_MONTAGE_DIAGNOSIS,MONTAGE_ASSOCIATED_SENSITIVITY
D1_SLEEPEDF_TO_ISRUC,17,C5,ISRUC_M1M2,error_entropy_AUROC,UNCALIBRATED,0.581395514414812,82,73883,PRIMARY_TARGET_FREE_MONTAGE_DIAGNOSIS,MONTAGE_ASSOCIATED_SENSITIVITY
D1_SLEEPEDF_TO_ISRUC,17,C5,ISRUC_M1M2,error_entropy_AUPRC,UNCALIBRATED,0.7358126018474592,82,73883,PRIMARY_TARGET_FREE_MONTAGE_DIAGNOSIS,MONTAGE_ASSOCIATED_SENSITIVITY
D1_SLEEPEDF_TO_ISRUC,17,C5,ISRUC_M1M2,entropy_AURC,UNCALIBRATED,0.6229943608092363,82,73883,PRIMARY_TARGET_FREE_MONTAGE_DIAGNOSIS,MONTAGE_ASSOCIATED_SENSITIVITY
D1_SLEEPEDF_TO_ISRUC,42,C3,ISRUC_A1A2,macro-F1,UNCALIBRATED,0.5211058682133094,17,15429,PRIMARY_TARGET_FREE_MONTAGE_DIAGNOSIS,MONTAGE_ASSOCIATED_SENSITIVITY
D1_SLEEPEDF_TO_ISRUC,42,C3,ISRUC_A1A2,NLL,UNCALIBRATED,1.5538092621821153,17,15429,PRIMARY_TARGET_FREE_MONTAGE_DIAGNOSIS,MONTAGE_ASSOCIATED_SENSITIVITY
D1_SLEEPEDF_TO_ISRUC,42,C3,ISRUC_A1A2,Brier,UNCALIBRATED,0.5976117910876267,17,15429,PRIMARY_TARGET_FREE_MONTAGE_DIAGNOSIS,MONTAGE_ASSOCIATED_SENSITIVITY
D1_SLEEPEDF_TO_ISRUC,42,C3,ISRUC_A1A2,error_entropy_AUROC,UNCALIBRATED,0.6488692083969877,17,15429,PRIMARY_TARGET_FREE_MONTAGE_DIAGNOSIS,MONTAGE_ASSOCIATED_SENSITIVITY
D1_SLEEPEDF_TO_ISRUC,42,C3,ISRUC_A1A2,error_entropy_AUPRC,UNCALIBRATED,0.5476306799426601,17,15429,PRIMARY_TARGET_FREE_MONTAGE_DIAGNOSIS,MONTAGE_ASSOCIATED_SENSITIVITY
D1_SLEEPEDF_TO_ISRUC,42,C3,ISRUC_A1A2,entropy_AURC,UNCALIBRATED,0.29753858892115975,17,15429,PRIMARY_TARGET_FREE_MONTAGE_DIAGNOSIS,MONTAGE_ASSOCIATED_SENSITIVITY
D1_SLEEPEDF_TO_ISRUC,42,C3,ISRUC_M1M2,macro-F1,UNCALIBRATED,0.6051823099349507,82,73883,PRIMARY_TARGET_FREE_MONTAGE_DIAGNOSIS,MONTAGE_ASSOCIATED_SENSITIVITY
D1_SLEEPEDF_TO_ISRUC,42,C3,ISRUC_M1M2,NLL,UNCALIBRATED,0.9209149765397066,82,73883,PRIMARY_TARGET_FREE_MONTAGE_DIAGNOSIS,MONTAGE_ASSOCIATED_SENSITIVITY
D1_SLEEPEDF_TO_ISRUC,42,C3,ISRUC_M1M2,Brier,UNCALIBRATED,0.46834578892472095,82,73883,PRIMARY_TARGET_FREE_MONTAGE_DIAGNOSIS,MONTAGE_ASSOCIATED_SENSITIVITY
D1_SLEEPEDF_TO_ISRUC,42,C3,ISRUC_M1M2,error_entropy_AUROC,UNCALIBRATED,0.7367098507546962,82,73883,PRIMARY_TARGET_FREE_MONTAGE_DIAGNOSIS,MONTAGE_ASSOCIATED_SENSITIVITY
D1_SLEEPEDF_TO_ISRUC,42,C3,ISRUC_M1M2,error_entropy_AUPRC,UNCALIBRATED,0.5274844541193033,82,73883,PRIMARY_TARGET_FREE_MONTAGE_DIAGNOSIS,MONTAGE_ASSOCIATED_SENSITIVITY
D1_SLEEPEDF_TO_ISRUC,42,C3,ISRUC_M1M2,entropy_AURC,UNCALIBRATED,0.1663152688049593,82,73883,PRIMARY_TARGET_FREE_MONTAGE_DIAGNOSIS,MONTAGE_ASSOCIATED_SENSITIVITY
D1_SLEEPEDF_TO_ISRUC,42,C4,ISRUC_A1A2,macro-F1,UNCALIBRATED,0.4086713870142634,17,15429,PRIMARY_TARGET_FREE_MONTAGE_DIAGNOSIS,MONTAGE_ASSOCIATED_SENSITIVITY
D1_SLEEPEDF_TO_ISRUC,42,C4,ISRUC_A1A2,NLL,UNCALIBRATED,1.422199001295629,17,15429,PRIMARY_TARGET_FREE_MONTAGE_DIAGNOSIS,MONTAGE_ASSOCIATED_SENSITIVITY
D1_SLEEPEDF_TO_ISRUC,42,C4,ISRUC_A1A2,Brier,UNCALIBRATED,0.6867740541983924,17,15429,PRIMARY_TARGET_FREE_MONTAGE_DIAGNOSIS,MONTAGE_ASSOCIATED_SENSITIVITY
D1_SLEEPEDF_TO_ISRUC,42,C4,ISRUC_A1A2,error_entropy_AUROC,UNCALIBRATED,0.6638651453490433,17,15429,PRIMARY_TARGET_FREE_MONTAGE_DIAGNOSIS,MONTAGE_ASSOCIATED_SENSITIVITY
D1_SLEEPEDF_TO_ISRUC,42,C4,ISRUC_A1A2,error_entropy_AUPRC,UNCALIBRATED,0.6369299539321496,17,15429,PRIMARY_TARGET_FREE_MONTAGE_DIAGNOSIS,MONTAGE_ASSOCIATED_SENSITIVITY
D1_SLEEPEDF_TO_ISRUC,42,C4,ISRUC_A1A2,entropy_AURC,UNCALIBRATED,0.3596650963595085,17,15429,PRIMARY_TARGET_FREE_MONTAGE_DIAGNOSIS,MONTAGE_ASSOCIATED_SENSITIVITY
D1_SLEEPEDF_TO_ISRUC,42,C4,ISRUC_M1M2,macro-F1,UNCALIBRATED,0.5188935376520583,82,73883,PRIMARY_TARGET_FREE_MONTAGE_DIAGNOSIS,MONTAGE_ASSOCIATED_SENSITIVITY
D1_SLEEPEDF_TO_ISRUC,42,C4,ISRUC_M1M2,NLL,UNCALIBRATED,1.0574543213283374,82,73883,PRIMARY_TARGET_FREE_MONTAGE_DIAGNOSIS,MONTAGE_ASSOCIATED_SENSITIVITY
D1_SLEEPEDF_TO_ISRUC,42,C4,ISRUC_M1M2,Brier,UNCALIBRATED,0.5409598449108683,82,73883,PRIMARY_TARGET_FREE_MONTAGE_DIAGNOSIS,MONTAGE_ASSOCIATED_SENSITIVITY
D1_SLEEPEDF_TO_ISRUC,42,C4,ISRUC_M1M2,error_entropy_AUROC,UNCALIBRATED,0.6872278936858398,82,73883,PRIMARY_TARGET_FREE_MONTAGE_DIAGNOSIS,MONTAGE_ASSOCIATED_SENSITIVITY
D1_SLEEPEDF_TO_ISRUC,42,C4,ISRUC_M1M2,error_entropy_AUPRC,UNCALIBRATED,0.5632380906368486,82,73883,PRIMARY_TARGET_FREE_MONTAGE_DIAGNOSIS,MONTAGE_ASSOCIATED_SENSITIVITY
D1_SLEEPEDF_TO_ISRUC,42,C4,ISRUC_M1M2,entropy_AURC,UNCALIBRATED,0.2566576887015881,82,73883,PRIMARY_TARGET_FREE_MONTAGE_DIAGNOSIS,MONTAGE_ASSOCIATED_SENSITIVITY
D1_SLEEPEDF_TO_ISRUC,42,C5,ISRUC_A1A2,macro-F1,UNCALIBRATED,0.2633299715647685,17,15429,PRIMARY_TARGET_FREE_MONTAGE_DIAGNOSIS,MONTAGE_ASSOCIATED_SENSITIVITY
D1_SLEEPEDF_TO_ISRUC,42,C5,ISRUC_A1A2,NLL,UNCALIBRATED,1.844337344261651,17,15429,PRIMARY_TARGET_FREE_MONTAGE_DIAGNOSIS,MONTAGE_ASSOCIATED_SENSITIVITY
D1_SLEEPEDF_TO_ISRUC,42,C5,ISRUC_A1A2,Brier,UNCALIBRATED,0.8481654259881548,17,15429,PRIMARY_TARGET_FREE_MONTAGE_DIAGNOSIS,MONTAGE_ASSOCIATED_SENSITIVITY
D1_SLEEPEDF_TO_ISRUC,42,C5,ISRUC_A1A2,error_entropy_AUROC,UNCALIBRATED,0.6400706531077796,17,15429,PRIMARY_TARGET_FREE_MONTAGE_DIAGNOSIS,MONTAGE_ASSOCIATED_SENSITIVITY
D1_SLEEPEDF_TO_ISRUC,42,C5,ISRUC_A1A2,error_entropy_AUPRC,UNCALIBRATED,0.7576291155054045,17,15429,PRIMARY_TARGET_FREE_MONTAGE_DIAGNOSIS,MONTAGE_ASSOCIATED_SENSITIVITY
D1_SLEEPEDF_TO_ISRUC,42,C5,ISRUC_A1A2,entropy_AURC,UNCALIBRATED,0.5508435224646211,17,15429,PRIMARY_TARGET_FREE_MONTAGE_DIAGNOSIS,MONTAGE_ASSOCIATED_SENSITIVITY
D1_SLEEPEDF_TO_ISRUC,42,C5,ISRUC_M1M2,macro-F1,UNCALIBRATED,0.2598083345571126,82,73883,PRIMARY_TARGET_FREE_MONTAGE_DIAGNOSIS,MONTAGE_ASSOCIATED_SENSITIVITY
D1_SLEEPEDF_TO_ISRUC,42,C5,ISRUC_M1M2,NLL,UNCALIBRATED,1.6935809419266297,82,73883,PRIMARY_TARGET_FREE_MONTAGE_DIAGNOSIS,MONTAGE_ASSOCIATED_SENSITIVITY
D1_SLEEPEDF_TO_ISRUC,42,C5,ISRUC_M1M2,Brier,UNCALIBRATED,0.8779133124476013,82,73883,PRIMARY_TARGET_FREE_MONTAGE_DIAGNOSIS,MONTAGE_ASSOCIATED_SENSITIVITY
D1_SLEEPEDF_TO_ISRUC,42,C5,ISRUC_M1M2,error_entropy_AUROC,UNCALIBRATED,0.49701277525479015,82,73883,PRIMARY_TARGET_FREE_MONTAGE_DIAGNOSIS,MONTAGE_ASSOCIATED_SENSITIVITY
D1_SLEEPEDF_TO_ISRUC,42,C5,ISRUC_M1M2,error_entropy_AUPRC,UNCALIBRATED,0.6776428410093076,82,73883,PRIMARY_TARGET_FREE_MONTAGE_DIAGNOSIS,MONTAGE_ASSOCIATED_SENSITIVITY
D1_SLEEPEDF_TO_ISRUC,42,C5,ISRUC_M1M2,entropy_AURC,UNCALIBRATED,0.6544788677482241,82,73883,PRIMARY_TARGET_FREE_MONTAGE_DIAGNOSIS,MONTAGE_ASSOCIATED_SENSITIVITY
D1_SLEEPEDF_TO_ISRUC,2026,C3,ISRUC_A1A2,macro-F1,UNCALIBRATED,0.45280014042422456,17,15429,PRIMARY_TARGET_FREE_MONTAGE_DIAGNOSIS,MONTAGE_ASSOCIATED_SENSITIVITY
D1_SLEEPEDF_TO_ISRUC,2026,C3,ISRUC_A1A2,NLL,UNCALIBRATED,2.0324638563230613,17,15429,PRIMARY_TARGET_FREE_MONTAGE_DIAGNOSIS,MONTAGE_ASSOCIATED_SENSITIVITY
D1_SLEEPEDF_TO_ISRUC,2026,C3,ISRUC_A1A2,Brier,UNCALIBRATED,0.7009827163463328,17,15429,PRIMARY_TARGET_FREE_MONTAGE_DIAGNOSIS,MONTAGE_ASSOCIATED_SENSITIVITY
D1_SLEEPEDF_TO_ISRUC,2026,C3,ISRUC_A1A2,error_entropy_AUROC,UNCALIBRATED,0.6913418516091685,17,15429,PRIMARY_TARGET_FREE_MONTAGE_DIAGNOSIS,MONTAGE_ASSOCIATED_SENSITIVITY
D1_SLEEPEDF_TO_ISRUC,2026,C3,ISRUC_A1A2,error_entropy_AUPRC,UNCALIBRATED,0.6410248131482019,17,15429,PRIMARY_TARGET_FREE_MONTAGE_DIAGNOSIS,MONTAGE_ASSOCIATED_SENSITIVITY
D1_SLEEPEDF_TO_ISRUC,2026,C3,ISRUC_A1A2,entropy_AURC,UNCALIBRATED,0.3299398179939314,17,15429,PRIMARY_TARGET_FREE_MONTAGE_DIAGNOSIS,MONTAGE_ASSOCIATED_SENSITIVITY
D1_SLEEPEDF_TO_ISRUC,2026,C3,ISRUC_M1M2,macro-F1,UNCALIBRATED,0.6133093754277827,82,73883,PRIMARY_TARGET_FREE_MONTAGE_DIAGNOSIS,MONTAGE_ASSOCIATED_SENSITIVITY
D1_SLEEPEDF_TO_ISRUC,2026,C3,ISRUC_M1M2,NLL,UNCALIBRATED,0.9981297418776457,82,73883,PRIMARY_TARGET_FREE_MONTAGE_DIAGNOSIS,MONTAGE_ASSOCIATED_SENSITIVITY
D1_SLEEPEDF_TO_ISRUC,2026,C3,ISRUC_M1M2,Brier,UNCALIBRATED,0.4818083457910786,82,73883,PRIMARY_TARGET_FREE_MONTAGE_DIAGNOSIS,MONTAGE_ASSOCIATED_SENSITIVITY
D1_SLEEPEDF_TO_ISRUC,2026,C3,ISRUC_M1M2,error_entropy_AUROC,UNCALIBRATED,0.7240453694677266,82,73883,PRIMARY_TARGET_FREE_MONTAGE_DIAGNOSIS,MONTAGE_ASSOCIATED_SENSITIVITY
D1_SLEEPEDF_TO_ISRUC,2026,C3,ISRUC_M1M2,error_entropy_AUPRC,UNCALIBRATED,0.5295557351597076,82,73883,PRIMARY_TARGET_FREE_MONTAGE_DIAGNOSIS,MONTAGE_ASSOCIATED_SENSITIVITY
D1_SLEEPEDF_TO_ISRUC,2026,C3,ISRUC_M1M2,entropy_AURC,UNCALIBRATED,0.18224925905986153,82,73883,PRIMARY_TARGET_FREE_MONTAGE_DIAGNOSIS,MONTAGE_ASSOCIATED_SENSITIVITY
D1_SLEEPEDF_TO_ISRUC,2026,C4,ISRUC_A1A2,macro-F1,UNCALIBRATED,0.3727618908930364,17,15429,PRIMARY_TARGET_FREE_MONTAGE_DIAGNOSIS,MONTAGE_ASSOCIATED_SENSITIVITY
D1_SLEEPEDF_TO_ISRUC,2026,C4,ISRUC_A1A2,NLL,UNCALIBRATED,1.5741535600492496,17,15429,PRIMARY_TARGET_FREE_MONTAGE_DIAGNOSIS,MONTAGE_ASSOCIATED_SENSITIVITY
D1_SLEEPEDF_TO_ISRUC,2026,C4,ISRUC_A1A2,Brier,UNCALIBRATED,0.7081976632653013,17,15429,PRIMARY_TARGET_FREE_MONTAGE_DIAGNOSIS,MONTAGE_ASSOCIATED_SENSITIVITY
D1_SLEEPEDF_TO_ISRUC,2026,C4,ISRUC_A1A2,error_entropy_AUROC,UNCALIBRATED,0.7285393976164791,17,15429,PRIMARY_TARGET_FREE_MONTAGE_DIAGNOSIS,MONTAGE_ASSOCIATED_SENSITIVITY
D1_SLEEPEDF_TO_ISRUC,2026,C4,ISRUC_A1A2,error_entropy_AUPRC,UNCALIBRATED,0.7156090596056205,17,15429,PRIMARY_TARGET_FREE_MONTAGE_DIAGNOSIS,MONTAGE_ASSOCIATED_SENSITIVITY
D1_SLEEPEDF_TO_ISRUC,2026,C4,ISRUC_A1A2,entropy_AURC,UNCALIBRATED,0.345605415617245,17,15429,PRIMARY_TARGET_FREE_MONTAGE_DIAGNOSIS,MONTAGE_ASSOCIATED_SENSITIVITY
D1_SLEEPEDF_TO_ISRUC,2026,C4,ISRUC_M1M2,macro-F1,UNCALIBRATED,0.5281007352855193,82,73883,PRIMARY_TARGET_FREE_MONTAGE_DIAGNOSIS,MONTAGE_ASSOCIATED_SENSITIVITY
D1_SLEEPEDF_TO_ISRUC,2026,C4,ISRUC_M1M2,NLL,UNCALIBRATED,1.0534004060566944,82,73883,PRIMARY_TARGET_FREE_MONTAGE_DIAGNOSIS,MONTAGE_ASSOCIATED_SENSITIVITY
D1_SLEEPEDF_TO_ISRUC,2026,C4,ISRUC_M1M2,Brier,UNCALIBRATED,0.5346025992447934,82,73883,PRIMARY_TARGET_FREE_MONTAGE_DIAGNOSIS,MONTAGE_ASSOCIATED_SENSITIVITY
D1_SLEEPEDF_TO_ISRUC,2026,C4,ISRUC_M1M2,error_entropy_AUROC,UNCALIBRATED,0.6939019377734296,82,73883,PRIMARY_TARGET_FREE_MONTAGE_DIAGNOSIS,MONTAGE_ASSOCIATED_SENSITIVITY
D1_SLEEPEDF_TO_ISRUC,2026,C4,ISRUC_M1M2,error_entropy_AUPRC,UNCALIBRATED,0.5592142281796822,82,73883,PRIMARY_TARGET_FREE_MONTAGE_DIAGNOSIS,MONTAGE_ASSOCIATED_SENSITIVITY
D1_SLEEPEDF_TO_ISRUC,2026,C4,ISRUC_M1M2,entropy_AURC,UNCALIBRATED,0.24790011809744233,82,73883,PRIMARY_TARGET_FREE_MONTAGE_DIAGNOSIS,MONTAGE_ASSOCIATED_SENSITIVITY
D1_SLEEPEDF_TO_ISRUC,2026,C5,ISRUC_A1A2,macro-F1,UNCALIBRATED,0.2316486624198079,17,15429,PRIMARY_TARGET_FREE_MONTAGE_DIAGNOSIS,MONTAGE_ASSOCIATED_SENSITIVITY
D1_SLEEPEDF_TO_ISRUC,2026,C5,ISRUC_A1A2,NLL,UNCALIBRATED,2.29755526874635,17,15429,PRIMARY_TARGET_FREE_MONTAGE_DIAGNOSIS,MONTAGE_ASSOCIATED_SENSITIVITY
D1_SLEEPEDF_TO_ISRUC,2026,C5,ISRUC_A1A2,Brier,UNCALIBRATED,0.9323587292641641,17,15429,PRIMARY_TARGET_FREE_MONTAGE_DIAGNOSIS,MONTAGE_ASSOCIATED_SENSITIVITY
D1_SLEEPEDF_TO_ISRUC,2026,C5,ISRUC_A1A2,error_entropy_AUROC,UNCALIBRATED,0.602450131681887,17,15429,PRIMARY_TARGET_FREE_MONTAGE_DIAGNOSIS,MONTAGE_ASSOCIATED_SENSITIVITY
D1_SLEEPEDF_TO_ISRUC,2026,C5,ISRUC_A1A2,error_entropy_AUPRC,UNCALIBRATED,0.7978633147721244,17,15429,PRIMARY_TARGET_FREE_MONTAGE_DIAGNOSIS,MONTAGE_ASSOCIATED_SENSITIVITY
D1_SLEEPEDF_TO_ISRUC,2026,C5,ISRUC_A1A2,entropy_AURC,UNCALIBRATED,0.6394119517033022,17,15429,PRIMARY_TARGET_FREE_MONTAGE_DIAGNOSIS,MONTAGE_ASSOCIATED_SENSITIVITY
D1_SLEEPEDF_TO_ISRUC,2026,C5,ISRUC_M1M2,macro-F1,UNCALIBRATED,0.34299142976573593,82,73883,PRIMARY_TARGET_FREE_MONTAGE_DIAGNOSIS,MONTAGE_ASSOCIATED_SENSITIVITY
D1_SLEEPEDF_TO_ISRUC,2026,C5,ISRUC_M1M2,NLL,UNCALIBRATED,1.499602764907937,82,73883,PRIMARY_TARGET_FREE_MONTAGE_DIAGNOSIS,MONTAGE_ASSOCIATED_SENSITIVITY
D1_SLEEPEDF_TO_ISRUC,2026,C5,ISRUC_M1M2,Brier,UNCALIBRATED,0.7599655405336986,82,73883,PRIMARY_TARGET_FREE_MONTAGE_DIAGNOSIS,MONTAGE_ASSOCIATED_SENSITIVITY
D1_SLEEPEDF_TO_ISRUC,2026,C5,ISRUC_M1M2,error_entropy_AUROC,UNCALIBRATED,0.5936163808614725,82,73883,PRIMARY_TARGET_FREE_MONTAGE_DIAGNOSIS,MONTAGE_ASSOCIATED_SENSITIVITY
D1_SLEEPEDF_TO_ISRUC,2026,C5,ISRUC_M1M2,error_entropy_AUPRC,UNCALIBRATED,0.6563037642296736,82,73883,PRIMARY_TARGET_FREE_MONTAGE_DIAGNOSIS,MONTAGE_ASSOCIATED_SENSITIVITY
D1_SLEEPEDF_TO_ISRUC,2026,C5,ISRUC_M1M2,entropy_AURC,UNCALIBRATED,0.5122811267191819,82,73883,PRIMARY_TARGET_FREE_MONTAGE_DIAGNOSIS,MONTAGE_ASSOCIATED_SENSITIVITY
D2_ISRUC_TO_SLEEPEDF,17,C0,ISRUC_A1A2,macro-F1,UNCALIBRATED,0.6215025504907583,2,1746,PRIMARY_TARGET_FREE_MONTAGE_DIAGNOSIS,MONTAGE_ASSOCIATED_SENSITIVITY
D2_ISRUC_TO_SLEEPEDF,17,C0,ISRUC_A1A2,NLL,UNCALIBRATED,0.6527533732833861,2,1746,PRIMARY_TARGET_FREE_MONTAGE_DIAGNOSIS,MONTAGE_ASSOCIATED_SENSITIVITY
D2_ISRUC_TO_SLEEPEDF,17,C0,ISRUC_A1A2,Brier,UNCALIBRATED,0.3241553842906904,2,1746,PRIMARY_TARGET_FREE_MONTAGE_DIAGNOSIS,MONTAGE_ASSOCIATED_SENSITIVITY
D2_ISRUC_TO_SLEEPEDF,17,C0,ISRUC_A1A2,error_entropy_AUROC,UNCALIBRATED,0.8353538351065389,2,1746,PRIMARY_TARGET_FREE_MONTAGE_DIAGNOSIS,MONTAGE_ASSOCIATED_SENSITIVITY
D2_ISRUC_TO_SLEEPEDF,17,C0,ISRUC_A1A2,error_entropy_AUPRC,UNCALIBRATED,0.561725470154075,2,1746,PRIMARY_TARGET_FREE_MONTAGE_DIAGNOSIS,MONTAGE_ASSOCIATED_SENSITIVITY
D2_ISRUC_TO_SLEEPEDF,17,C0,ISRUC_A1A2,entropy_AURC,UNCALIBRATED,0.07521497923798504,2,1746,PRIMARY_TARGET_FREE_MONTAGE_DIAGNOSIS,MONTAGE_ASSOCIATED_SENSITIVITY
D2_ISRUC_TO_SLEEPEDF,17,C0,ISRUC_M1M2,macro-F1,UNCALIBRATED,0.7434322246598702,13,11845,PRIMARY_TARGET_FREE_MONTAGE_DIAGNOSIS,MONTAGE_ASSOCIATED_SENSITIVITY
D2_ISRUC_TO_SLEEPEDF,17,C0,ISRUC_M1M2,NLL,UNCALIBRATED,0.6193334454524454,13,11845,PRIMARY_TARGET_FREE_MONTAGE_DIAGNOSIS,MONTAGE_ASSOCIATED_SENSITIVITY
D2_ISRUC_TO_SLEEPEDF,17,C0,ISRUC_M1M2,Brier,UNCALIBRATED,0.33482832298912385,13,11845,PRIMARY_TARGET_FREE_MONTAGE_DIAGNOSIS,MONTAGE_ASSOCIATED_SENSITIVITY
D2_ISRUC_TO_SLEEPEDF,17,C0,ISRUC_M1M2,error_entropy_AUROC,UNCALIBRATED,0.8152776112636797,13,11845,PRIMARY_TARGET_FREE_MONTAGE_DIAGNOSIS,MONTAGE_ASSOCIATED_SENSITIVITY
D2_ISRUC_TO_SLEEPEDF,17,C0,ISRUC_M1M2,error_entropy_AUPRC,UNCALIBRATED,0.5205565545696418,13,11845,PRIMARY_TARGET_FREE_MONTAGE_DIAGNOSIS,MONTAGE_ASSOCIATED_SENSITIVITY
D2_ISRUC_TO_SLEEPEDF,17,C0,ISRUC_M1M2,entropy_AURC,UNCALIBRATED,0.08243033033638829,13,11845,PRIMARY_TARGET_FREE_MONTAGE_DIAGNOSIS,MONTAGE_ASSOCIATED_SENSITIVITY
D2_ISRUC_TO_SLEEPEDF,17,C1,ISRUC_A1A2,macro-F1,UNCALIBRATED,0.44483630540457175,2,1746,PRIMARY_TARGET_FREE_MONTAGE_DIAGNOSIS,MONTAGE_ASSOCIATED_SENSITIVITY
D2_ISRUC_TO_SLEEPEDF,17,C1,ISRUC_A1A2,NLL,UNCALIBRATED,1.1170427404123124,2,1746,PRIMARY_TARGET_FREE_MONTAGE_DIAGNOSIS,MONTAGE_ASSOCIATED_SENSITIVITY
D2_ISRUC_TO_SLEEPEDF,17,C1,ISRUC_A1A2,Brier,UNCALIBRATED,0.550612258849387,2,1746,PRIMARY_TARGET_FREE_MONTAGE_DIAGNOSIS,MONTAGE_ASSOCIATED_SENSITIVITY
D2_ISRUC_TO_SLEEPEDF,17,C1,ISRUC_A1A2,error_entropy_AUROC,UNCALIBRATED,0.7875587873477473,2,1746,PRIMARY_TARGET_FREE_MONTAGE_DIAGNOSIS,MONTAGE_ASSOCIATED_SENSITIVITY
D2_ISRUC_TO_SLEEPEDF,17,C1,ISRUC_A1A2,error_entropy_AUPRC,UNCALIBRATED,0.7143063807870144,2,1746,PRIMARY_TARGET_FREE_MONTAGE_DIAGNOSIS,MONTAGE_ASSOCIATED_SENSITIVITY
D2_ISRUC_TO_SLEEPEDF,17,C1,ISRUC_A1A2,entropy_AURC,UNCALIBRATED,0.21321757354504042,2,1746,PRIMARY_TARGET_FREE_MONTAGE_DIAGNOSIS,MONTAGE_ASSOCIATED_SENSITIVITY
D2_ISRUC_TO_SLEEPEDF,17,C1,ISRUC_M1M2,macro-F1,UNCALIBRATED,0.6771922499849328,13,11845,PRIMARY_TARGET_FREE_MONTAGE_DIAGNOSIS,MONTAGE_ASSOCIATED_SENSITIVITY
D2_ISRUC_TO_SLEEPEDF,17,C1,ISRUC_M1M2,NLL,UNCALIBRATED,0.7296911225111296,13,11845,PRIMARY_TARGET_FREE_MONTAGE_DIAGNOSIS,MONTAGE_ASSOCIATED_SENSITIVITY
D2_ISRUC_TO_SLEEPEDF,17,C1,ISRUC_M1M2,Brier,UNCALIBRATED,0.39977107049258587,13,11845,PRIMARY_TARGET_FREE_MONTAGE_DIAGNOSIS,MONTAGE_ASSOCIATED_SENSITIVITY
D2_ISRUC_TO_SLEEPEDF,17,C1,ISRUC_M1M2,error_entropy_AUROC,UNCALIBRATED,0.7728217434725106,13,11845,PRIMARY_TARGET_FREE_MONTAGE_DIAGNOSIS,MONTAGE_ASSOCIATED_SENSITIVITY
D2_ISRUC_TO_SLEEPEDF,17,C1,ISRUC_M1M2,error_entropy_AUPRC,UNCALIBRATED,0.5301506097573307,13,11845,PRIMARY_TARGET_FREE_MONTAGE_DIAGNOSIS,MONTAGE_ASSOCIATED_SENSITIVITY
D2_ISRUC_TO_SLEEPEDF,17,C1,ISRUC_M1M2,entropy_AURC,UNCALIBRATED,0.1289224009805055,13,11845,PRIMARY_TARGET_FREE_MONTAGE_DIAGNOSIS,MONTAGE_ASSOCIATED_SENSITIVITY
D2_ISRUC_TO_SLEEPEDF,17,C2,ISRUC_A1A2,macro-F1,UNCALIBRATED,0.44542855816816085,2,1746,PRIMARY_TARGET_FREE_MONTAGE_DIAGNOSIS,MONTAGE_ASSOCIATED_SENSITIVITY
D2_ISRUC_TO_SLEEPEDF,17,C2,ISRUC_A1A2,NLL,UNCALIBRATED,1.0300307207914154,2,1746,PRIMARY_TARGET_FREE_MONTAGE_DIAGNOSIS,MONTAGE_ASSOCIATED_SENSITIVITY
D2_ISRUC_TO_SLEEPEDF,17,C2,ISRUC_A1A2,Brier,UNCALIBRATED,0.5396772369000935,2,1746,PRIMARY_TARGET_FREE_MONTAGE_DIAGNOSIS,MONTAGE_ASSOCIATED_SENSITIVITY
D2_ISRUC_TO_SLEEPEDF,17,C2,ISRUC_A1A2,error_entropy_AUROC,UNCALIBRATED,0.7219275067339455,2,1746,PRIMARY_TARGET_FREE_MONTAGE_DIAGNOSIS,MONTAGE_ASSOCIATED_SENSITIVITY
D2_ISRUC_TO_SLEEPEDF,17,C2,ISRUC_A1A2,error_entropy_AUPRC,UNCALIBRATED,0.5835081729348042,2,1746,PRIMARY_TARGET_FREE_MONTAGE_DIAGNOSIS,MONTAGE_ASSOCIATED_SENSITIVITY
D2_ISRUC_TO_SLEEPEDF,17,C2,ISRUC_A1A2,entropy_AURC,UNCALIBRATED,0.23200949685257624,2,1746,PRIMARY_TARGET_FREE_MONTAGE_DIAGNOSIS,MONTAGE_ASSOCIATED_SENSITIVITY
D2_ISRUC_TO_SLEEPEDF,17,C2,ISRUC_M1M2,macro-F1,UNCALIBRATED,0.4603536236392795,13,11845,PRIMARY_TARGET_FREE_MONTAGE_DIAGNOSIS,MONTAGE_ASSOCIATED_SENSITIVITY
D2_ISRUC_TO_SLEEPEDF,17,C2,ISRUC_M1M2,NLL,UNCALIBRATED,1.2349392069406497,13,11845,PRIMARY_TARGET_FREE_MONTAGE_DIAGNOSIS,MONTAGE_ASSOCIATED_SENSITIVITY
D2_ISRUC_TO_SLEEPEDF,17,C2,ISRUC_M1M2,Brier,UNCALIBRATED,0.6294752875077994,13,11845,PRIMARY_TARGET_FREE_MONTAGE_DIAGNOSIS,MONTAGE_ASSOCIATED_SENSITIVITY
D2_ISRUC_TO_SLEEPEDF,17,C2,ISRUC_M1M2,error_entropy_AUROC,UNCALIBRATED,0.6823367297137167,13,11845,PRIMARY_TARGET_FREE_MONTAGE_DIAGNOSIS,MONTAGE_ASSOCIATED_SENSITIVITY
D2_ISRUC_TO_SLEEPEDF,17,C2,ISRUC_M1M2,error_entropy_AUPRC,UNCALIBRATED,0.6224941288985828,13,11845,PRIMARY_TARGET_FREE_MONTAGE_DIAGNOSIS,MONTAGE_ASSOCIATED_SENSITIVITY
D2_ISRUC_TO_SLEEPEDF,17,C2,ISRUC_M1M2,entropy_AURC,UNCALIBRATED,0.3205378980570409,13,11845,PRIMARY_TARGET_FREE_MONTAGE_DIAGNOSIS,MONTAGE_ASSOCIATED_SENSITIVITY
D2_ISRUC_TO_SLEEPEDF,42,C0,ISRUC_A1A2,macro-F1,UNCALIBRATED,0.5976766699921737,2,1746,PRIMARY_TARGET_FREE_MONTAGE_DIAGNOSIS,MONTAGE_ASSOCIATED_SENSITIVITY
D2_ISRUC_TO_SLEEPEDF,42,C0,ISRUC_A1A2,NLL,UNCALIBRATED,0.7080013817361375,2,1746,PRIMARY_TARGET_FREE_MONTAGE_DIAGNOSIS,MONTAGE_ASSOCIATED_SENSITIVITY
D2_ISRUC_TO_SLEEPEDF,42,C0,ISRUC_A1A2,Brier,UNCALIBRATED,0.3475682483849872,2,1746,PRIMARY_TARGET_FREE_MONTAGE_DIAGNOSIS,MONTAGE_ASSOCIATED_SENSITIVITY
D2_ISRUC_TO_SLEEPEDF,42,C0,ISRUC_A1A2,error_entropy_AUROC,UNCALIBRATED,0.8270425760685909,2,1746,PRIMARY_TARGET_FREE_MONTAGE_DIAGNOSIS,MONTAGE_ASSOCIATED_SENSITIVITY
D2_ISRUC_TO_SLEEPEDF,42,C0,ISRUC_A1A2,error_entropy_AUPRC,UNCALIBRATED,0.5531097932262169,2,1746,PRIMARY_TARGET_FREE_MONTAGE_DIAGNOSIS,MONTAGE_ASSOCIATED_SENSITIVITY
D2_ISRUC_TO_SLEEPEDF,42,C0,ISRUC_A1A2,entropy_AURC,UNCALIBRATED,0.0863810368508152,2,1746,PRIMARY_TARGET_FREE_MONTAGE_DIAGNOSIS,MONTAGE_ASSOCIATED_SENSITIVITY
D2_ISRUC_TO_SLEEPEDF,42,C0,ISRUC_M1M2,macro-F1,UNCALIBRATED,0.7416781020113934,13,11845,PRIMARY_TARGET_FREE_MONTAGE_DIAGNOSIS,MONTAGE_ASSOCIATED_SENSITIVITY
D2_ISRUC_TO_SLEEPEDF,42,C0,ISRUC_M1M2,NLL,UNCALIBRATED,0.6355035104049627,13,11845,PRIMARY_TARGET_FREE_MONTAGE_DIAGNOSIS,MONTAGE_ASSOCIATED_SENSITIVITY
D2_ISRUC_TO_SLEEPEDF,42,C0,ISRUC_M1M2,Brier,UNCALIBRATED,0.34178158520600727,13,11845,PRIMARY_TARGET_FREE_MONTAGE_DIAGNOSIS,MONTAGE_ASSOCIATED_SENSITIVITY
D2_ISRUC_TO_SLEEPEDF,42,C0,ISRUC_M1M2,error_entropy_AUROC,UNCALIBRATED,0.8065333118442684,13,11845,PRIMARY_TARGET_FREE_MONTAGE_DIAGNOSIS,MONTAGE_ASSOCIATED_SENSITIVITY
D2_ISRUC_TO_SLEEPEDF,42,C0,ISRUC_M1M2,error_entropy_AUPRC,UNCALIBRATED,0.5195773336003989,13,11845,PRIMARY_TARGET_FREE_MONTAGE_DIAGNOSIS,MONTAGE_ASSOCIATED_SENSITIVITY
D2_ISRUC_TO_SLEEPEDF,42,C0,ISRUC_M1M2,entropy_AURC,UNCALIBRATED,0.08836359596057589,13,11845,PRIMARY_TARGET_FREE_MONTAGE_DIAGNOSIS,MONTAGE_ASSOCIATED_SENSITIVITY
D2_ISRUC_TO_SLEEPEDF,42,C1,ISRUC_A1A2,macro-F1,UNCALIBRATED,0.43129745516624807,2,1746,PRIMARY_TARGET_FREE_MONTAGE_DIAGNOSIS,MONTAGE_ASSOCIATED_SENSITIVITY
D2_ISRUC_TO_SLEEPEDF,42,C1,ISRUC_A1A2,NLL,UNCALIBRATED,1.2557776982989366,2,1746,PRIMARY_TARGET_FREE_MONTAGE_DIAGNOSIS,MONTAGE_ASSOCIATED_SENSITIVITY
D2_ISRUC_TO_SLEEPEDF,42,C1,ISRUC_A1A2,Brier,UNCALIBRATED,0.6018628359025027,2,1746,PRIMARY_TARGET_FREE_MONTAGE_DIAGNOSIS,MONTAGE_ASSOCIATED_SENSITIVITY
D2_ISRUC_TO_SLEEPEDF,42,C1,ISRUC_A1A2,error_entropy_AUROC,UNCALIBRATED,0.7361964408664795,2,1746,PRIMARY_TARGET_FREE_MONTAGE_DIAGNOSIS,MONTAGE_ASSOCIATED_SENSITIVITY
D2_ISRUC_TO_SLEEPEDF,42,C1,ISRUC_A1A2,error_entropy_AUPRC,UNCALIBRATED,0.6623858379102916,2,1746,PRIMARY_TARGET_FREE_MONTAGE_DIAGNOSIS,MONTAGE_ASSOCIATED_SENSITIVITY
D2_ISRUC_TO_SLEEPEDF,42,C1,ISRUC_A1A2,entropy_AURC,UNCALIBRATED,0.2582128430840301,2,1746,PRIMARY_TARGET_FREE_MONTAGE_DIAGNOSIS,MONTAGE_ASSOCIATED_SENSITIVITY
D2_ISRUC_TO_SLEEPEDF,42,C1,ISRUC_M1M2,macro-F1,UNCALIBRATED,0.6915015216759031,13,11845,PRIMARY_TARGET_FREE_MONTAGE_DIAGNOSIS,MONTAGE_ASSOCIATED_SENSITIVITY
D2_ISRUC_TO_SLEEPEDF,42,C1,ISRUC_M1M2,NLL,UNCALIBRATED,0.7119594229216801,13,11845,PRIMARY_TARGET_FREE_MONTAGE_DIAGNOSIS,MONTAGE_ASSOCIATED_SENSITIVITY
D2_ISRUC_TO_SLEEPEDF,42,C1,ISRUC_M1M2,Brier,UNCALIBRATED,0.3802712897559835,13,11845,PRIMARY_TARGET_FREE_MONTAGE_DIAGNOSIS,MONTAGE_ASSOCIATED_SENSITIVITY
D2_ISRUC_TO_SLEEPEDF,42,C1,ISRUC_M1M2,error_entropy_AUROC,UNCALIBRATED,0.7841040190150883,13,11845,PRIMARY_TARGET_FREE_MONTAGE_DIAGNOSIS,MONTAGE_ASSOCIATED_SENSITIVITY
D2_ISRUC_TO_SLEEPEDF,42,C1,ISRUC_M1M2,error_entropy_AUPRC,UNCALIBRATED,0.5145036709368507,13,11845,PRIMARY_TARGET_FREE_MONTAGE_DIAGNOSIS,MONTAGE_ASSOCIATED_SENSITIVITY
D2_ISRUC_TO_SLEEPEDF,42,C1,ISRUC_M1M2,entropy_AURC,UNCALIBRATED,0.11212333857523447,13,11845,PRIMARY_TARGET_FREE_MONTAGE_DIAGNOSIS,MONTAGE_ASSOCIATED_SENSITIVITY
D2_ISRUC_TO_SLEEPEDF,42,C2,ISRUC_A1A2,macro-F1,UNCALIBRATED,0.44208985453468086,2,1746,PRIMARY_TARGET_FREE_MONTAGE_DIAGNOSIS,MONTAGE_ASSOCIATED_SENSITIVITY
D2_ISRUC_TO_SLEEPEDF,42,C2,ISRUC_A1A2,NLL,UNCALIBRATED,1.0192461028801525,2,1746,PRIMARY_TARGET_FREE_MONTAGE_DIAGNOSIS,MONTAGE_ASSOCIATED_SENSITIVITY
D2_ISRUC_TO_SLEEPEDF,42,C2,ISRUC_A1A2,Brier,UNCALIBRATED,0.5407943277315659,2,1746,PRIMARY_TARGET_FREE_MONTAGE_DIAGNOSIS,MONTAGE_ASSOCIATED_SENSITIVITY
D2_ISRUC_TO_SLEEPEDF,42,C2,ISRUC_A1A2,error_entropy_AUROC,UNCALIBRATED,0.7393084281973171,2,1746,PRIMARY_TARGET_FREE_MONTAGE_DIAGNOSIS,MONTAGE_ASSOCIATED_SENSITIVITY
D2_ISRUC_TO_SLEEPEDF,42,C2,ISRUC_A1A2,error_entropy_AUPRC,UNCALIBRATED,0.6295848901187252,2,1746,PRIMARY_TARGET_FREE_MONTAGE_DIAGNOSIS,MONTAGE_ASSOCIATED_SENSITIVITY
D2_ISRUC_TO_SLEEPEDF,42,C2,ISRUC_A1A2,entropy_AURC,UNCALIBRATED,0.23736460533811696,2,1746,PRIMARY_TARGET_FREE_MONTAGE_DIAGNOSIS,MONTAGE_ASSOCIATED_SENSITIVITY
D2_ISRUC_TO_SLEEPEDF,42,C2,ISRUC_M1M2,macro-F1,UNCALIBRATED,0.4680309449356403,13,11845,PRIMARY_TARGET_FREE_MONTAGE_DIAGNOSIS,MONTAGE_ASSOCIATED_SENSITIVITY
D2_ISRUC_TO_SLEEPEDF,42,C2,ISRUC_M1M2,NLL,UNCALIBRATED,1.1894176802713141,13,11845,PRIMARY_TARGET_FREE_MONTAGE_DIAGNOSIS,MONTAGE_ASSOCIATED_SENSITIVITY
D2_ISRUC_TO_SLEEPEDF,42,C2,ISRUC_M1M2,Brier,UNCALIBRATED,0.6269860969006759,13,11845,PRIMARY_TARGET_FREE_MONTAGE_DIAGNOSIS,MONTAGE_ASSOCIATED_SENSITIVITY
D2_ISRUC_TO_SLEEPEDF,42,C2,ISRUC_M1M2,error_entropy_AUROC,UNCALIBRATED,0.6822844276675502,13,11845,PRIMARY_TARGET_FREE_MONTAGE_DIAGNOSIS,MONTAGE_ASSOCIATED_SENSITIVITY
D2_ISRUC_TO_SLEEPEDF,42,C2,ISRUC_M1M2,error_entropy_AUPRC,UNCALIBRATED,0.6380104835970122,13,11845,PRIMARY_TARGET_FREE_MONTAGE_DIAGNOSIS,MONTAGE_ASSOCIATED_SENSITIVITY
D2_ISRUC_TO_SLEEPEDF,42,C2,ISRUC_M1M2,entropy_AURC,UNCALIBRATED,0.33944779781998674,13,11845,PRIMARY_TARGET_FREE_MONTAGE_DIAGNOSIS,MONTAGE_ASSOCIATED_SENSITIVITY
D2_ISRUC_TO_SLEEPEDF,2026,C0,ISRUC_A1A2,macro-F1,UNCALIBRATED,0.5198797540841296,2,1746,PRIMARY_TARGET_FREE_MONTAGE_DIAGNOSIS,MONTAGE_ASSOCIATED_SENSITIVITY
D2_ISRUC_TO_SLEEPEDF,2026,C0,ISRUC_A1A2,NLL,UNCALIBRATED,0.8208860801289265,2,1746,PRIMARY_TARGET_FREE_MONTAGE_DIAGNOSIS,MONTAGE_ASSOCIATED_SENSITIVITY
D2_ISRUC_TO_SLEEPEDF,2026,C0,ISRUC_A1A2,Brier,UNCALIBRATED,0.4150908350091744,2,1746,PRIMARY_TARGET_FREE_MONTAGE_DIAGNOSIS,MONTAGE_ASSOCIATED_SENSITIVITY
D2_ISRUC_TO_SLEEPEDF,2026,C0,ISRUC_A1A2,error_entropy_AUROC,UNCALIBRATED,0.7100814584517322,2,1746,PRIMARY_TARGET_FREE_MONTAGE_DIAGNOSIS,MONTAGE_ASSOCIATED_SENSITIVITY
D2_ISRUC_TO_SLEEPEDF,2026,C0,ISRUC_A1A2,error_entropy_AUPRC,UNCALIBRATED,0.4755294342368036,2,1746,PRIMARY_TARGET_FREE_MONTAGE_DIAGNOSIS,MONTAGE_ASSOCIATED_SENSITIVITY
D2_ISRUC_TO_SLEEPEDF,2026,C0,ISRUC_A1A2,entropy_AURC,UNCALIBRATED,0.15933043672039018,2,1746,PRIMARY_TARGET_FREE_MONTAGE_DIAGNOSIS,MONTAGE_ASSOCIATED_SENSITIVITY
D2_ISRUC_TO_SLEEPEDF,2026,C0,ISRUC_M1M2,macro-F1,UNCALIBRATED,0.738504660508146,13,11845,PRIMARY_TARGET_FREE_MONTAGE_DIAGNOSIS,MONTAGE_ASSOCIATED_SENSITIVITY
D2_ISRUC_TO_SLEEPEDF,2026,C0,ISRUC_M1M2,NLL,UNCALIBRATED,0.6113915265055128,13,11845,PRIMARY_TARGET_FREE_MONTAGE_DIAGNOSIS,MONTAGE_ASSOCIATED_SENSITIVITY
D2_ISRUC_TO_SLEEPEDF,2026,C0,ISRUC_M1M2,Brier,UNCALIBRATED,0.32887188263287215,13,11845,PRIMARY_TARGET_FREE_MONTAGE_DIAGNOSIS,MONTAGE_ASSOCIATED_SENSITIVITY
D2_ISRUC_TO_SLEEPEDF,2026,C0,ISRUC_M1M2,error_entropy_AUROC,UNCALIBRATED,0.799726587647096,13,11845,PRIMARY_TARGET_FREE_MONTAGE_DIAGNOSIS,MONTAGE_ASSOCIATED_SENSITIVITY
D2_ISRUC_TO_SLEEPEDF,2026,C0,ISRUC_M1M2,error_entropy_AUPRC,UNCALIBRATED,0.5206584119510533,13,11845,PRIMARY_TARGET_FREE_MONTAGE_DIAGNOSIS,MONTAGE_ASSOCIATED_SENSITIVITY
D2_ISRUC_TO_SLEEPEDF,2026,C0,ISRUC_M1M2,entropy_AURC,UNCALIBRATED,0.08817134247171722,13,11845,PRIMARY_TARGET_FREE_MONTAGE_DIAGNOSIS,MONTAGE_ASSOCIATED_SENSITIVITY
D2_ISRUC_TO_SLEEPEDF,2026,C1,ISRUC_A1A2,macro-F1,UNCALIBRATED,0.37600292532223456,2,1746,PRIMARY_TARGET_FREE_MONTAGE_DIAGNOSIS,MONTAGE_ASSOCIATED_SENSITIVITY
D2_ISRUC_TO_SLEEPEDF,2026,C1,ISRUC_A1A2,NLL,UNCALIBRATED,1.4152470337002396,2,1746,PRIMARY_TARGET_FREE_MONTAGE_DIAGNOSIS,MONTAGE_ASSOCIATED_SENSITIVITY
D2_ISRUC_TO_SLEEPEDF,2026,C1,ISRUC_A1A2,Brier,UNCALIBRATED,0.6684414457086468,2,1746,PRIMARY_TARGET_FREE_MONTAGE_DIAGNOSIS,MONTAGE_ASSOCIATED_SENSITIVITY
D2_ISRUC_TO_SLEEPEDF,2026,C1,ISRUC_A1A2,error_entropy_AUROC,UNCALIBRATED,0.7754749068087526,2,1746,PRIMARY_TARGET_FREE_MONTAGE_DIAGNOSIS,MONTAGE_ASSOCIATED_SENSITIVITY
D2_ISRUC_TO_SLEEPEDF,2026,C1,ISRUC_A1A2,error_entropy_AUPRC,UNCALIBRATED,0.7898546813788387,2,1746,PRIMARY_TARGET_FREE_MONTAGE_DIAGNOSIS,MONTAGE_ASSOCIATED_SENSITIVITY
D2_ISRUC_TO_SLEEPEDF,2026,C1,ISRUC_A1A2,entropy_AURC,UNCALIBRATED,0.30618875536542467,2,1746,PRIMARY_TARGET_FREE_MONTAGE_DIAGNOSIS,MONTAGE_ASSOCIATED_SENSITIVITY
D2_ISRUC_TO_SLEEPEDF,2026,C1,ISRUC_M1M2,macro-F1,UNCALIBRATED,0.6590722044574058,13,11845,PRIMARY_TARGET_FREE_MONTAGE_DIAGNOSIS,MONTAGE_ASSOCIATED_SENSITIVITY
D2_ISRUC_TO_SLEEPEDF,2026,C1,ISRUC_M1M2,NLL,UNCALIBRATED,0.7406432371554745,13,11845,PRIMARY_TARGET_FREE_MONTAGE_DIAGNOSIS,MONTAGE_ASSOCIATED_SENSITIVITY
D2_ISRUC_TO_SLEEPEDF,2026,C1,ISRUC_M1M2,Brier,UNCALIBRATED,0.3933617733341768,13,11845,PRIMARY_TARGET_FREE_MONTAGE_DIAGNOSIS,MONTAGE_ASSOCIATED_SENSITIVITY
D2_ISRUC_TO_SLEEPEDF,2026,C1,ISRUC_M1M2,error_entropy_AUROC,UNCALIBRATED,0.7776948566849339,13,11845,PRIMARY_TARGET_FREE_MONTAGE_DIAGNOSIS,MONTAGE_ASSOCIATED_SENSITIVITY
D2_ISRUC_TO_SLEEPEDF,2026,C1,ISRUC_M1M2,error_entropy_AUPRC,UNCALIBRATED,0.5266153422265423,13,11845,PRIMARY_TARGET_FREE_MONTAGE_DIAGNOSIS,MONTAGE_ASSOCIATED_SENSITIVITY
D2_ISRUC_TO_SLEEPEDF,2026,C1,ISRUC_M1M2,entropy_AURC,UNCALIBRATED,0.12344373241971206,13,11845,PRIMARY_TARGET_FREE_MONTAGE_DIAGNOSIS,MONTAGE_ASSOCIATED_SENSITIVITY
D2_ISRUC_TO_SLEEPEDF,2026,C2,ISRUC_A1A2,macro-F1,UNCALIBRATED,0.3916238280367712,2,1746,PRIMARY_TARGET_FREE_MONTAGE_DIAGNOSIS,MONTAGE_ASSOCIATED_SENSITIVITY
D2_ISRUC_TO_SLEEPEDF,2026,C2,ISRUC_A1A2,NLL,UNCALIBRATED,1.0271180921025294,2,1746,PRIMARY_TARGET_FREE_MONTAGE_DIAGNOSIS,MONTAGE_ASSOCIATED_SENSITIVITY
D2_ISRUC_TO_SLEEPEDF,2026,C2,ISRUC_A1A2,Brier,UNCALIBRATED,0.5348079607815167,2,1746,PRIMARY_TARGET_FREE_MONTAGE_DIAGNOSIS,MONTAGE_ASSOCIATED_SENSITIVITY
D2_ISRUC_TO_SLEEPEDF,2026,C2,ISRUC_A1A2,error_entropy_AUROC,UNCALIBRATED,0.6858489859041702,2,1746,PRIMARY_TARGET_FREE_MONTAGE_DIAGNOSIS,MONTAGE_ASSOCIATED_SENSITIVITY
D2_ISRUC_TO_SLEEPEDF,2026,C2,ISRUC_A1A2,error_entropy_AUPRC,UNCALIBRATED,0.5496783282979857,2,1746,PRIMARY_TARGET_FREE_MONTAGE_DIAGNOSIS,MONTAGE_ASSOCIATED_SENSITIVITY
D2_ISRUC_TO_SLEEPEDF,2026,C2,ISRUC_A1A2,entropy_AURC,UNCALIBRATED,0.2588107284559284,2,1746,PRIMARY_TARGET_FREE_MONTAGE_DIAGNOSIS,MONTAGE_ASSOCIATED_SENSITIVITY
D2_ISRUC_TO_SLEEPEDF,2026,C2,ISRUC_M1M2,macro-F1,UNCALIBRATED,0.44405837309083,13,11845,PRIMARY_TARGET_FREE_MONTAGE_DIAGNOSIS,MONTAGE_ASSOCIATED_SENSITIVITY
D2_ISRUC_TO_SLEEPEDF,2026,C2,ISRUC_M1M2,NLL,UNCALIBRATED,1.2114475198058023,13,11845,PRIMARY_TARGET_FREE_MONTAGE_DIAGNOSIS,MONTAGE_ASSOCIATED_SENSITIVITY
D2_ISRUC_TO_SLEEPEDF,2026,C2,ISRUC_M1M2,Brier,UNCALIBRATED,0.6324718124829215,13,11845,PRIMARY_TARGET_FREE_MONTAGE_DIAGNOSIS,MONTAGE_ASSOCIATED_SENSITIVITY
D2_ISRUC_TO_SLEEPEDF,2026,C2,ISRUC_M1M2,error_entropy_AUROC,UNCALIBRATED,0.6489463937191077,13,11845,PRIMARY_TARGET_FREE_MONTAGE_DIAGNOSIS,MONTAGE_ASSOCIATED_SENSITIVITY
D2_ISRUC_TO_SLEEPEDF,2026,C2,ISRUC_M1M2,error_entropy_AUPRC,UNCALIBRATED,0.6051936065664785,13,11845,PRIMARY_TARGET_FREE_MONTAGE_DIAGNOSIS,MONTAGE_ASSOCIATED_SENSITIVITY
D2_ISRUC_TO_SLEEPEDF,2026,C2,ISRUC_M1M2,entropy_AURC,UNCALIBRATED,0.37459147443726465,13,11845,PRIMARY_TARGET_FREE_MONTAGE_DIAGNOSIS,MONTAGE_ASSOCIATED_SENSITIVITY
