experiment_id,condition,metric,source_temperature_mean,delta_scaled_minus_uncalibrated,descriptive_classification,tolerance,analysis_scope
D1_SLEEPEDF_TO_ISRUC,C0,NLL,1.2487894598576597,-0.00317148216909773,NEUTRAL,0.005,PRIMARY_TARGET_FREE_CALIBRATION_DIAGNOSIS
D1_SLEEPEDF_TO_ISRUC,C0,Brier,1.2487894598576597,-0.00018682505486498913,NEUTRAL,0.002,PRIMARY_TARGET_FREE_CALIBRATION_DIAGNOSIS
D1_SLEEPEDF_TO_ISRUC,C0,ECE,1.2487894598576597,-0.0032122737049356336,NEUTRAL,0.005,PRIMARY_TARGET_FREE_CALIBRATION_DIAGNOSIS
D1_SLEEPEDF_TO_ISRUC,C0,adaptive_ECE,1.2487894598576597,-0.003690783698232994,NEUTRAL,0.005,PRIMARY_TARGET_FREE_CALIBRATION_DIAGNOSIS
D1_SLEEPEDF_TO_ISRUC,C1,NLL,1.2487894598576597,0.005502046046822122,WORSENS,0.005,PRIMARY_TARGET_FREE_CALIBRATION_DIAGNOSIS
D1_SLEEPEDF_TO_ISRUC,C1,Brier,1.2487894598576597,0.0016867746030106063,NEUTRAL,0.002,PRIMARY_TARGET_FREE_CALIBRATION_DIAGNOSIS
D1_SLEEPEDF_TO_ISRUC,C1,ECE,1.2487894598576597,0.017775203521336005,WORSENS,0.005,PRIMARY_TARGET_FREE_CALIBRATION_DIAGNOSIS
D1_SLEEPEDF_TO_ISRUC,C1,adaptive_ECE,1.2487894598576597,0.01777145351033305,WORSENS,0.005,PRIMARY_TARGET_FREE_CALIBRATION_DIAGNOSIS
D1_SLEEPEDF_TO_ISRUC,C2,NLL,1.2487894598576597,-0.009056824185334711,IMPROVES,0.005,PRIMARY_TARGET_FREE_CALIBRATION_DIAGNOSIS
D1_SLEEPEDF_TO_ISRUC,C2,Brier,1.2487894598576597,-0.002833759886101813,IMPROVES,0.002,PRIMARY_TARGET_FREE_CALIBRATION_DIAGNOSIS
D1_SLEEPEDF_TO_ISRUC,C2,ECE,1.2487894598576597,-0.0035551110671235646,NEUTRAL,0.005,PRIMARY_TARGET_FREE_CALIBRATION_DIAGNOSIS
D1_SLEEPEDF_TO_ISRUC,C2,adaptive_ECE,1.2487894598576597,-0.00501847437317519,IMPROVES,0.005,PRIMARY_TARGET_FREE_CALIBRATION_DIAGNOSIS
D1_SLEEPEDF_TO_ISRUC,C3,NLL,1.2487894598576597,-0.09223033365115989,IMPROVES,0.005,PRIMARY_TARGET_FREE_CALIBRATION_DIAGNOSIS
D1_SLEEPEDF_TO_ISRUC,C3,Brier,1.2487894598576597,-0.015325427511779122,IMPROVES,0.002,PRIMARY_TARGET_FREE_CALIBRATION_DIAGNOSIS
D1_SLEEPEDF_TO_ISRUC,C3,ECE,1.2487894598576597,-0.04355170605081532,IMPROVES,0.005,PRIMARY_TARGET_FREE_CALIBRATION_DIAGNOSIS
D1_SLEEPEDF_TO_ISRUC,C3,adaptive_ECE,1.2487894598576597,-0.043396574823729744,IMPROVES,0.005,PRIMARY_TARGET_FREE_CALIBRATION_DIAGNOSIS
D1_SLEEPEDF_TO_ISRUC,C4,NLL,1.2487894598576597,-0.06141394405194774,IMPROVES,0.005,PRIMARY_TARGET_FREE_CALIBRATION_DIAGNOSIS
D1_SLEEPEDF_TO_ISRUC,C4,Brier,1.2487894598576597,-0.015871616832910346,IMPROVES,0.002,PRIMARY_TARGET_FREE_CALIBRATION_DIAGNOSIS
D1_SLEEPEDF_TO_ISRUC,C4,ECE,1.2487894598576597,-0.05575947822288901,IMPROVES,0.005,PRIMARY_TARGET_FREE_CALIBRATION_DIAGNOSIS
D1_SLEEPEDF_TO_ISRUC,C4,adaptive_ECE,1.2487894598576597,-0.05588422595662353,IMPROVES,0.005,PRIMARY_TARGET_FREE_CALIBRATION_DIAGNOSIS
D1_SLEEPEDF_TO_ISRUC,C5,NLL,1.2487894598576597,-0.1393858391035371,IMPROVES,0.005,PRIMARY_TARGET_FREE_CALIBRATION_DIAGNOSIS
D1_SLEEPEDF_TO_ISRUC,C5,Brier,1.2487894598576597,-0.0435687559070023,IMPROVES,0.002,PRIMARY_TARGET_FREE_CALIBRATION_DIAGNOSIS
D1_SLEEPEDF_TO_ISRUC,C5,ECE,1.2487894598576597,-0.05660266372123193,IMPROVES,0.005,PRIMARY_TARGET_FREE_CALIBRATION_DIAGNOSIS
D1_SLEEPEDF_TO_ISRUC,C5,adaptive_ECE,1.2487894598576597,-0.056665117547063916,IMPROVES,0.005,PRIMARY_TARGET_FREE_CALIBRATION_DIAGNOSIS
D2_ISRUC_TO_SLEEPEDF,C0,NLL,1.2131162937997881,-0.011773604899254941,IMPROVES,0.005,PRIMARY_TARGET_FREE_CALIBRATION_DIAGNOSIS
D2_ISRUC_TO_SLEEPEDF,C0,Brier,1.2131162937997881,-0.00263244558176177,IMPROVES,0.002,PRIMARY_TARGET_FREE_CALIBRATION_DIAGNOSIS
D2_ISRUC_TO_SLEEPEDF,C0,ECE,1.2131162937997881,-0.014300422087192274,IMPROVES,0.005,PRIMARY_TARGET_FREE_CALIBRATION_DIAGNOSIS
D2_ISRUC_TO_SLEEPEDF,C0,adaptive_ECE,1.2131162937997881,-0.01404670500989443,IMPROVES,0.005,PRIMARY_TARGET_FREE_CALIBRATION_DIAGNOSIS
D2_ISRUC_TO_SLEEPEDF,C1,NLL,1.2131162937997881,0.0021808163808419248,NEUTRAL,0.005,PRIMARY_TARGET_FREE_CALIBRATION_DIAGNOSIS
D2_ISRUC_TO_SLEEPEDF,C1,Brier,1.2131162937997881,0.0018372576798629063,NEUTRAL,0.002,PRIMARY_TARGET_FREE_CALIBRATION_DIAGNOSIS
D2_ISRUC_TO_SLEEPEDF,C1,ECE,1.2131162937997881,0.011461977799200246,WORSENS,0.005,PRIMARY_TARGET_FREE_CALIBRATION_DIAGNOSIS
D2_ISRUC_TO_SLEEPEDF,C1,adaptive_ECE,1.2131162937997881,0.011567038724940798,WORSENS,0.005,PRIMARY_TARGET_FREE_CALIBRATION_DIAGNOSIS
D2_ISRUC_TO_SLEEPEDF,C2,NLL,1.2131162937997881,-0.016812416642200567,IMPROVES,0.005,PRIMARY_TARGET_FREE_CALIBRATION_DIAGNOSIS
D2_ISRUC_TO_SLEEPEDF,C2,Brier,1.2131162937997881,-0.006304812845333019,IMPROVES,0.002,PRIMARY_TARGET_FREE_CALIBRATION_DIAGNOSIS
D2_ISRUC_TO_SLEEPEDF,C2,ECE,1.2131162937997881,-0.03627907966189781,IMPROVES,0.005,PRIMARY_TARGET_FREE_CALIBRATION_DIAGNOSIS
D2_ISRUC_TO_SLEEPEDF,C2,adaptive_ECE,1.2131162937997881,-0.03390276238886866,IMPROVES,0.005,PRIMARY_TARGET_FREE_CALIBRATION_DIAGNOSIS
D2_ISRUC_TO_SLEEPEDF,C3,NLL,1.2131162937997881,-0.10118851555093784,IMPROVES,0.005,PRIMARY_TARGET_FREE_CALIBRATION_DIAGNOSIS
D2_ISRUC_TO_SLEEPEDF,C3,Brier,1.2131162937997881,-0.011124082345044917,IMPROVES,0.002,PRIMARY_TARGET_FREE_CALIBRATION_DIAGNOSIS
D2_ISRUC_TO_SLEEPEDF,C3,ECE,1.2131162937997881,-0.03124828095528326,IMPROVES,0.005,PRIMARY_TARGET_FREE_CALIBRATION_DIAGNOSIS
D2_ISRUC_TO_SLEEPEDF,C3,adaptive_ECE,1.2131162937997881,-0.031266960556810205,IMPROVES,0.005,PRIMARY_TARGET_FREE_CALIBRATION_DIAGNOSIS
D2_ISRUC_TO_SLEEPEDF,C4,NLL,1.2131162937997881,-0.11121550935156403,IMPROVES,0.005,PRIMARY_TARGET_FREE_CALIBRATION_DIAGNOSIS
D2_ISRUC_TO_SLEEPEDF,C4,Brier,1.2131162937997881,-0.013143962551945387,IMPROVES,0.002,PRIMARY_TARGET_FREE_CALIBRATION_DIAGNOSIS
D2_ISRUC_TO_SLEEPEDF,C4,ECE,1.2131162937997881,-0.04362799391802738,IMPROVES,0.005,PRIMARY_TARGET_FREE_CALIBRATION_DIAGNOSIS
D2_ISRUC_TO_SLEEPEDF,C4,adaptive_ECE,1.2131162937997881,-0.04321864514421155,IMPROVES,0.005,PRIMARY_TARGET_FREE_CALIBRATION_DIAGNOSIS
D2_ISRUC_TO_SLEEPEDF,C5,NLL,1.2131162937997881,-0.07464451013631794,IMPROVES,0.005,PRIMARY_TARGET_FREE_CALIBRATION_DIAGNOSIS
D2_ISRUC_TO_SLEEPEDF,C5,Brier,1.2131162937997881,-0.02536062735800108,IMPROVES,0.002,PRIMARY_TARGET_FREE_CALIBRATION_DIAGNOSIS
D2_ISRUC_TO_SLEEPEDF,C5,ECE,1.2131162937997881,-0.03898870384125522,IMPROVES,0.005,PRIMARY_TARGET_FREE_CALIBRATION_DIAGNOSIS
D2_ISRUC_TO_SLEEPEDF,C5,adaptive_ECE,1.2131162937997881,-0.03873796283172588,IMPROVES,0.005,PRIMARY_TARGET_FREE_CALIBRATION_DIAGNOSIS
