experiment_id,condition,seed,stage,recall,support,analysis_scope
D1_SLEEPEDF_TO_ISRUC,C0,17,Wake,0.9872559652928417,40568,PRIMARY_TARGET_FREE_DIAGNOSIS
D1_SLEEPEDF_TO_ISRUC,C0,17,N1,0.4543533389687236,2366,PRIMARY_TARGET_FREE_DIAGNOSIS
D1_SLEEPEDF_TO_ISRUC,C0,17,N2,0.8476546284765463,9636,PRIMARY_TARGET_FREE_DIAGNOSIS
D1_SLEEPEDF_TO_ISRUC,C0,17,N3,0.6951080773606371,1758,PRIMARY_TARGET_FREE_DIAGNOSIS
D1_SLEEPEDF_TO_ISRUC,C0,17,REM,0.6906934306569343,3288,PRIMARY_TARGET_FREE_DIAGNOSIS
D1_SLEEPEDF_TO_ISRUC,C0,42,Wake,0.9821780713863143,40568,PRIMARY_TARGET_FREE_DIAGNOSIS
D1_SLEEPEDF_TO_ISRUC,C0,42,N1,0.46999154691462386,2366,PRIMARY_TARGET_FREE_DIAGNOSIS
D1_SLEEPEDF_TO_ISRUC,C0,42,N2,0.8654005811540059,9636,PRIMARY_TARGET_FREE_DIAGNOSIS
D1_SLEEPEDF_TO_ISRUC,C0,42,N3,0.7110352673492605,1758,PRIMARY_TARGET_FREE_DIAGNOSIS
D1_SLEEPEDF_TO_ISRUC,C0,42,REM,0.7116788321167883,3288,PRIMARY_TARGET_FREE_DIAGNOSIS
D1_SLEEPEDF_TO_ISRUC,C0,2026,Wake,0.9842486689015973,40568,PRIMARY_TARGET_FREE_DIAGNOSIS
D1_SLEEPEDF_TO_ISRUC,C0,2026,N1,0.4260355029585799,2366,PRIMARY_TARGET_FREE_DIAGNOSIS
D1_SLEEPEDF_TO_ISRUC,C0,2026,N2,0.8327106683271067,9636,PRIMARY_TARGET_FREE_DIAGNOSIS
D1_SLEEPEDF_TO_ISRUC,C0,2026,N3,0.6666666666666666,1758,PRIMARY_TARGET_FREE_DIAGNOSIS
D1_SLEEPEDF_TO_ISRUC,C0,2026,REM,0.7709854014598541,3288,PRIMARY_TARGET_FREE_DIAGNOSIS
D1_SLEEPEDF_TO_ISRUC,C1,17,Wake,0.9864918162098205,40568,PRIMARY_TARGET_FREE_DIAGNOSIS
D1_SLEEPEDF_TO_ISRUC,C1,17,N1,0.2265426880811496,2366,PRIMARY_TARGET_FREE_DIAGNOSIS
D1_SLEEPEDF_TO_ISRUC,C1,17,N2,0.8534661685346617,9636,PRIMARY_TARGET_FREE_DIAGNOSIS
D1_SLEEPEDF_TO_ISRUC,C1,17,N3,0.6188850967007964,1758,PRIMARY_TARGET_FREE_DIAGNOSIS
D1_SLEEPEDF_TO_ISRUC,C1,17,REM,0.49452554744525545,3288,PRIMARY_TARGET_FREE_DIAGNOSIS
D1_SLEEPEDF_TO_ISRUC,C1,42,Wake,0.980575823309012,40568,PRIMARY_TARGET_FREE_DIAGNOSIS
D1_SLEEPEDF_TO_ISRUC,C1,42,N1,0.28064243448858833,2366,PRIMARY_TARGET_FREE_DIAGNOSIS
D1_SLEEPEDF_TO_ISRUC,C1,42,N2,0.8584474885844748,9636,PRIMARY_TARGET_FREE_DIAGNOSIS
D1_SLEEPEDF_TO_ISRUC,C1,42,N3,0.5159271899886234,1758,PRIMARY_TARGET_FREE_DIAGNOSIS
D1_SLEEPEDF_TO_ISRUC,C1,42,REM,0.5620437956204379,3288,PRIMARY_TARGET_FREE_DIAGNOSIS
D1_SLEEPEDF_TO_ISRUC,C1,2026,Wake,0.9858755669493197,40568,PRIMARY_TARGET_FREE_DIAGNOSIS
D1_SLEEPEDF_TO_ISRUC,C1,2026,N1,0.24640743871513102,2366,PRIMARY_TARGET_FREE_DIAGNOSIS
D1_SLEEPEDF_TO_ISRUC,C1,2026,N2,0.8267953507679535,9636,PRIMARY_TARGET_FREE_DIAGNOSIS
D1_SLEEPEDF_TO_ISRUC,C1,2026,N3,0.6632536973833902,1758,PRIMARY_TARGET_FREE_DIAGNOSIS
D1_SLEEPEDF_TO_ISRUC,C1,2026,REM,0.5285888077858881,3288,PRIMARY_TARGET_FREE_DIAGNOSIS
D1_SLEEPEDF_TO_ISRUC,C2,17,Wake,0.8369897456123052,40568,PRIMARY_TARGET_FREE_DIAGNOSIS
D1_SLEEPEDF_TO_ISRUC,C2,17,N1,0.636094674556213,2366,PRIMARY_TARGET_FREE_DIAGNOSIS
D1_SLEEPEDF_TO_ISRUC,C2,17,N2,0.5656911581569116,9636,PRIMARY_TARGET_FREE_DIAGNOSIS
D1_SLEEPEDF_TO_ISRUC,C2,17,N3,0.013651877133105802,1758,PRIMARY_TARGET_FREE_DIAGNOSIS
D1_SLEEPEDF_TO_ISRUC,C2,17,REM,0.6532846715328468,3288,PRIMARY_TARGET_FREE_DIAGNOSIS
D1_SLEEPEDF_TO_ISRUC,C2,42,Wake,0.8598156182212582,40568,PRIMARY_TARGET_FREE_DIAGNOSIS
D1_SLEEPEDF_TO_ISRUC,C2,42,N1,0.5059171597633136,2366,PRIMARY_TARGET_FREE_DIAGNOSIS
D1_SLEEPEDF_TO_ISRUC,C2,42,N2,0.7175176421751764,9636,PRIMARY_TARGET_FREE_DIAGNOSIS
D1_SLEEPEDF_TO_ISRUC,C2,42,N3,0.12400455062571103,1758,PRIMARY_TARGET_FREE_DIAGNOSIS
D1_SLEEPEDF_TO_ISRUC,C2,42,REM,0.6164841849148418,3288,PRIMARY_TARGET_FREE_DIAGNOSIS
D1_SLEEPEDF_TO_ISRUC,C2,2026,Wake,0.7314878722145534,40568,PRIMARY_TARGET_FREE_DIAGNOSIS
D1_SLEEPEDF_TO_ISRUC,C2,2026,N1,0.5059171597633136,2366,PRIMARY_TARGET_FREE_DIAGNOSIS
D1_SLEEPEDF_TO_ISRUC,C2,2026,N2,0.6157119136571192,9636,PRIMARY_TARGET_FREE_DIAGNOSIS
D1_SLEEPEDF_TO_ISRUC,C2,2026,N3,0.01820250284414107,1758,PRIMARY_TARGET_FREE_DIAGNOSIS
D1_SLEEPEDF_TO_ISRUC,C2,2026,REM,0.7095498783454988,3288,PRIMARY_TARGET_FREE_DIAGNOSIS
D1_SLEEPEDF_TO_ISRUC,C3,17,Wake,0.946438188494492,20425,PRIMARY_TARGET_FREE_DIAGNOSIS
D1_SLEEPEDF_TO_ISRUC,C3,17,N1,0.2216710182767624,11490,PRIMARY_TARGET_FREE_DIAGNOSIS
D1_SLEEPEDF_TO_ISRUC,C3,17,N2,0.8082993438552935,28195,PRIMARY_TARGET_FREE_DIAGNOSIS
D1_SLEEPEDF_TO_ISRUC,C3,17,N3,0.4449716468001389,17282,PRIMARY_TARGET_FREE_DIAGNOSIS
D1_SLEEPEDF_TO_ISRUC,C3,17,REM,0.5240771812080537,11920,PRIMARY_TARGET_FREE_DIAGNOSIS
D1_SLEEPEDF_TO_ISRUC,C3,42,Wake,0.9044308445532436,20425,PRIMARY_TARGET_FREE_DIAGNOSIS
D1_SLEEPEDF_TO_ISRUC,C3,42,N1,0.1804177545691906,11490,PRIMARY_TARGET_FREE_DIAGNOSIS
D1_SLEEPEDF_TO_ISRUC,C3,42,N2,0.8684873204468877,28195,PRIMARY_TARGET_FREE_DIAGNOSIS
D1_SLEEPEDF_TO_ISRUC,C3,42,N3,0.42199976854530724,17282,PRIMARY_TARGET_FREE_DIAGNOSIS
D1_SLEEPEDF_TO_ISRUC,C3,42,REM,0.5706375838926174,11920,PRIMARY_TARGET_FREE_DIAGNOSIS
D1_SLEEPEDF_TO_ISRUC,C3,2026,Wake,0.9001223990208078,20425,PRIMARY_TARGET_FREE_DIAGNOSIS
D1_SLEEPEDF_TO_ISRUC,C3,2026,N1,0.28720626631853785,11490,PRIMARY_TARGET_FREE_DIAGNOSIS
D1_SLEEPEDF_TO_ISRUC,C3,2026,N2,0.774676361056925,28195,PRIMARY_TARGET_FREE_DIAGNOSIS
D1_SLEEPEDF_TO_ISRUC,C3,2026,N3,0.3580604096748062,17282,PRIMARY_TARGET_FREE_DIAGNOSIS
D1_SLEEPEDF_TO_ISRUC,C3,2026,REM,0.6163590604026845,11920,PRIMARY_TARGET_FREE_DIAGNOSIS
D1_SLEEPEDF_TO_ISRUC,C4,17,Wake,0.9128518971848225,20425,PRIMARY_TARGET_FREE_DIAGNOSIS
D1_SLEEPEDF_TO_ISRUC,C4,17,N1,0.08163620539599652,11490,PRIMARY_TARGET_FREE_DIAGNOSIS
D1_SLEEPEDF_TO_ISRUC,C4,17,N2,0.7625465508068806,28195,PRIMARY_TARGET_FREE_DIAGNOSIS
D1_SLEEPEDF_TO_ISRUC,C4,17,N3,0.3012961462793658,17282,PRIMARY_TARGET_FREE_DIAGNOSIS
D1_SLEEPEDF_TO_ISRUC,C4,17,REM,0.6582214765100671,11920,PRIMARY_TARGET_FREE_DIAGNOSIS
D1_SLEEPEDF_TO_ISRUC,C4,42,Wake,0.8347613219094248,20425,PRIMARY_TARGET_FREE_DIAGNOSIS
D1_SLEEPEDF_TO_ISRUC,C4,42,N1,0.07867711053089643,11490,PRIMARY_TARGET_FREE_DIAGNOSIS
D1_SLEEPEDF_TO_ISRUC,C4,42,N2,0.7664124844830644,28195,PRIMARY_TARGET_FREE_DIAGNOSIS
D1_SLEEPEDF_TO_ISRUC,C4,42,N3,0.23174401110982526,17282,PRIMARY_TARGET_FREE_DIAGNOSIS
D1_SLEEPEDF_TO_ISRUC,C4,42,REM,0.7559563758389262,11920,PRIMARY_TARGET_FREE_DIAGNOSIS
D1_SLEEPEDF_TO_ISRUC,C4,2026,Wake,0.880342717258262,20425,PRIMARY_TARGET_FREE_DIAGNOSIS
D1_SLEEPEDF_TO_ISRUC,C4,2026,N1,0.0658833768494343,11490,PRIMARY_TARGET_FREE_DIAGNOSIS
D1_SLEEPEDF_TO_ISRUC,C4,2026,N2,0.7377903883667317,28195,PRIMARY_TARGET_FREE_DIAGNOSIS
D1_SLEEPEDF_TO_ISRUC,C4,2026,N3,0.2847471357481773,17282,PRIMARY_TARGET_FREE_DIAGNOSIS
D1_SLEEPEDF_TO_ISRUC,C4,2026,REM,0.6972315436241611,11920,PRIMARY_TARGET_FREE_DIAGNOSIS
D1_SLEEPEDF_TO_ISRUC,C5,17,Wake,0.7234271725826193,20425,PRIMARY_TARGET_FREE_DIAGNOSIS
D1_SLEEPEDF_TO_ISRUC,C5,17,N1,0.18320278503046128,11490,PRIMARY_TARGET_FREE_DIAGNOSIS
D1_SLEEPEDF_TO_ISRUC,C5,17,N2,0.24717148430572797,28195,PRIMARY_TARGET_FREE_DIAGNOSIS
D1_SLEEPEDF_TO_ISRUC,C5,17,N3,0.04582802916329128,17282,PRIMARY_TARGET_FREE_DIAGNOSIS
D1_SLEEPEDF_TO_ISRUC,C5,17,REM,0.22575503355704699,11920,PRIMARY_TARGET_FREE_DIAGNOSIS
D1_SLEEPEDF_TO_ISRUC,C5,42,Wake,0.70531211750306,20425,PRIMARY_TARGET_FREE_DIAGNOSIS
D1_SLEEPEDF_TO_ISRUC,C5,42,N1,0.1557006092254134,11490,PRIMARY_TARGET_FREE_DIAGNOSIS
D1_SLEEPEDF_TO_ISRUC,C5,42,N2,0.3543536087958858,28195,PRIMARY_TARGET_FREE_DIAGNOSIS
D1_SLEEPEDF_TO_ISRUC,C5,42,N3,0.053060988311538014,17282,PRIMARY_TARGET_FREE_DIAGNOSIS
D1_SLEEPEDF_TO_ISRUC,C5,42,REM,0.18640939597315437,11920,PRIMARY_TARGET_FREE_DIAGNOSIS
D1_SLEEPEDF_TO_ISRUC,C5,2026,Wake,0.6738310893512852,20425,PRIMARY_TARGET_FREE_DIAGNOSIS
D1_SLEEPEDF_TO_ISRUC,C5,2026,N1,0.24073107049608355,11490,PRIMARY_TARGET_FREE_DIAGNOSIS
D1_SLEEPEDF_TO_ISRUC,C5,2026,N2,0.45550629544245436,28195,PRIMARY_TARGET_FREE_DIAGNOSIS
D1_SLEEPEDF_TO_ISRUC,C5,2026,N3,0.05630135400995255,17282,PRIMARY_TARGET_FREE_DIAGNOSIS
D1_SLEEPEDF_TO_ISRUC,C5,2026,REM,0.3484060402684564,11920,PRIMARY_TARGET_FREE_DIAGNOSIS
D2_ISRUC_TO_SLEEPEDF,C0,17,Wake,0.8331959329486123,3639,PRIMARY_TARGET_FREE_DIAGNOSIS
D2_ISRUC_TO_SLEEPEDF,C0,17,N1,0.5497005988023952,1670,PRIMARY_TARGET_FREE_DIAGNOSIS
D2_ISRUC_TO_SLEEPEDF,C0,17,N2,0.7745529930033688,3859,PRIMARY_TARGET_FREE_DIAGNOSIS
D2_ISRUC_TO_SLEEPEDF,C0,17,N3,0.8652350981118104,2701,PRIMARY_TARGET_FREE_DIAGNOSIS
D2_ISRUC_TO_SLEEPEDF,C0,17,REM,0.6149825783972126,1722,PRIMARY_TARGET_FREE_DIAGNOSIS
D2_ISRUC_TO_SLEEPEDF,C0,42,Wake,0.7826325913712558,3639,PRIMARY_TARGET_FREE_DIAGNOSIS
D2_ISRUC_TO_SLEEPEDF,C0,42,N1,0.5586826347305389,1670,PRIMARY_TARGET_FREE_DIAGNOSIS
D2_ISRUC_TO_SLEEPEDF,C0,42,N2,0.7786991448561803,3859,PRIMARY_TARGET_FREE_DIAGNOSIS
D2_ISRUC_TO_SLEEPEDF,C0,42,N3,0.828952239911144,2701,PRIMARY_TARGET_FREE_DIAGNOSIS
D2_ISRUC_TO_SLEEPEDF,C0,42,REM,0.6980255516840883,1722,PRIMARY_TARGET_FREE_DIAGNOSIS
D2_ISRUC_TO_SLEEPEDF,C0,2026,Wake,0.8364935421819181,3639,PRIMARY_TARGET_FREE_DIAGNOSIS
D2_ISRUC_TO_SLEEPEDF,C0,2026,N1,0.4688622754491018,1670,PRIMARY_TARGET_FREE_DIAGNOSIS
D2_ISRUC_TO_SLEEPEDF,C0,2026,N2,0.752526561285307,3859,PRIMARY_TARGET_FREE_DIAGNOSIS
D2_ISRUC_TO_SLEEPEDF,C0,2026,N3,0.9111440207330618,2701,PRIMARY_TARGET_FREE_DIAGNOSIS
D2_ISRUC_TO_SLEEPEDF,C0,2026,REM,0.6155632984901278,1722,PRIMARY_TARGET_FREE_DIAGNOSIS
D2_ISRUC_TO_SLEEPEDF,C1,17,Wake,0.7702665567463589,3639,PRIMARY_TARGET_FREE_DIAGNOSIS
D2_ISRUC_TO_SLEEPEDF,C1,17,N1,0.40059880239520956,1670,PRIMARY_TARGET_FREE_DIAGNOSIS
D2_ISRUC_TO_SLEEPEDF,C1,17,N2,0.6864472661311221,3859,PRIMARY_TARGET_FREE_DIAGNOSIS
D2_ISRUC_TO_SLEEPEDF,C1,17,N3,0.7571269900037023,2701,PRIMARY_TARGET_FREE_DIAGNOSIS
D2_ISRUC_TO_SLEEPEDF,C1,17,REM,0.6631823461091754,1722,PRIMARY_TARGET_FREE_DIAGNOSIS
D2_ISRUC_TO_SLEEPEDF,C1,42,Wake,0.7265732344050564,3639,PRIMARY_TARGET_FREE_DIAGNOSIS
D2_ISRUC_TO_SLEEPEDF,C1,42,N1,0.3976047904191617,1670,PRIMARY_TARGET_FREE_DIAGNOSIS
D2_ISRUC_TO_SLEEPEDF,C1,42,N2,0.7693703031873542,3859,PRIMARY_TARGET_FREE_DIAGNOSIS
D2_ISRUC_TO_SLEEPEDF,C1,42,N3,0.8082191780821918,2701,PRIMARY_TARGET_FREE_DIAGNOSIS
D2_ISRUC_TO_SLEEPEDF,C1,42,REM,0.6027874564459931,1722,PRIMARY_TARGET_FREE_DIAGNOSIS
D2_ISRUC_TO_SLEEPEDF,C1,2026,Wake,0.7430612805715856,3639,PRIMARY_TARGET_FREE_DIAGNOSIS
D2_ISRUC_TO_SLEEPEDF,C1,2026,N1,0.3029940119760479,1670,PRIMARY_TARGET_FREE_DIAGNOSIS
D2_ISRUC_TO_SLEEPEDF,C1,2026,N2,0.740347240217673,3859,PRIMARY_TARGET_FREE_DIAGNOSIS
D2_ISRUC_TO_SLEEPEDF,C1,2026,N3,0.8463532025175861,2701,PRIMARY_TARGET_FREE_DIAGNOSIS
D2_ISRUC_TO_SLEEPEDF,C1,2026,REM,0.48606271777003485,1722,PRIMARY_TARGET_FREE_DIAGNOSIS
D2_ISRUC_TO_SLEEPEDF,C2,17,Wake,0.2462214894201704,3639,PRIMARY_TARGET_FREE_DIAGNOSIS
D2_ISRUC_TO_SLEEPEDF,C2,17,N1,0.2508982035928144,1670,PRIMARY_TARGET_FREE_DIAGNOSIS
D2_ISRUC_TO_SLEEPEDF,C2,17,N2,0.7211712878984193,3859,PRIMARY_TARGET_FREE_DIAGNOSIS
D2_ISRUC_TO_SLEEPEDF,C2,17,N3,0.7993335801554979,2701,PRIMARY_TARGET_FREE_DIAGNOSIS
D2_ISRUC_TO_SLEEPEDF,C2,17,REM,0.4912891986062718,1722,PRIMARY_TARGET_FREE_DIAGNOSIS
D2_ISRUC_TO_SLEEPEDF,C2,42,Wake,0.25748832096729873,3639,PRIMARY_TARGET_FREE_DIAGNOSIS
D2_ISRUC_TO_SLEEPEDF,C2,42,N1,0.4808383233532934,1670,PRIMARY_TARGET_FREE_DIAGNOSIS
D2_ISRUC_TO_SLEEPEDF,C2,42,N2,0.5866804871728427,3859,PRIMARY_TARGET_FREE_DIAGNOSIS
D2_ISRUC_TO_SLEEPEDF,C2,42,N3,0.6693817104776009,2701,PRIMARY_TARGET_FREE_DIAGNOSIS
D2_ISRUC_TO_SLEEPEDF,C2,42,REM,0.5958188153310104,1722,PRIMARY_TARGET_FREE_DIAGNOSIS
D2_ISRUC_TO_SLEEPEDF,C2,2026,Wake,0.2822203902170926,3639,PRIMARY_TARGET_FREE_DIAGNOSIS
D2_ISRUC_TO_SLEEPEDF,C2,2026,N1,0.18083832335329342,1670,PRIMARY_TARGET_FREE_DIAGNOSIS
D2_ISRUC_TO_SLEEPEDF,C2,2026,N2,0.6284011401917595,3859,PRIMARY_TARGET_FREE_DIAGNOSIS
D2_ISRUC_TO_SLEEPEDF,C2,2026,N3,0.81673454276194,2701,PRIMARY_TARGET_FREE_DIAGNOSIS
D2_ISRUC_TO_SLEEPEDF,C2,2026,REM,0.5435540069686411,1722,PRIMARY_TARGET_FREE_DIAGNOSIS
D2_ISRUC_TO_SLEEPEDF,C3,17,Wake,0.7961342942126524,285433,PRIMARY_TARGET_FREE_DIAGNOSIS
D2_ISRUC_TO_SLEEPEDF,C3,17,N1,0.296487315305269,21522,PRIMARY_TARGET_FREE_DIAGNOSIS
D2_ISRUC_TO_SLEEPEDF,C3,17,N2,0.5130185731643812,69132,PRIMARY_TARGET_FREE_DIAGNOSIS
D2_ISRUC_TO_SLEEPEDF,C3,17,N3,0.9555947541989417,13039,PRIMARY_TARGET_FREE_DIAGNOSIS
D2_ISRUC_TO_SLEEPEDF,C3,17,REM,0.6113024966131217,25835,PRIMARY_TARGET_FREE_DIAGNOSIS
D2_ISRUC_TO_SLEEPEDF,C3,42,Wake,0.7523622005864774,285433,PRIMARY_TARGET_FREE_DIAGNOSIS
D2_ISRUC_TO_SLEEPEDF,C3,42,N1,0.2872874268190689,21522,PRIMARY_TARGET_FREE_DIAGNOSIS
D2_ISRUC_TO_SLEEPEDF,C3,42,N2,0.5306949025053521,69132,PRIMARY_TARGET_FREE_DIAGNOSIS
D2_ISRUC_TO_SLEEPEDF,C3,42,N3,0.9619602730270727,13039,PRIMARY_TARGET_FREE_DIAGNOSIS
D2_ISRUC_TO_SLEEPEDF,C3,42,REM,0.5745306754402941,25835,PRIMARY_TARGET_FREE_DIAGNOSIS
D2_ISRUC_TO_SLEEPEDF,C3,2026,Wake,0.7284651739637673,285433,PRIMARY_TARGET_FREE_DIAGNOSIS
D2_ISRUC_TO_SLEEPEDF,C3,2026,N1,0.2007713037821764,21522,PRIMARY_TARGET_FREE_DIAGNOSIS
D2_ISRUC_TO_SLEEPEDF,C3,2026,N2,0.4623907886362321,69132,PRIMARY_TARGET_FREE_DIAGNOSIS
D2_ISRUC_TO_SLEEPEDF,C3,2026,N3,0.9747680036812639,13039,PRIMARY_TARGET_FREE_DIAGNOSIS
D2_ISRUC_TO_SLEEPEDF,C3,2026,REM,0.5439132959163925,25835,PRIMARY_TARGET_FREE_DIAGNOSIS
D2_ISRUC_TO_SLEEPEDF,C4,17,Wake,0.6154509114222952,285433,PRIMARY_TARGET_FREE_DIAGNOSIS
D2_ISRUC_TO_SLEEPEDF,C4,17,N1,0.2126661090976675,21522,PRIMARY_TARGET_FREE_DIAGNOSIS
D2_ISRUC_TO_SLEEPEDF,C4,17,N2,0.5744662385002604,69132,PRIMARY_TARGET_FREE_DIAGNOSIS
D2_ISRUC_TO_SLEEPEDF,C4,17,N3,0.9599662550809112,13039,PRIMARY_TARGET_FREE_DIAGNOSIS
D2_ISRUC_TO_SLEEPEDF,C4,17,REM,0.45813818463324946,25835,PRIMARY_TARGET_FREE_DIAGNOSIS
D2_ISRUC_TO_SLEEPEDF,C4,42,Wake,0.5437633350033108,285433,PRIMARY_TARGET_FREE_DIAGNOSIS
D2_ISRUC_TO_SLEEPEDF,C4,42,N1,0.1769352290679305,21522,PRIMARY_TARGET_FREE_DIAGNOSIS
D2_ISRUC_TO_SLEEPEDF,C4,42,N2,0.5138864780420066,69132,PRIMARY_TARGET_FREE_DIAGNOSIS
D2_ISRUC_TO_SLEEPEDF,C4,42,N3,0.9770687936191426,13039,PRIMARY_TARGET_FREE_DIAGNOSIS
D2_ISRUC_TO_SLEEPEDF,C4,42,REM,0.34836462163731374,25835,PRIMARY_TARGET_FREE_DIAGNOSIS
D2_ISRUC_TO_SLEEPEDF,C4,2026,Wake,0.4597926658795584,285433,PRIMARY_TARGET_FREE_DIAGNOSIS
D2_ISRUC_TO_SLEEPEDF,C4,2026,N1,0.13428120063191154,21522,PRIMARY_TARGET_FREE_DIAGNOSIS
D2_ISRUC_TO_SLEEPEDF,C4,2026,N2,0.5020251113811259,69132,PRIMARY_TARGET_FREE_DIAGNOSIS
D2_ISRUC_TO_SLEEPEDF,C4,2026,N3,0.9776056446046476,13039,PRIMARY_TARGET_FREE_DIAGNOSIS
D2_ISRUC_TO_SLEEPEDF,C4,2026,REM,0.24853880394813238,25835,PRIMARY_TARGET_FREE_DIAGNOSIS
D2_ISRUC_TO_SLEEPEDF,C5,17,Wake,0.4474395041918769,285433,PRIMARY_TARGET_FREE_DIAGNOSIS
D2_ISRUC_TO_SLEEPEDF,C5,17,N1,0.33700399591116065,21522,PRIMARY_TARGET_FREE_DIAGNOSIS
D2_ISRUC_TO_SLEEPEDF,C5,17,N2,0.3894289185905225,69132,PRIMARY_TARGET_FREE_DIAGNOSIS
D2_ISRUC_TO_SLEEPEDF,C5,17,N3,0.7249022164276402,13039,PRIMARY_TARGET_FREE_DIAGNOSIS
D2_ISRUC_TO_SLEEPEDF,C5,17,REM,0.6063866847300174,25835,PRIMARY_TARGET_FREE_DIAGNOSIS
D2_ISRUC_TO_SLEEPEDF,C5,42,Wake,0.4635098254231291,285433,PRIMARY_TARGET_FREE_DIAGNOSIS
D2_ISRUC_TO_SLEEPEDF,C5,42,N1,0.46622061146733573,21522,PRIMARY_TARGET_FREE_DIAGNOSIS
D2_ISRUC_TO_SLEEPEDF,C5,42,N2,0.3220650350054967,69132,PRIMARY_TARGET_FREE_DIAGNOSIS
D2_ISRUC_TO_SLEEPEDF,C5,42,N3,0.6534243423575428,13039,PRIMARY_TARGET_FREE_DIAGNOSIS
D2_ISRUC_TO_SLEEPEDF,C5,42,REM,0.6302690149022644,25835,PRIMARY_TARGET_FREE_DIAGNOSIS
D2_ISRUC_TO_SLEEPEDF,C5,2026,Wake,0.517557535393595,285433,PRIMARY_TARGET_FREE_DIAGNOSIS
D2_ISRUC_TO_SLEEPEDF,C5,2026,N1,0.3087073692036056,21522,PRIMARY_TARGET_FREE_DIAGNOSIS
D2_ISRUC_TO_SLEEPEDF,C5,2026,N2,0.33725337036394143,69132,PRIMARY_TARGET_FREE_DIAGNOSIS
D2_ISRUC_TO_SLEEPEDF,C5,2026,N3,0.5556407699976992,13039,PRIMARY_TARGET_FREE_DIAGNOSIS
D2_ISRUC_TO_SLEEPEDF,C5,2026,REM,0.6493129475517708,25835,PRIMARY_TARGET_FREE_DIAGNOSIS
