direction,seed,condition,montage,metric,probability_variant,value,subject_count,epoch_count
D1_SLEEPEDF_TO_ISRUC,17,C3,ISRUC_A1A2,macro-F1,UNCALIBRATED,0.5228062825629666,17,15429
D1_SLEEPEDF_TO_ISRUC,17,C3,ISRUC_A1A2,NLL,UNCALIBRATED,1.6153559440266216,17,15429
D1_SLEEPEDF_TO_ISRUC,17,C3,ISRUC_A1A2,Brier,UNCALIBRATED,0.6136889952545432,17,15429
D1_SLEEPEDF_TO_ISRUC,17,C3,ISRUC_A1A2,error_entropy_AUROC,UNCALIBRATED,0.7042745814303513,17,15429
D1_SLEEPEDF_TO_ISRUC,17,C3,ISRUC_A1A2,error_entropy_AUPRC,UNCALIBRATED,0.6032431481630655,17,15429
D1_SLEEPEDF_TO_ISRUC,17,C3,ISRUC_A1A2,entropy_AURC,UNCALIBRATED,0.2700397233238265,17,15429
D1_SLEEPEDF_TO_ISRUC,17,C3,ISRUC_M1M2,macro-F1,UNCALIBRATED,0.6614945208363061,82,73883
D1_SLEEPEDF_TO_ISRUC,17,C3,ISRUC_M1M2,NLL,UNCALIBRATED,0.8445848342898007,82,73883
D1_SLEEPEDF_TO_ISRUC,17,C3,ISRUC_M1M2,Brier,UNCALIBRATED,0.42669956469618064,82,73883
D1_SLEEPEDF_TO_ISRUC,17,C3,ISRUC_M1M2,error_entropy_AUROC,UNCALIBRATED,0.7604725512908392,82,73883
D1_SLEEPEDF_TO_ISRUC,17,C3,ISRUC_M1M2,error_entropy_AUPRC,UNCALIBRATED,0.5291653635745849,82,73883
D1_SLEEPEDF_TO_ISRUC,17,C3,ISRUC_M1M2,entropy_AURC,UNCALIBRATED,0.13912537893876645,82,73883
D1_SLEEPEDF_TO_ISRUC,17,C4,ISRUC_A1A2,macro-F1,UNCALIBRATED,0.4686893344297146,17,15429
D1_SLEEPEDF_TO_ISRUC,17,C4,ISRUC_A1A2,NLL,UNCALIBRATED,1.4457021479358985,17,15429
D1_SLEEPEDF_TO_ISRUC,17,C4,ISRUC_A1A2,Brier,UNCALIBRATED,0.6494627466307064,17,15429
D1_SLEEPEDF_TO_ISRUC,17,C4,ISRUC_A1A2,error_entropy_AUROC,UNCALIBRATED,0.7212722798773366,17,15429
D1_SLEEPEDF_TO_ISRUC,17,C4,ISRUC_A1A2,error_entropy_AUPRC,UNCALIBRATED,0.6652519817692635,17,15429
D1_SLEEPEDF_TO_ISRUC,17,C4,ISRUC_A1A2,entropy_AURC,UNCALIBRATED,0.29841125999014134,17,15429
D1_SLEEPEDF_TO_ISRUC,17,C4,ISRUC_M1M2,macro-F1,UNCALIBRATED,0.5832693298293914,82,73883
D1_SLEEPEDF_TO_ISRUC,17,C4,ISRUC_M1M2,NLL,UNCALIBRATED,0.9314214292559211,82,73883
D1_SLEEPEDF_TO_ISRUC,17,C4,ISRUC_M1M2,Brier,UNCALIBRATED,0.4890384424934875,82,73883
D1_SLEEPEDF_TO_ISRUC,17,C4,ISRUC_M1M2,error_entropy_AUROC,UNCALIBRATED,0.726131863588318,82,73883
D1_SLEEPEDF_TO_ISRUC,17,C4,ISRUC_M1M2,error_entropy_AUPRC,UNCALIBRATED,0.5502538598494853,82,73883
D1_SLEEPEDF_TO_ISRUC,17,C4,ISRUC_M1M2,entropy_AURC,UNCALIBRATED,0.1930807586661599,82,73883
D1_SLEEPEDF_TO_ISRUC,17,C5,ISRUC_A1A2,macro-F1,UNCALIBRATED,0.4024167638628633,17,15429
D1_SLEEPEDF_TO_ISRUC,17,C5,ISRUC_A1A2,NLL,UNCALIBRATED,1.6790076447737075,17,15429
D1_SLEEPEDF_TO_ISRUC,17,C5,ISRUC_A1A2,Brier,UNCALIBRATED,0.7234703771677552,17,15429
D1_SLEEPEDF_TO_ISRUC,17,C5,ISRUC_A1A2,error_entropy_AUROC,UNCALIBRATED,0.6823103748910201,17,15429
D1_SLEEPEDF_TO_ISRUC,17,C5,ISRUC_A1A2,error_entropy_AUPRC,UNCALIBRATED,0.6636219056863901,17,15429
D1_SLEEPEDF_TO_ISRUC,17,C5,ISRUC_A1A2,entropy_AURC,UNCALIBRATED,0.3603392193642322,17,15429
D1_SLEEPEDF_TO_ISRUC,17,C5,ISRUC_M1M2,macro-F1,UNCALIBRATED,0.49268319651832293,82,73883
D1_SLEEPEDF_TO_ISRUC,17,C5,ISRUC_M1M2,NLL,UNCALIBRATED,1.3759189147950996,82,73883
D1_SLEEPEDF_TO_ISRUC,17,C5,ISRUC_M1M2,Brier,UNCALIBRATED,0.6361309236327727,82,73883
D1_SLEEPEDF_TO_ISRUC,17,C5,ISRUC_M1M2,error_entropy_AUROC,UNCALIBRATED,0.6861622668858433,82,73883
D1_SLEEPEDF_TO_ISRUC,17,C5,ISRUC_M1M2,error_entropy_AUPRC,UNCALIBRATED,0.6017943085982863,82,73883
D1_SLEEPEDF_TO_ISRUC,17,C5,ISRUC_M1M2,entropy_AURC,UNCALIBRATED,0.2946509614286079,82,73883
D1_SLEEPEDF_TO_ISRUC,42,C3,ISRUC_A1A2,macro-F1,UNCALIBRATED,0.5786181230018087,17,15429
D1_SLEEPEDF_TO_ISRUC,42,C3,ISRUC_A1A2,NLL,UNCALIBRATED,1.2171793549243037,17,15429
D1_SLEEPEDF_TO_ISRUC,42,C3,ISRUC_A1A2,Brier,UNCALIBRATED,0.5398922318478031,17,15429
D1_SLEEPEDF_TO_ISRUC,42,C3,ISRUC_A1A2,error_entropy_AUROC,UNCALIBRATED,0.6920607867766508,17,15429
D1_SLEEPEDF_TO_ISRUC,42,C3,ISRUC_A1A2,error_entropy_AUPRC,UNCALIBRATED,0.5627250274777548,17,15429
D1_SLEEPEDF_TO_ISRUC,42,C3,ISRUC_A1A2,entropy_AURC,UNCALIBRATED,0.24900404543184948,17,15429
D1_SLEEPEDF_TO_ISRUC,42,C3,ISRUC_M1M2,macro-F1,UNCALIBRATED,0.6290921812443958,82,73883
D1_SLEEPEDF_TO_ISRUC,42,C3,ISRUC_M1M2,NLL,UNCALIBRATED,0.8719916492250409,82,73883
D1_SLEEPEDF_TO_ISRUC,42,C3,ISRUC_M1M2,Brier,UNCALIBRATED,0.44587266959143274,82,73883
D1_SLEEPEDF_TO_ISRUC,42,C3,ISRUC_M1M2,error_entropy_AUROC,UNCALIBRATED,0.7408029845833947,82,73883
D1_SLEEPEDF_TO_ISRUC,42,C3,ISRUC_M1M2,error_entropy_AUPRC,UNCALIBRATED,0.5263461834277052,82,73883
D1_SLEEPEDF_TO_ISRUC,42,C3,ISRUC_M1M2,entropy_AURC,UNCALIBRATED,0.15831727131581844,82,73883
D1_SLEEPEDF_TO_ISRUC,42,C4,ISRUC_A1A2,macro-F1,UNCALIBRATED,0.506674364079454,17,15429
D1_SLEEPEDF_TO_ISRUC,42,C4,ISRUC_A1A2,NLL,UNCALIBRATED,1.1987402672030918,17,15429
D1_SLEEPEDF_TO_ISRUC,42,C4,ISRUC_A1A2,Brier,UNCALIBRATED,0.5806240040189717,17,15429
D1_SLEEPEDF_TO_ISRUC,42,C4,ISRUC_A1A2,error_entropy_AUROC,UNCALIBRATED,0.7093165960263551,17,15429
D1_SLEEPEDF_TO_ISRUC,42,C4,ISRUC_A1A2,error_entropy_AUPRC,UNCALIBRATED,0.6158758160899604,17,15429
D1_SLEEPEDF_TO_ISRUC,42,C4,ISRUC_A1A2,entropy_AURC,UNCALIBRATED,0.2766601499085026,17,15429
D1_SLEEPEDF_TO_ISRUC,42,C4,ISRUC_M1M2,macro-F1,UNCALIBRATED,0.5919569044302253,82,73883
D1_SLEEPEDF_TO_ISRUC,42,C4,ISRUC_M1M2,NLL,UNCALIBRATED,0.9426124934217703,82,73883
D1_SLEEPEDF_TO_ISRUC,42,C4,ISRUC_M1M2,Brier,UNCALIBRATED,0.48257661249710854,82,73883
D1_SLEEPEDF_TO_ISRUC,42,C4,ISRUC_M1M2,error_entropy_AUROC,UNCALIBRATED,0.7145655807939447,82,73883
D1_SLEEPEDF_TO_ISRUC,42,C4,ISRUC_M1M2,error_entropy_AUPRC,UNCALIBRATED,0.5498171395428919,82,73883
D1_SLEEPEDF_TO_ISRUC,42,C4,ISRUC_M1M2,entropy_AURC,UNCALIBRATED,0.20830840227807418,82,73883
D1_SLEEPEDF_TO_ISRUC,42,C5,ISRUC_A1A2,macro-F1,UNCALIBRATED,0.3705866771764008,17,15429
D1_SLEEPEDF_TO_ISRUC,42,C5,ISRUC_A1A2,NLL,UNCALIBRATED,1.4551937957392669,17,15429
D1_SLEEPEDF_TO_ISRUC,42,C5,ISRUC_A1A2,Brier,UNCALIBRATED,0.6976310104708713,17,15429
D1_SLEEPEDF_TO_ISRUC,42,C5,ISRUC_A1A2,error_entropy_AUROC,UNCALIBRATED,0.6604288065029055,17,15429
D1_SLEEPEDF_TO_ISRUC,42,C5,ISRUC_A1A2,error_entropy_AUPRC,UNCALIBRATED,0.6328648520264335,17,15429
D1_SLEEPEDF_TO_ISRUC,42,C5,ISRUC_A1A2,entropy_AURC,UNCALIBRATED,0.356691545326178,17,15429
D1_SLEEPEDF_TO_ISRUC,42,C5,ISRUC_M1M2,macro-F1,UNCALIBRATED,0.4554675869094714,82,73883
D1_SLEEPEDF_TO_ISRUC,42,C5,ISRUC_M1M2,NLL,UNCALIBRATED,1.3563822009849071,82,73883
D1_SLEEPEDF_TO_ISRUC,42,C5,ISRUC_M1M2,Brier,UNCALIBRATED,0.6424734580953224,82,73883
D1_SLEEPEDF_TO_ISRUC,42,C5,ISRUC_M1M2,error_entropy_AUROC,UNCALIBRATED,0.6666400829793647,82,73883
D1_SLEEPEDF_TO_ISRUC,42,C5,ISRUC_M1M2,error_entropy_AUPRC,UNCALIBRATED,0.5831446868575587,82,73883
D1_SLEEPEDF_TO_ISRUC,42,C5,ISRUC_M1M2,entropy_AURC,UNCALIBRATED,0.3112107872954727,82,73883
D1_SLEEPEDF_TO_ISRUC,2026,C3,ISRUC_A1A2,macro-F1,UNCALIBRATED,0.43720990533132814,17,15429
D1_SLEEPEDF_TO_ISRUC,2026,C3,ISRUC_A1A2,NLL,UNCALIBRATED,1.4246822240205266,17,15429
D1_SLEEPEDF_TO_ISRUC,2026,C3,ISRUC_A1A2,Brier,UNCALIBRATED,0.6327705661375144,17,15429
D1_SLEEPEDF_TO_ISRUC,2026,C3,ISRUC_A1A2,error_entropy_AUROC,UNCALIBRATED,0.7342056802346403,17,15429
D1_SLEEPEDF_TO_ISRUC,2026,C3,ISRUC_A1A2,error_entropy_AUPRC,UNCALIBRATED,0.6670033051718411,17,15429
D1_SLEEPEDF_TO_ISRUC,2026,C3,ISRUC_A1A2,entropy_AURC,UNCALIBRATED,0.2783173959776893,17,15429
D1_SLEEPEDF_TO_ISRUC,2026,C3,ISRUC_M1M2,macro-F1,UNCALIBRATED,0.5988173758215447,82,73883
D1_SLEEPEDF_TO_ISRUC,2026,C3,ISRUC_M1M2,NLL,UNCALIBRATED,0.9112057058808304,82,73883
D1_SLEEPEDF_TO_ISRUC,2026,C3,ISRUC_M1M2,Brier,UNCALIBRATED,0.4667962778993865,82,73883
D1_SLEEPEDF_TO_ISRUC,2026,C3,ISRUC_M1M2,error_entropy_AUROC,UNCALIBRATED,0.7516122823536792,82,73883
D1_SLEEPEDF_TO_ISRUC,2026,C3,ISRUC_M1M2,error_entropy_AUPRC,UNCALIBRATED,0.5641659973935769,82,73883
D1_SLEEPEDF_TO_ISRUC,2026,C3,ISRUC_M1M2,entropy_AURC,UNCALIBRATED,0.1687503523297266,82,73883
D1_SLEEPEDF_TO_ISRUC,2026,C4,ISRUC_A1A2,macro-F1,UNCALIBRATED,0.3669583864271875,17,15429
D1_SLEEPEDF_TO_ISRUC,2026,C4,ISRUC_A1A2,NLL,UNCALIBRATED,1.5924214210870609,17,15429
D1_SLEEPEDF_TO_ISRUC,2026,C4,ISRUC_A1A2,Brier,UNCALIBRATED,0.7214433351736993,17,15429
D1_SLEEPEDF_TO_ISRUC,2026,C4,ISRUC_A1A2,error_entropy_AUROC,UNCALIBRATED,0.7143782416852112,17,15429
D1_SLEEPEDF_TO_ISRUC,2026,C4,ISRUC_A1A2,error_entropy_AUPRC,UNCALIBRATED,0.691526436561867,17,15429
D1_SLEEPEDF_TO_ISRUC,2026,C4,ISRUC_A1A2,entropy_AURC,UNCALIBRATED,0.3374448883975315,17,15429
D1_SLEEPEDF_TO_ISRUC,2026,C4,ISRUC_M1M2,macro-F1,UNCALIBRATED,0.5106445561605943,82,73883
D1_SLEEPEDF_TO_ISRUC,2026,C4,ISRUC_M1M2,NLL,UNCALIBRATED,1.1403565618617797,82,73883
D1_SLEEPEDF_TO_ISRUC,2026,C4,ISRUC_M1M2,Brier,UNCALIBRATED,0.5619324023280367,82,73883
D1_SLEEPEDF_TO_ISRUC,2026,C4,ISRUC_M1M2,error_entropy_AUROC,UNCALIBRATED,0.7195190449437506,82,73883
D1_SLEEPEDF_TO_ISRUC,2026,C4,ISRUC_M1M2,error_entropy_AUPRC,UNCALIBRATED,0.6073929746860243,82,73883
D1_SLEEPEDF_TO_ISRUC,2026,C4,ISRUC_M1M2,entropy_AURC,UNCALIBRATED,0.24070241848181761,82,73883
D1_SLEEPEDF_TO_ISRUC,2026,C5,ISRUC_A1A2,macro-F1,UNCALIBRATED,0.387103691423416,17,15429
D1_SLEEPEDF_TO_ISRUC,2026,C5,ISRUC_A1A2,NLL,UNCALIBRATED,1.3470773131690175,17,15429
D1_SLEEPEDF_TO_ISRUC,2026,C5,ISRUC_A1A2,Brier,UNCALIBRATED,0.6813097872995868,17,15429
D1_SLEEPEDF_TO_ISRUC,2026,C5,ISRUC_A1A2,error_entropy_AUROC,UNCALIBRATED,0.6325919062021892,17,15429
D1_SLEEPEDF_TO_ISRUC,2026,C5,ISRUC_A1A2,error_entropy_AUPRC,UNCALIBRATED,0.6105431337548334,17,15429
D1_SLEEPEDF_TO_ISRUC,2026,C5,ISRUC_A1A2,entropy_AURC,UNCALIBRATED,0.37920138600454006,17,15429
D1_SLEEPEDF_TO_ISRUC,2026,C5,ISRUC_M1M2,macro-F1,UNCALIBRATED,0.5071521249830216,82,73883
D1_SLEEPEDF_TO_ISRUC,2026,C5,ISRUC_M1M2,NLL,UNCALIBRATED,1.083945743832457,82,73883
D1_SLEEPEDF_TO_ISRUC,2026,C5,ISRUC_M1M2,Brier,UNCALIBRATED,0.547354202633091,82,73883
D1_SLEEPEDF_TO_ISRUC,2026,C5,ISRUC_M1M2,error_entropy_AUROC,UNCALIBRATED,0.6847076818240435,82,73883
D1_SLEEPEDF_TO_ISRUC,2026,C5,ISRUC_M1M2,error_entropy_AUPRC,UNCALIBRATED,0.555453331640998,82,73883
D1_SLEEPEDF_TO_ISRUC,2026,C5,ISRUC_M1M2,entropy_AURC,UNCALIBRATED,0.25817614201574884,82,73883
D2_ISRUC_TO_SLEEPEDF,17,C0,ISRUC_A1A2,macro-F1,UNCALIBRATED,0.5912536403357878,2,1746
D2_ISRUC_TO_SLEEPEDF,17,C0,ISRUC_A1A2,NLL,UNCALIBRATED,0.7131883849280193,2,1746
D2_ISRUC_TO_SLEEPEDF,17,C0,ISRUC_A1A2,Brier,UNCALIBRATED,0.3450400276648162,2,1746
D2_ISRUC_TO_SLEEPEDF,17,C0,ISRUC_A1A2,error_entropy_AUROC,UNCALIBRATED,0.806379674669919,2,1746
D2_ISRUC_TO_SLEEPEDF,17,C0,ISRUC_A1A2,error_entropy_AUPRC,UNCALIBRATED,0.5214571821328289,2,1746
D2_ISRUC_TO_SLEEPEDF,17,C0,ISRUC_A1A2,entropy_AURC,UNCALIBRATED,0.08935030869866294,2,1746
D2_ISRUC_TO_SLEEPEDF,17,C0,ISRUC_M1M2,macro-F1,UNCALIBRATED,0.7508264920966831,13,11845
D2_ISRUC_TO_SLEEPEDF,17,C0,ISRUC_M1M2,NLL,UNCALIBRATED,0.5837279167375612,13,11845
D2_ISRUC_TO_SLEEPEDF,17,C0,ISRUC_M1M2,Brier,UNCALIBRATED,0.3157205344674246,13,11845
D2_ISRUC_TO_SLEEPEDF,17,C0,ISRUC_M1M2,error_entropy_AUROC,UNCALIBRATED,0.8146645525458056,13,11845
D2_ISRUC_TO_SLEEPEDF,17,C0,ISRUC_M1M2,error_entropy_AUPRC,UNCALIBRATED,0.5200923032710371,13,11845
D2_ISRUC_TO_SLEEPEDF,17,C0,ISRUC_M1M2,entropy_AURC,UNCALIBRATED,0.07816774766116266,13,11845
D2_ISRUC_TO_SLEEPEDF,17,C1,ISRUC_A1A2,macro-F1,UNCALIBRATED,0.41922273674394345,2,1746
D2_ISRUC_TO_SLEEPEDF,17,C1,ISRUC_A1A2,NLL,UNCALIBRATED,1.062338237058766,2,1746
D2_ISRUC_TO_SLEEPEDF,17,C1,ISRUC_A1A2,Brier,UNCALIBRATED,0.5428826805092375,2,1746
D2_ISRUC_TO_SLEEPEDF,17,C1,ISRUC_A1A2,error_entropy_AUROC,UNCALIBRATED,0.7592950027852974,2,1746
D2_ISRUC_TO_SLEEPEDF,17,C1,ISRUC_A1A2,error_entropy_AUPRC,UNCALIBRATED,0.6541821658639094,2,1746
D2_ISRUC_TO_SLEEPEDF,17,C1,ISRUC_A1A2,entropy_AURC,UNCALIBRATED,0.22326638897626108,2,1746
D2_ISRUC_TO_SLEEPEDF,17,C1,ISRUC_M1M2,macro-F1,UNCALIBRATED,0.7028552892573415,13,11845
D2_ISRUC_TO_SLEEPEDF,17,C1,ISRUC_M1M2,NLL,UNCALIBRATED,0.6575809807361507,13,11845
D2_ISRUC_TO_SLEEPEDF,17,C1,ISRUC_M1M2,Brier,UNCALIBRATED,0.3577198504944632,13,11845
D2_ISRUC_TO_SLEEPEDF,17,C1,ISRUC_M1M2,error_entropy_AUROC,UNCALIBRATED,0.7867229904052968,13,11845
D2_ISRUC_TO_SLEEPEDF,17,C1,ISRUC_M1M2,error_entropy_AUPRC,UNCALIBRATED,0.5001047573986779,13,11845
D2_ISRUC_TO_SLEEPEDF,17,C1,ISRUC_M1M2,entropy_AURC,UNCALIBRATED,0.10276740590996221,13,11845
D2_ISRUC_TO_SLEEPEDF,17,C2,ISRUC_A1A2,macro-F1,UNCALIBRATED,0.5306825721814563,2,1746
D2_ISRUC_TO_SLEEPEDF,17,C2,ISRUC_A1A2,NLL,UNCALIBRATED,0.9834363537536274,2,1746
D2_ISRUC_TO_SLEEPEDF,17,C2,ISRUC_A1A2,Brier,UNCALIBRATED,0.47709704354988147,2,1746
D2_ISRUC_TO_SLEEPEDF,17,C2,ISRUC_A1A2,error_entropy_AUROC,UNCALIBRATED,0.777062706270627,2,1746
D2_ISRUC_TO_SLEEPEDF,17,C2,ISRUC_A1A2,error_entropy_AUPRC,UNCALIBRATED,0.5929584065586566,2,1746
D2_ISRUC_TO_SLEEPEDF,17,C2,ISRUC_A1A2,entropy_AURC,UNCALIBRATED,0.15536494311778679,2,1746
D2_ISRUC_TO_SLEEPEDF,17,C2,ISRUC_M1M2,macro-F1,UNCALIBRATED,0.639539510837046,13,11845
D2_ISRUC_TO_SLEEPEDF,17,C2,ISRUC_M1M2,NLL,UNCALIBRATED,0.8537821582330997,13,11845
D2_ISRUC_TO_SLEEPEDF,17,C2,ISRUC_M1M2,Brier,UNCALIBRATED,0.4460694295848328,13,11845
D2_ISRUC_TO_SLEEPEDF,17,C2,ISRUC_M1M2,error_entropy_AUROC,UNCALIBRATED,0.756898092247394,13,11845
D2_ISRUC_TO_SLEEPEDF,17,C2,ISRUC_M1M2,error_entropy_AUPRC,UNCALIBRATED,0.5646851821763856,13,11845
D2_ISRUC_TO_SLEEPEDF,17,C2,ISRUC_M1M2,entropy_AURC,UNCALIBRATED,0.15721359435725057,13,11845
D2_ISRUC_TO_SLEEPEDF,42,C0,ISRUC_A1A2,macro-F1,UNCALIBRATED,0.6102418782680195,2,1746
D2_ISRUC_TO_SLEEPEDF,42,C0,ISRUC_A1A2,NLL,UNCALIBRATED,0.6182705122963775,2,1746
D2_ISRUC_TO_SLEEPEDF,42,C0,ISRUC_A1A2,Brier,UNCALIBRATED,0.31114028739462296,2,1746
D2_ISRUC_TO_SLEEPEDF,42,C0,ISRUC_A1A2,error_entropy_AUROC,UNCALIBRATED,0.8491430785230822,2,1746
D2_ISRUC_TO_SLEEPEDF,42,C0,ISRUC_A1A2,error_entropy_AUPRC,UNCALIBRATED,0.5464605621446146,2,1746
D2_ISRUC_TO_SLEEPEDF,42,C0,ISRUC_A1A2,entropy_AURC,UNCALIBRATED,0.06521449818353976,2,1746
D2_ISRUC_TO_SLEEPEDF,42,C0,ISRUC_M1M2,macro-F1,UNCALIBRATED,0.7476478813448763,13,11845
D2_ISRUC_TO_SLEEPEDF,42,C0,ISRUC_M1M2,NLL,UNCALIBRATED,0.613501063400415,13,11845
D2_ISRUC_TO_SLEEPEDF,42,C0,ISRUC_M1M2,Brier,UNCALIBRATED,0.3351130849012434,13,11845
D2_ISRUC_TO_SLEEPEDF,42,C0,ISRUC_M1M2,error_entropy_AUROC,UNCALIBRATED,0.8006578863577156,13,11845
D2_ISRUC_TO_SLEEPEDF,42,C0,ISRUC_M1M2,error_entropy_AUPRC,UNCALIBRATED,0.5078740872828242,13,11845
D2_ISRUC_TO_SLEEPEDF,42,C0,ISRUC_M1M2,entropy_AURC,UNCALIBRATED,0.08899867216291489,13,11845
D2_ISRUC_TO_SLEEPEDF,42,C1,ISRUC_A1A2,macro-F1,UNCALIBRATED,0.4510986951906609,2,1746
D2_ISRUC_TO_SLEEPEDF,42,C1,ISRUC_A1A2,NLL,UNCALIBRATED,1.0834471848337217,2,1746
D2_ISRUC_TO_SLEEPEDF,42,C1,ISRUC_A1A2,Brier,UNCALIBRATED,0.5559417054658223,2,1746
D2_ISRUC_TO_SLEEPEDF,42,C1,ISRUC_A1A2,error_entropy_AUROC,UNCALIBRATED,0.7474892761394102,2,1746
D2_ISRUC_TO_SLEEPEDF,42,C1,ISRUC_A1A2,error_entropy_AUPRC,UNCALIBRATED,0.6357900212333762,2,1746
D2_ISRUC_TO_SLEEPEDF,42,C1,ISRUC_A1A2,entropy_AURC,UNCALIBRATED,0.22824732404110118,2,1746
D2_ISRUC_TO_SLEEPEDF,42,C1,ISRUC_M1M2,macro-F1,UNCALIBRATED,0.7012655765898886,13,11845
D2_ISRUC_TO_SLEEPEDF,42,C1,ISRUC_M1M2,NLL,UNCALIBRATED,0.6817589574976038,13,11845
D2_ISRUC_TO_SLEEPEDF,42,C1,ISRUC_M1M2,Brier,UNCALIBRATED,0.37310015010254666,13,11845
D2_ISRUC_TO_SLEEPEDF,42,C1,ISRUC_M1M2,error_entropy_AUROC,UNCALIBRATED,0.782471829616236,13,11845
D2_ISRUC_TO_SLEEPEDF,42,C1,ISRUC_M1M2,error_entropy_AUPRC,UNCALIBRATED,0.5117986015993004,13,11845
D2_ISRUC_TO_SLEEPEDF,42,C1,ISRUC_M1M2,entropy_AURC,UNCALIBRATED,0.11098841790153278,13,11845
D2_ISRUC_TO_SLEEPEDF,42,C2,ISRUC_A1A2,macro-F1,UNCALIBRATED,0.4891329037494755,2,1746
D2_ISRUC_TO_SLEEPEDF,42,C2,ISRUC_A1A2,NLL,UNCALIBRATED,0.7918191550488594,2,1746
D2_ISRUC_TO_SLEEPEDF,42,C2,ISRUC_A1A2,Brier,UNCALIBRATED,0.3953506210671678,2,1746
D2_ISRUC_TO_SLEEPEDF,42,C2,ISRUC_A1A2,error_entropy_AUROC,UNCALIBRATED,0.8103403093548146,2,1746
D2_ISRUC_TO_SLEEPEDF,42,C2,ISRUC_A1A2,error_entropy_AUPRC,UNCALIBRATED,0.5727965126385903,2,1746
D2_ISRUC_TO_SLEEPEDF,42,C2,ISRUC_A1A2,entropy_AURC,UNCALIBRATED,0.10869692526498637,2,1746
D2_ISRUC_TO_SLEEPEDF,42,C2,ISRUC_M1M2,macro-F1,UNCALIBRATED,0.6664968625742184,13,11845
D2_ISRUC_TO_SLEEPEDF,42,C2,ISRUC_M1M2,NLL,UNCALIBRATED,0.8146942254598288,13,11845
D2_ISRUC_TO_SLEEPEDF,42,C2,ISRUC_M1M2,Brier,UNCALIBRATED,0.43102783142650836,13,11845
D2_ISRUC_TO_SLEEPEDF,42,C2,ISRUC_M1M2,error_entropy_AUROC,UNCALIBRATED,0.7416994092491398,13,11845
D2_ISRUC_TO_SLEEPEDF,42,C2,ISRUC_M1M2,error_entropy_AUPRC,UNCALIBRATED,0.5198832285298888,13,11845
D2_ISRUC_TO_SLEEPEDF,42,C2,ISRUC_M1M2,entropy_AURC,UNCALIBRATED,0.15236780431238386,13,11845
D2_ISRUC_TO_SLEEPEDF,2026,C0,ISRUC_A1A2,macro-F1,UNCALIBRATED,0.576045576880515,2,1746
D2_ISRUC_TO_SLEEPEDF,2026,C0,ISRUC_A1A2,NLL,UNCALIBRATED,0.627044069633193,2,1746
D2_ISRUC_TO_SLEEPEDF,2026,C0,ISRUC_A1A2,Brier,UNCALIBRATED,0.31722944104538137,2,1746
D2_ISRUC_TO_SLEEPEDF,2026,C0,ISRUC_A1A2,error_entropy_AUROC,UNCALIBRATED,0.829300143129067,2,1746
D2_ISRUC_TO_SLEEPEDF,2026,C0,ISRUC_A1A2,error_entropy_AUPRC,UNCALIBRATED,0.5376189068285009,2,1746
D2_ISRUC_TO_SLEEPEDF,2026,C0,ISRUC_A1A2,entropy_AURC,UNCALIBRATED,0.07495352490050633,2,1746
D2_ISRUC_TO_SLEEPEDF,2026,C0,ISRUC_M1M2,macro-F1,UNCALIBRATED,0.7537340183808763,13,11845
D2_ISRUC_TO_SLEEPEDF,2026,C0,ISRUC_M1M2,NLL,UNCALIBRATED,0.5800491178316829,13,11845
D2_ISRUC_TO_SLEEPEDF,2026,C0,ISRUC_M1M2,Brier,UNCALIBRATED,0.3151047630088625,13,11845
D2_ISRUC_TO_SLEEPEDF,2026,C0,ISRUC_M1M2,error_entropy_AUROC,UNCALIBRATED,0.8106679958354001,13,11845
D2_ISRUC_TO_SLEEPEDF,2026,C0,ISRUC_M1M2,error_entropy_AUPRC,UNCALIBRATED,0.49421006765938935,13,11845
D2_ISRUC_TO_SLEEPEDF,2026,C0,ISRUC_M1M2,entropy_AURC,UNCALIBRATED,0.07874002257910528,13,11845
D2_ISRUC_TO_SLEEPEDF,2026,C1,ISRUC_A1A2,macro-F1,UNCALIBRATED,0.40393532352936806,2,1746
D2_ISRUC_TO_SLEEPEDF,2026,C1,ISRUC_A1A2,NLL,UNCALIBRATED,1.518602973709212,2,1746
D2_ISRUC_TO_SLEEPEDF,2026,C1,ISRUC_A1A2,Brier,UNCALIBRATED,0.6986608406585746,2,1746
D2_ISRUC_TO_SLEEPEDF,2026,C1,ISRUC_A1A2,error_entropy_AUROC,UNCALIBRATED,0.7082334237720157,2,1746
D2_ISRUC_TO_SLEEPEDF,2026,C1,ISRUC_A1A2,error_entropy_AUPRC,UNCALIBRATED,0.6946771371043702,2,1746
D2_ISRUC_TO_SLEEPEDF,2026,C1,ISRUC_A1A2,entropy_AURC,UNCALIBRATED,0.3250409664255301,2,1746
D2_ISRUC_TO_SLEEPEDF,2026,C1,ISRUC_M1M2,macro-F1,UNCALIBRATED,0.7069809383104805,13,11845
D2_ISRUC_TO_SLEEPEDF,2026,C1,ISRUC_M1M2,NLL,UNCALIBRATED,0.6609920512594877,13,11845
D2_ISRUC_TO_SLEEPEDF,2026,C1,ISRUC_M1M2,Brier,UNCALIBRATED,0.3571819186436075,13,11845
D2_ISRUC_TO_SLEEPEDF,2026,C1,ISRUC_M1M2,error_entropy_AUROC,UNCALIBRATED,0.7871849448642418,13,11845
D2_ISRUC_TO_SLEEPEDF,2026,C1,ISRUC_M1M2,error_entropy_AUPRC,UNCALIBRATED,0.5043187709117093,13,11845
D2_ISRUC_TO_SLEEPEDF,2026,C1,ISRUC_M1M2,entropy_AURC,UNCALIBRATED,0.10225757450896213,13,11845
D2_ISRUC_TO_SLEEPEDF,2026,C2,ISRUC_A1A2,macro-F1,UNCALIBRATED,0.4640193657609501,2,1746
D2_ISRUC_TO_SLEEPEDF,2026,C2,ISRUC_A1A2,NLL,UNCALIBRATED,0.7219259895272244,2,1746
D2_ISRUC_TO_SLEEPEDF,2026,C2,ISRUC_A1A2,Brier,UNCALIBRATED,0.3683471473661287,2,1746
D2_ISRUC_TO_SLEEPEDF,2026,C2,ISRUC_A1A2,error_entropy_AUROC,UNCALIBRATED,0.7938807878728901,2,1746
D2_ISRUC_TO_SLEEPEDF,2026,C2,ISRUC_A1A2,error_entropy_AUPRC,UNCALIBRATED,0.4770143218976724,2,1746
D2_ISRUC_TO_SLEEPEDF,2026,C2,ISRUC_A1A2,entropy_AURC,UNCALIBRATED,0.09548825354534383,2,1746
D2_ISRUC_TO_SLEEPEDF,2026,C2,ISRUC_M1M2,macro-F1,UNCALIBRATED,0.6466880049829158,13,11845
D2_ISRUC_TO_SLEEPEDF,2026,C2,ISRUC_M1M2,NLL,UNCALIBRATED,0.8072154254723031,13,11845
D2_ISRUC_TO_SLEEPEDF,2026,C2,ISRUC_M1M2,Brier,UNCALIBRATED,0.4241326926996211,13,11845
D2_ISRUC_TO_SLEEPEDF,2026,C2,ISRUC_M1M2,error_entropy_AUROC,UNCALIBRATED,0.735377939527614,13,11845
D2_ISRUC_TO_SLEEPEDF,2026,C2,ISRUC_M1M2,error_entropy_AUPRC,UNCALIBRATED,0.5120381368888665,13,11845
D2_ISRUC_TO_SLEEPEDF,2026,C2,ISRUC_M1M2,entropy_AURC,UNCALIBRATED,0.15229396320884794,13,11845
