subject_id,provider_folder,filename,role,provider,local_path,bytes,sha256,acquisition_status,retry_count,terminal_acquisition_reason
I001,1,1.rec,signal,ORIGINAL_ISRUC_MEGA,data\raw\isruc-original\subject-1\1\1.rec,143885120,4ff7c64f79131213e15107a4f53d40db0081ec2246142b67d2343b2b8dbbb42f,ACQUIRED,0,
I001,1,1_1.txt,scorer1_txt,ORIGINAL_ISRUC_MEGA,data\raw\isruc-original\subject-1\1\1_1.txt,2640,24793ceba5ee9845d6913a209ac423fd20e9e541f47f67356e89f19d26a4b085,ACQUIRED,0,
I001,1,1_1.xlsx,scorer1_xlsx,ORIGINAL_ISRUC_MEGA,data\raw\isruc-original\subject-1\1\1_1.xlsx,41524,8c665f5f8316c15edfbc5a7ca669e59cb537e185fb7747cdef04ad39e48c0c26,ACQUIRED,0,
I001,1,1_2.txt,scorer2_txt,ORIGINAL_ISRUC_MEGA,data\raw\isruc-original\subject-1\1\1_2.txt,2640,d3bb8ac5afd08664d8d1a28a04826076cb53afc8878f1e186620daec527831fe,ACQUIRED,0,
I001,1,1_2.xlsx,scorer2_xlsx,ORIGINAL_ISRUC_MEGA,data\raw\isruc-original\subject-1\1\1_2.xlsx,41012,ce34a7a0e1da1f53c0973fc8d80a3921de0ee12d7e7d6fe086af83211cfd5e31,ACQUIRED,0,
I002,2,2.rec,signal,ORIGINAL_ISRUC_MEGA,data\raw\isruc-original\subject-2\2\2.rec,157619120,adf2129c7a296a72d29a2b5f84955bfa4ad5b1913a9c741ebdbc261715ffd2b9,ACQUIRED,0,
I002,2,2_1.txt,scorer1_txt,ORIGINAL_ISRUC_MEGA,data\raw\isruc-original\subject-2\2\2_1.txt,2892,08ed23beb35bfc821b319ea5674298efde4e6f623f3dafdf1d98a7d9ec80c11d,ACQUIRED,0,
I002,2,2_1.xlsx,scorer1_xlsx,ORIGINAL_ISRUC_MEGA,data\raw\isruc-original\subject-2\2\2_1.xlsx,44233,23690b1f559c55482ef600d261f669e231d7da1f9b0d3b5f3573d2cea77b7460,ACQUIRED,0,
I002,2,2_2.txt,scorer2_txt,ORIGINAL_ISRUC_MEGA,data\raw\isruc-original\subject-2\2\2_2.txt,2892,75ae479ead1defc3a0e9c36820f347870921977163f16040fbc1c39f420ba1f3,ACQUIRED,0,
I002,2,2_2.xlsx,scorer2_xlsx,ORIGINAL_ISRUC_MEGA,data\raw\isruc-original\subject-2\2\2_2.xlsx,45069,1595feb21e20bc8f9da015006a6ae0c15b5f3994382b9edd308e2b947b56d8fa,ACQUIRED,0,
I003,3,3.rec,signal,ORIGINAL_ISRUC_MEGA,data\raw\isruc-original\subject-3\3\3.rec,154185620,92c2dc2efde9a811b4b5e458bc20f184493fc8af58077f509e1220407c1ddef7,ACQUIRED,0,
I003,3,3_1.txt,scorer1_txt,ORIGINAL_ISRUC_MEGA,data\raw\isruc-original\subject-3\3\3_1.txt,2831,45fac8a128b91a4abeacec2dec95646ade6c6e3c17013132a3ad2f1bb08907b0,ACQUIRED,0,
I003,3,3_1.xlsx,scorer1_xlsx,ORIGINAL_ISRUC_MEGA,data\raw\isruc-original\subject-3\3\3_1.xlsx,43085,a901d489686939f97b84cd95b792222962dc7905dd679a4e1636ae64c639ffc0,ACQUIRED,0,
I003,3,3_2.txt,scorer2_txt,ORIGINAL_ISRUC_MEGA,data\raw\isruc-original\subject-3\3\3_2.txt,2829,e60b8f46afb85840b01c0b5e1b951d919e08210253680868b99ee59deef04c5e,ACQUIRED,0,
I003,3,3_2.xlsx,scorer2_xlsx,ORIGINAL_ISRUC_MEGA,data\raw\isruc-original\subject-3\3\3_2.xlsx,43631,6cc43382ba03082eb8ba13190ca3d8aa693ade3bff41dea7228a88c1386ca2c6,ACQUIRED,0,
I004,4,4.rec,signal,ORIGINAL_ISRUC_MEGA,data\raw\isruc-original\subject-4\4\4\4.rec,157455620,bc0c2b2ae719464a8cafe7cf4ad70639d14951a69dd310b63c55592bb99bbfce,ACQUIRED,0,
I004,4,4_1.txt,scorer1_txt,ORIGINAL_ISRUC_MEGA,data\raw\isruc-original\subject-4\4\4\4_1.txt,2891,84d47e08774e4d982e590c13967d8411de9f3ac8d47a6fa1b26172f0d8188a2b,ACQUIRED,0,
I004,4,4_1.xlsx,scorer1_xlsx,ORIGINAL_ISRUC_MEGA,data\raw\isruc-original\subject-4\4\4\4_1.xlsx,45365,54c3da60b75037cdd3838524cd9fc2269ebfabdcab0bb1fb84df97acadc6e24d,ACQUIRED,0,
I004,4,4_2.txt,scorer2_txt,ORIGINAL_ISRUC_MEGA,data\raw\isruc-original\subject-4\4\4\4_2.txt,2889,0c1a6b5e8310723830d8415b1acdda07d388eeb3a80e75d3c8b688dbae855051,ACQUIRED,0,
I004,4,4_2.xlsx,scorer2_xlsx,ORIGINAL_ISRUC_MEGA,data\raw\isruc-original\subject-4\4\4\4_2.xlsx,44152,9245634084980ae280005ba1bd19c2301639782795190f0a2b8c181244841378,ACQUIRED,0,
I005,5,5.rec,signal,ORIGINAL_ISRUC_MEGA,data\raw\isruc-original\subject-5\5\5\5.rec,143067620,8c666ae94531f0dfad5301f09a3be87a13af813209166a703240375ec6803b2d,ACQUIRED,0,
I005,5,5_1.txt,scorer1_txt,ORIGINAL_ISRUC_MEGA,data\raw\isruc-original\subject-5\5\5\5_1.txt,2803,1d2791fc8e84a7c4b0910e934d03a56c91ba2282d1be9de7e812088dd15cec0e,ACQUIRED,0,
I005,5,5_1.xlsx,scorer1_xlsx,ORIGINAL_ISRUC_MEGA,data\raw\isruc-original\subject-5\5\5\5_1.xlsx,41077,6e811eeb82fc210b3887ffc9b5b528d07513a48881a1967ec2e3766add1bf20a,ACQUIRED,0,
I005,5,5_2.txt,scorer2_txt,ORIGINAL_ISRUC_MEGA,data\raw\isruc-original\subject-5\5\5\5_2.txt,2625,c4ad59c46908b9868b2fe2e117296d9588689235af27ae94a4a626e8cfb133d7,ACQUIRED,0,
I005,5,5_2.xlsx,scorer2_xlsx,ORIGINAL_ISRUC_MEGA,data\raw\isruc-original\subject-5\5\5\5_2.xlsx,40401,2d1fbe5f035eaa1c0d847ba1576f1b352dedd47e0c4ea06b59fbfcc51fbbbf6c,ACQUIRED,0,
I006,6,6.rec,signal,ORIGINAL_ISRUC_MEGA,data\raw\isruc-original\subject-6\6\6\6.rec,146664620,4540ab0c2329e7b0742470c80ee97b8c39a566fab49b0481f193f7fca3913cd6,ACQUIRED,0,
I006,6,6_1.txt,scorer1_txt,ORIGINAL_ISRUC_MEGA,data\raw\isruc-original\subject-6\6\6\6_1.txt,2693,94cc2021caf7cdf9acced7ca9ddec020ed805837bc30207630de548a0f0e86fb,ACQUIRED,0,
I006,6,6_1.xlsx,scorer1_xlsx,ORIGINAL_ISRUC_MEGA,data\raw\isruc-original\subject-6\6\6\6_1.xlsx,43161,6d949867fd0c27b8ec3e484702e670e967077857dbef966d53e05890a2c7d58f,ACQUIRED,0,
I006,6,6_2.txt,scorer2_txt,ORIGINAL_ISRUC_MEGA,data\raw\isruc-original\subject-6\6\6\6_2.txt,2691,b1be2209e381ae03abc3d363e7d02c44d4052db03047ad00e8ea75fed21beb9f,ACQUIRED,0,
I006,6,6_2.xlsx,scorer2_xlsx,ORIGINAL_ISRUC_MEGA,data\raw\isruc-original\subject-6\6\6\6_2.xlsx,40048,52b953cbe003c641976e838e737225e4e37042f2d497f11054c5227a24ebc893,ACQUIRED,0,
I007,7,7.rec,signal,ORIGINAL_ISRUC_MEGA,data\raw\isruc-original\subject-7\7\7.rec,152550620,e4fc74997855b07be59e5512bc8fbb8c3d73ed6d80e9ad46a0c612c46d216065,ACQUIRED,0,
I007,7,7_1.txt,scorer1_txt,ORIGINAL_ISRUC_MEGA,data\raw\isruc-original\subject-7\7\7_1.txt,2799,a5460bca55f93468e88d3e8ab299cccd71ec88c1da3b79ec854e4622f1967c8d,ACQUIRED,0,
I007,7,7_1.xlsx,scorer1_xlsx,ORIGINAL_ISRUC_MEGA,data\raw\isruc-original\subject-7\7\7_1.xlsx,43737,e12d24b6bdacefeb4229001a6caf0ccecf3ccf463a06839c573b5e263f961148,ACQUIRED,0,
I007,7,7_2.txt,scorer2_txt,ORIGINAL_ISRUC_MEGA,data\raw\isruc-original\subject-7\7\7_2.txt,2799,fead7c9718b6e7f2426bc25a025403b21d60d7fc1ad0d7517a3385277abf0153,ACQUIRED,0,
I007,7,7_2.xlsx,scorer2_xlsx,ORIGINAL_ISRUC_MEGA,data\raw\isruc-original\subject-7\7\7_2.xlsx,42695,94ccc5fdb623e45e337aabd087f399bc97b454589120e5ca800dc93ffe949b8d,ACQUIRED,0,
I008,8,8.rec,signal,ORIGINAL_ISRUC_MEGA,data\raw\isruc-original\subject-8\8\8.rec,120689632,7d4744746d62b7ed4cb99e152a8256e5299b1eadaeda7bfe19238945650dcb25,ACQUIRED,0,
I008,8,8_1.txt,scorer1_txt,ORIGINAL_ISRUC_MEGA,data\raw\isruc-original\subject-8\8\8_1.txt,2712,7cfda8d4c63ee1cb1b593a8ed626184b5d443a6f963935d6cbc4ac23b7e2d965,ACQUIRED,0,
I008,8,8_1.xlsx,scorer1_xlsx,ORIGINAL_ISRUC_MEGA,data\raw\isruc-original\subject-8\8\8_1.xlsx,43943,2f6035086ca367aad57bbc51789037cb08ebe267e020e78cbb0cfba5fc44650d,ACQUIRED,0,
I008,8,8_2.txt,scorer2_txt,ORIGINAL_ISRUC_MEGA,data\raw\isruc-original\subject-8\8\8_2.txt,2712,5eb6c19ebe04d2cf7d1830dfeb5a2a29708b714c461cd256bc49d158bd831a3e,ACQUIRED,0,
I008,8,8_2.xlsx,scorer2_xlsx,ORIGINAL_ISRUC_MEGA,data\raw\isruc-original\subject-8\8\8_2.xlsx,41367,2c3f9f9e6bc51ed6767fba768738c2fa9ae7b5aa23aa0be8b61b7e3d31d40d56,ACQUIRED,0,
I009,9,9.rec,signal,ORIGINAL_ISRUC_MEGA,data\raw\isruc-original\subject-9\9\9.rec,158436620,7ccad29d0d095ad8b981fe8270920e4e3b870913b449b7d0f367125be80b7211,ACQUIRED,0,
I009,9,9_1.txt,scorer1_txt,ORIGINAL_ISRUC_MEGA,data\raw\isruc-original\subject-9\9\9_1.txt,2907,b5914ce17b2c51129f730381fcc5c59e735aa32437049848416021495d3aa88f,ACQUIRED,0,
I009,9,9_1.xlsx,scorer1_xlsx,ORIGINAL_ISRUC_MEGA,data\raw\isruc-original\subject-9\9\9_1.xlsx,45121,b0557fa2abeb6798f20082bffd18655f3f779f62e57fecb6aeef832e57067a12,ACQUIRED,0,
I009,9,9_2.txt,scorer2_txt,ORIGINAL_ISRUC_MEGA,data\raw\isruc-original\subject-9\9\9_2.txt,2907,9833cbc01284cb84efecbcd0ad622a0dc10e3117ae30d7b23769355c5db574d9,ACQUIRED,0,
I009,9,9_2.xlsx,scorer2_xlsx,ORIGINAL_ISRUC_MEGA,data\raw\isruc-original\subject-9\9\9_2.xlsx,44176,add5f2a3a55f9d9ea7b5e43868dda1ce05a52e15f4f9e234fc6151fb2fbe00c9,ACQUIRED,0,
I010,10,10.rec,signal,ORIGINAL_ISRUC_MEGA,data\raw\isruc-original\subject-10\10\10.rec,137672120,318e58a7cdf06667686274d7c0e7454b87790ef534cfe2b3363f048c1e71577d,ACQUIRED,0,
I010,10,10_1.txt,scorer1_txt,ORIGINAL_ISRUC_MEGA,data\raw\isruc-original\subject-10\10\10_1.txt,2526,1b75031f35742f7f53432cb5e249539c249c1f7badc7fd59ab38554836015227,ACQUIRED,0,
I010,10,10_1.xlsx,scorer1_xlsx,ORIGINAL_ISRUC_MEGA,data\raw\isruc-original\subject-10\10\10_1.xlsx,41666,cf15574489f7aef3c163f3b60facbd86c0b3bf3bb0164cfa2a7815773e9cc0ae,ACQUIRED,0,
I010,10,10_2.txt,scorer2_txt,ORIGINAL_ISRUC_MEGA,data\raw\isruc-original\subject-10\10\10_2.txt,2526,1a5ee781f7b35b54b8c1a11e04131f8486c4127e4fd2b39a3c7e6cce51812d94,ACQUIRED,0,
I010,10,10_2.xlsx,scorer2_xlsx,ORIGINAL_ISRUC_MEGA,data\raw\isruc-original\subject-10\10\10_2.xlsx,40059,0a4f6874ecc6aaf14ccd3ed62f9f3becaba1e566f9f1479125f56305135b6bc3,ACQUIRED,0,
I011,11,11.rec,signal,ORIGINAL_ISRUC_MEGA,data\raw\isruc-original\subject-11\11\11.rec,198907900,ea67c90484c6411c0d265bf82571c926d0ddbf945a50ce4770bd64c045a045ff,ACQUIRED,0,
I011,11,11_1.txt,scorer1_txt,ORIGINAL_ISRUC_MEGA,data\raw\isruc-original\subject-11\11\11_1.txt,2991,f2bcfd3ebaf8be80f9bce48ce0f67b2db3031909f99c707337ea75e93f95de63,ACQUIRED,0,
I011,11,11_1.xlsx,scorer1_xlsx,ORIGINAL_ISRUC_MEGA,data\raw\isruc-original\subject-11\11\11_1.xlsx,48094,43def86418f339b1ffb498972773610447c93b9af0721d286d9e9d1debbc298f,ACQUIRED,0,
I011,11,11_2.txt,scorer2_txt,ORIGINAL_ISRUC_MEGA,data\raw\isruc-original\subject-11\11\11_2.txt,2991,8e2f83207fc17b14fe8c52801ff4a4fca51acb2e2fa98efa437395e151549aa8,ACQUIRED,0,
I011,11,11_2.xlsx,scorer2_xlsx,ORIGINAL_ISRUC_MEGA,data\raw\isruc-original\subject-11\11\11_2.xlsx,44136,c09e48b0173abb0d699cc58a5ffeff70b69a8cc755a6340bbcae444ebabaae41,ACQUIRED,0,
I012,12,12.rec,signal,ORIGINAL_ISRUC_MEGA,data\raw\isruc-original\subject-12\12\12.rec,138980120,1e42dbbc8ba74d3801eb43ba1900b7e7b74fc936e058f5c0fe632863be768271,ACQUIRED,0,
I012,12,12_1.txt,scorer1_txt,ORIGINAL_ISRUC_MEGA,data\raw\isruc-original\subject-12\12\12_1.txt,2550,edc5271d4d757ef9a19e0ec35cb2098dc557e810206056944676cd60b87db33f,ACQUIRED,0,
I012,12,12_1.xlsx,scorer1_xlsx,ORIGINAL_ISRUC_MEGA,data\raw\isruc-original\subject-12\12\12_1.xlsx,40996,6293eaf1ace6f8fe373d0d4f5464a10908842c04491ad4af0d88eaa50278896e,ACQUIRED,0,
I012,12,12_2.txt,scorer2_txt,ORIGINAL_ISRUC_MEGA,data\raw\isruc-original\subject-12\12\12_2.txt,2550,5d3bd65fa450395dd4020b8875193af272a8ca8fdc8592b2b896000003085e6f,ACQUIRED,0,
I012,12,12_2.xlsx,scorer2_xlsx,ORIGINAL_ISRUC_MEGA,data\raw\isruc-original\subject-12\12\12_2.xlsx,40212,8f01ff3a0fc56f0b3cbeb9b5ae857b13ad78c6a1e3ddba61bbb5cb61df056c4b,ACQUIRED,0,
I013,13,13.rec,signal,ORIGINAL_ISRUC_MEGA,data\raw\isruc-original\subject-13\13\13.rec,144212120,40169513f0e143fb7d0be143b4f219145365896ed9a90bcc9788ac010b441beb,ACQUIRED,0,
I013,13,13_1.txt,scorer1_txt,ORIGINAL_ISRUC_MEGA,data\raw\isruc-original\subject-13\13\13_1.txt,2646,b481cc029a656132c04a6aa9425696884f695c85a90e6ff47d033deb0855cff2,ACQUIRED,0,
I013,13,13_1.xlsx,scorer1_xlsx,ORIGINAL_ISRUC_MEGA,data\raw\isruc-original\subject-13\13\13_1.xlsx,41134,a9f44e0cbaa6703219b42ecdeeaaa02ca34eef963900d428f945c9d696040827,ACQUIRED,0,
I013,13,13_2.txt,scorer2_txt,ORIGINAL_ISRUC_MEGA,data\raw\isruc-original\subject-13\13\13_2.txt,2646,ac2290495b6c4b07aad17d9cc26a8b53c7673bfa0540450266fa0ab6a8e4dc96,ACQUIRED,0,
I013,13,13_2.xlsx,scorer2_xlsx,ORIGINAL_ISRUC_MEGA,data\raw\isruc-original\subject-13\13\13_2.xlsx,40949,0cb2abab5d73032a0b31e1f2e4a0d375026c41a88c551dd595234b5197c673c7,ACQUIRED,0,
I014,14,14.rec,signal,ORIGINAL_ISRUC_MEGA,data\raw\isruc-original\subject-14\14\14.rec,146777120,4d311808c2b890416bf41bad521d14745786f375c248100a945a6614772f54af,ACQUIRED,0,
I014,14,14_1.txt,scorer1_txt,ORIGINAL_ISRUC_MEGA,data\raw\isruc-original\subject-14\14\14_1.txt,2718,1c9236b4f2997b3b95c4b071386f9e4a0a18d027a4f038464221286870717918,ACQUIRED,0,
I014,14,14_1.xlsx,scorer1_xlsx,ORIGINAL_ISRUC_MEGA,data\raw\isruc-original\subject-14\14\14_1.xlsx,41568,e1c3a0ae456e8b233b1b1470defcec97949dde81bb9b603f24812e5c6ccee831,ACQUIRED,0,
I014,14,14_2.txt,scorer2_txt,ORIGINAL_ISRUC_MEGA,data\raw\isruc-original\subject-14\14\14_2.txt,2718,0b27becdee905128125d404ace427c91032efa55415d0b36d7c7cc03be3618ef,ACQUIRED,0,
I014,14,14_2.xlsx,scorer2_xlsx,ORIGINAL_ISRUC_MEGA,data\raw\isruc-original\subject-14\14\14_2.xlsx,41582,77318981707eeb020b3d62f2a9fd4c7d02efdcb07bde817d73b2e57109dc74d4,ACQUIRED,0,
I015,15,15.rec,signal,ORIGINAL_ISRUC_MEGA,data\raw\isruc-original\subject-15\15\15.rec,128516120,75356fa21b0bf2e30c9c69bb6f8ab1d5d20bfeb514ae7991c539bbed1cc544a4,ACQUIRED,0,
I015,15,15_1.txt,scorer1_txt,ORIGINAL_ISRUC_MEGA,data\raw\isruc-original\subject-15\15\15_1.txt,2358,02387c6f2f08a22d9e9ed7418bdf9723fa6330ae4dd119d2bd66da3d2a04497b,ACQUIRED,0,
I015,15,15_1.xlsx,scorer1_xlsx,ORIGINAL_ISRUC_MEGA,data\raw\isruc-original\subject-15\15\15_1.xlsx,38347,5e2b487652ed8c0e90266624aa4f3e53a01262430ea5794dba29c7b8f8711d26,ACQUIRED,0,
I015,15,15_2.txt,scorer2_txt,ORIGINAL_ISRUC_MEGA,data\raw\isruc-original\subject-15\15\15_2.txt,2358,1db27e21862a3f1f978d0bb847d83bbedda704b3d430214ff3c22d46cf1924fa,ACQUIRED,0,
I015,15,15_2.xlsx,scorer2_xlsx,ORIGINAL_ISRUC_MEGA,data\raw\isruc-original\subject-15\15\15_2.xlsx,38355,806dcbe46e85d0e435cedfecef0ad15e2e2638ddc697ab1052fd25cff46274ff,ACQUIRED,0,
I016,16,16.rec,signal,ORIGINAL_ISRUC_MEGA,data\raw\isruc-original\subject-16\16\16.rec,144375620,c5f86eb258d3e7aff79f6afc0ac4aa7f06ee3eaff1055d38a10ddc6171b0f25a,ACQUIRED,0,
I016,16,16_1.txt,scorer1_txt,ORIGINAL_ISRUC_MEGA,data\raw\isruc-original\subject-16\16\16_1.txt,3007,f20ee9b25021c856344880f390379955715e59246e601398afe54754e49e9510,ACQUIRED,0,
I016,16,16_1.xlsx,scorer1_xlsx,ORIGINAL_ISRUC_MEGA,data\raw\isruc-original\subject-16\16\16_1.xlsx,42772,94d184e55fd344e9a6e399d22bf234c5f74bc7c5e44c93219b13dcefa36686a0,ACQUIRED,0,
I016,16,16_2.txt,scorer2_txt,ORIGINAL_ISRUC_MEGA,data\raw\isruc-original\subject-16\16\16_2.txt,2649,d86375e35d5faf30a8b401fc6fb186a1df5382adf56c02fdbe0f8095c46ae74f,ACQUIRED,0,
I016,16,16_2.xlsx,scorer2_xlsx,ORIGINAL_ISRUC_MEGA,data\raw\isruc-original\subject-16\16\16_2.xlsx,41181,551577ecf666ae39b2034f795506c26ce1028a0bbd145b28f41c8ca3791800ae,ACQUIRED,0,
I017,17,17.rec,signal,ORIGINAL_ISRUC_MEGA,data\raw\isruc-original\subject-17\17\17.rec,137867120,4dbed311222c4756e865d17973aa4be584a2c4ea2db9a9c872cd9237e8cd226f,ACQUIRED,0,
I017,17,17_1.txt,scorer1_txt,ORIGINAL_ISRUC_MEGA,data\raw\isruc-original\subject-17\17\17_1.txt,2553,b29aa6d9e084601cd275f7404d36f5ff4d8d58c0e062092ae16b4097912525d3,ACQUIRED,0,
I017,17,17_1.xlsx,scorer1_xlsx,ORIGINAL_ISRUC_MEGA,data\raw\isruc-original\subject-17\17\17_1.xlsx,41081,51e31909f80905796bab4170c61fef90ae9ecb87e6e445f472e6c37f7f1ec5e1,ACQUIRED,0,
I017,17,17_2.txt,scorer2_txt,ORIGINAL_ISRUC_MEGA,data\raw\isruc-original\subject-17\17\17_2.txt,2553,24d2977f84e420d145feb326f1f02ed6f52b38640ca2925fa799aef93eccbe51,ACQUIRED,0,
I017,17,17_2.xlsx,scorer2_xlsx,ORIGINAL_ISRUC_MEGA,data\raw\isruc-original\subject-17\17\17_2.xlsx,40937,96b4f197de03ab09caec1e362c4d68136af640acadb1d567b56e0ccfc559112c,ACQUIRED,0,
I018,18,18.rec,signal,ORIGINAL_ISRUC_MEGA,data\raw\isruc-original\subject-18\18\18.rec,163341620,cc66ab5d9f5346eba114fcf91d0dd5f62a6b1632983ea81ad78ca958f05df353,ACQUIRED,0,
I018,18,18_1.txt,scorer1_txt,ORIGINAL_ISRUC_MEGA,data\raw\isruc-original\subject-18\18\18_1.txt,2997,8294a31be2ce72e7b2eb29a28937dd0a9a29929a27a9cea9d427b44105f76dc6,ACQUIRED,0,
I018,18,18_1.xlsx,scorer1_xlsx,ORIGINAL_ISRUC_MEGA,data\raw\isruc-original\subject-18\18\18_1.xlsx,45422,58fa9ae0f4dcbf1d0bed0881f43c5fb9c866923c6fcbaf7b2f7005b4402d613a,ACQUIRED,0,
I018,18,18_2.txt,scorer2_txt,ORIGINAL_ISRUC_MEGA,data\raw\isruc-original\subject-18\18\18_2.txt,3018,70e52dc64290c42806af651b88f9ae7360f2674e850aaacde515c9c5b44f48f8,ACQUIRED,0,
I018,18,18_2.xlsx,scorer2_xlsx,ORIGINAL_ISRUC_MEGA,data\raw\isruc-original\subject-18\18\18_2.xlsx,45630,90c62c9a8213530d6d21b4b651a6fe673da1d6527b8b6983f98c3cd2ab6da3e8,ACQUIRED,0,
I019,19,19.rec,signal,ORIGINAL_ISRUC_MEGA,data\raw\isruc-original\subject-19\19\19.rec,144077120,b84756a3391a806816a7b59d9716ed6093f3936eafde36e8ecb5a21797f3f70b,ACQUIRED,0,
I019,19,19_1.txt,scorer1_txt,ORIGINAL_ISRUC_MEGA,data\raw\isruc-original\subject-19\19\19_1.txt,2484,88b94eb632ed6a6872ae646a3d4c301e905101659b06a5d6e13eaa42389e605e,ACQUIRED,0,
I019,19,19_1.xlsx,scorer1_xlsx,ORIGINAL_ISRUC_MEGA,data\raw\isruc-original\subject-19\19\19_1.xlsx,39752,810cb067c2eba057d1cad8c0acb4480e052d865ba590aa09c08be1a976c2b386,ACQUIRED,0,
I019,19,19_2.txt,scorer2_txt,ORIGINAL_ISRUC_MEGA,data\raw\isruc-original\subject-19\19\19_2.txt,2484,3174df9a8e98678d78c9624d9977c3868e2d27202fe8ed5533d56dc33bd1b114,ACQUIRED,0,
I019,19,19_2.xlsx,scorer2_xlsx,ORIGINAL_ISRUC_MEGA,data\raw\isruc-original\subject-19\19\19_2.xlsx,40286,3b15634e9a7704573670179e98e5c3e14a01cf3554a745522d89c2e761e105c6,ACQUIRED,0,
I020,20,20.rec,signal,ORIGINAL_ISRUC_MEGA,data\raw\isruc-original\subject-20\20\20.rec,165305120,e91bf76f8965b94f3b1b8c984c0f04d788ad208fb4820170749a27ccbac713cd,ACQUIRED,0,
I020,20,20_1.txt,scorer1_txt,ORIGINAL_ISRUC_MEGA,data\raw\isruc-original\subject-20\20\20_1.txt,2850,044b9373544e8cfd66b421c519f870deaf83edb3827cf0cfaf68cbde8351e1d6,ACQUIRED,0,
I020,20,20_1.xlsx,scorer1_xlsx,ORIGINAL_ISRUC_MEGA,data\raw\isruc-original\subject-20\20\20_1.xlsx,43856,a87da88539fb1cdb0d8798ec85764f5bcec203b2265fa4184f4bd98a7d1f20d6,ACQUIRED,0,
I020,20,20_2.txt,scorer2_txt,ORIGINAL_ISRUC_MEGA,data\raw\isruc-original\subject-20\20\20_2.txt,2850,3cd60c0c21ee2b781c32a3c0fcf0fbb9e4669dd57e3460a7c6dc870fa939d2cf,ACQUIRED,0,
I020,20,20_2.xlsx,scorer2_xlsx,ORIGINAL_ISRUC_MEGA,data\raw\isruc-original\subject-20\20\20_2.xlsx,44045,c01e5a81594a0fd74558ebacf10803b51bf2c383dee19fd17dbae0cfdde609f6,ACQUIRED,0,
I021,21,21.rec,signal,ORIGINAL_ISRUC_MEGA,data\raw\isruc-original\subject-21\21\21.rec,183401120,bede07f49369c6321d873c1e0a28a2e6debb6e85fe24666d3aa2fd952c7277d0,ACQUIRED,0,
I021,21,21_1.txt,scorer1_txt,ORIGINAL_ISRUC_MEGA,data\raw\isruc-original\subject-21\21\21_1.txt,3162,631d90d4a4d2e3a07e87451039998fbfc2651b5ebe95cde0c1ba960a9b2bc213,ACQUIRED,0,
I021,21,21_1.xlsx,scorer1_xlsx,ORIGINAL_ISRUC_MEGA,data\raw\isruc-original\subject-21\21\21_1.xlsx,47174,61fe194f1eb882233122e699b80b21e9ffe00d6b3c4436e8cbc02881ad32abd3,ACQUIRED,0,
I021,21,21_2.txt,scorer2_txt,ORIGINAL_ISRUC_MEGA,data\raw\isruc-original\subject-21\21\21_2.txt,3162,b70ab8ca351d6d60a45b35857f5c8995b9e89b0424e2ce43d273590eb302488b,ACQUIRED,0,
I021,21,21_2.xlsx,scorer2_xlsx,ORIGINAL_ISRUC_MEGA,data\raw\isruc-original\subject-21\21\21_2.xlsx,47078,77b317ebaf92f93e17df4e2af42d61465622d7efe6952b64a66a6db5acac7d48,ACQUIRED,0,
I022,22,22.rec,signal,ORIGINAL_ISRUC_MEGA,data\raw\isruc-original\subject-22\22\22.rec,138816620,a237c3b257c4144fe34b9d927ca74ee87c22c32a8dc613fa228b2eb083982b5f,ACQUIRED,0,
I022,22,22_1.txt,scorer1_txt,ORIGINAL_ISRUC_MEGA,data\raw\isruc-original\subject-22\22\22_1.txt,2547,6945bc34ef219702a0c5282c58c91bc076a6952411d4222fb9aa64f214ab6b7b,ACQUIRED,0,
I022,22,22_1.xlsx,scorer1_xlsx,ORIGINAL_ISRUC_MEGA,data\raw\isruc-original\subject-22\22\22_1.xlsx,40417,d3bcce85895fa50b3577306aa78247e929f54da68209ecf8011ac70182c6fa64,ACQUIRED,0,
I022,22,22_2.txt,scorer2_txt,ORIGINAL_ISRUC_MEGA,data\raw\isruc-original\subject-22\22\22_2.txt,2547,03282cc5a960625ad67f61632e75ed7f8edbe4b0716cbfe50c5440910dab1ec9,ACQUIRED,0,
I022,22,22_2.xlsx,scorer2_xlsx,ORIGINAL_ISRUC_MEGA,data\raw\isruc-original\subject-22\22\22_2.xlsx,40500,1f658dfe76f47d4243d954fd3eec14be1a6706a64ea0206bd00ab85770669086,ACQUIRED,0,
I023,23,23.rec,signal,ORIGINAL_ISRUC_MEGA,data\raw\isruc-original\subject-23\23\23.rec,144509120,b0c159e2705d9c46aca359083535a4ecaa404584a078561ecaca71607909a742,ACQUIRED,0,
I023,23,23_1.txt,scorer1_txt,ORIGINAL_ISRUC_MEGA,data\raw\isruc-original\subject-23\23\23_1.txt,2676,181a2ace190687eedda139b2370c2ede5617d6834ef6be9aafb5dfab0032f864,ACQUIRED,0,
I023,23,23_1.xlsx,scorer1_xlsx,ORIGINAL_ISRUC_MEGA,data\raw\isruc-original\subject-23\23\23_1.xlsx,41976,5bd7c6817797dcb1ebb77fda1d63f0be884d6d7b38d6bdce922a3daa752aabc6,ACQUIRED,0,
I023,23,23_2.txt,scorer2_txt,ORIGINAL_ISRUC_MEGA,data\raw\isruc-original\subject-23\23\23_2.txt,2676,b516edecc682e2971f4e204956bd0786b77e477665c8e7423707ecbe551e1e8f,ACQUIRED,0,
I023,23,23_2.xlsx,scorer2_xlsx,ORIGINAL_ISRUC_MEGA,data\raw\isruc-original\subject-23\23\23_2.xlsx,42112,9e90fcbf9060048d8abbe57b1173ce63551e8685a4ff6d988765ba8b9da54bc4,ACQUIRED,0,
I024,24,24.rec,signal,ORIGINAL_ISRUC_MEGA,data\raw\isruc-original\subject-24\24\24.rec,135710120,8f2cb0f387ba8524b6cd20dd9f53496bc1850c707f13e0954f21c381efede4d6,ACQUIRED,0,
I024,24,24_1.txt,scorer1_txt,ORIGINAL_ISRUC_MEGA,data\raw\isruc-original\subject-24\24\24_1.txt,2490,fb02f6b4eae74b146d1081bac4c185c3ce503a965f4f1beed3e1ad0d1da951b0,ACQUIRED,0,
I024,24,24_1.xlsx,scorer1_xlsx,ORIGINAL_ISRUC_MEGA,data\raw\isruc-original\subject-24\24\24_1.xlsx,38925,b3ab1bc78549caf8a2b80921e80e998ad64084f5a0a7fd5911a6bacc6bd7fe53,ACQUIRED,0,
I024,24,24_2.txt,scorer2_txt,ORIGINAL_ISRUC_MEGA,data\raw\isruc-original\subject-24\24\24_2.txt,2490,cef9ce7941dbd69143b7f03368bf9f3607565bafc67fa2866e762842bb0c9aa6,ACQUIRED,0,
I024,24,24_2.xlsx,scorer2_xlsx,ORIGINAL_ISRUC_MEGA,data\raw\isruc-original\subject-24\24\24_2.xlsx,38773,326df18a2768cab475e408cd5294ebb4159aec3f976799ba43059de954e54215,ACQUIRED,0,
I025,25,25.rec,signal,ORIGINAL_ISRUC_MEGA,data\raw\isruc-original\subject-25\25\25.rec,149207120,2c3c8030294282a7c35cf1c08cb7f7d4648840a6515e0255fd81215a6b7ac6e6,ACQUIRED,0,
I025,25,25_1.txt,scorer1_txt,ORIGINAL_ISRUC_MEGA,data\raw\isruc-original\subject-25\25\25_1.txt,2763,970374ff8890b20d22db2994f35595069f8ec9d324ead18f8dcd3ec6d5b92865,ACQUIRED,0,
I025,25,25_1.xlsx,scorer1_xlsx,ORIGINAL_ISRUC_MEGA,data\raw\isruc-original\subject-25\25\25_1.xlsx,41795,f36c2bfa9a447923bb2eb42d9a36d58109e1ebf8daa687bbf3acce1f0a2b58f3,ACQUIRED,0,
I025,25,25_2.txt,scorer2_txt,ORIGINAL_ISRUC_MEGA,data\raw\isruc-original\subject-25\25\25_2.txt,2763,60093cd4121a152406f750e43e4b61ad457d9004340d11fc76606cbb46d2cded,ACQUIRED,0,
I025,25,25_2.xlsx,scorer2_xlsx,ORIGINAL_ISRUC_MEGA,data\raw\isruc-original\subject-25\25\25_2.xlsx,42160,e6d68aebb3a743f354ae7a4ae92d3176aad37651eb9a7971a49538f7c797b15f,ACQUIRED,0,
I026,26,26.rec,signal,ORIGINAL_ISRUC_MEGA,data\raw\isruc-original\subject-26\26\26.rec,173642120,d71460c5370fbc5e1fde7d9cbbfff9683e6c6b19edcb18d03eabf80af9858395,ACQUIRED,0,
I026,26,26_1.txt,scorer1_txt,ORIGINAL_ISRUC_MEGA,data\raw\isruc-original\subject-26\26\26_1.txt,3186,6fae0d73c1cbe819f1382afb601ec7d14aa4489266b736538034b24f6e63740c,ACQUIRED,0,
I026,26,26_1.xlsx,scorer1_xlsx,ORIGINAL_ISRUC_MEGA,data\raw\isruc-original\subject-26\26\26_1.xlsx,48519,053bd11d295f3b94a711ed21a2440d2641ed6e06de6ee9873aa74f8887684ae9,ACQUIRED,0,
I026,26,26_2.txt,scorer2_txt,ORIGINAL_ISRUC_MEGA,data\raw\isruc-original\subject-26\26\26_2.txt,3186,5746e8c744800aa01e731250df2ed8b0bf8a325c4ebc1ed5623679f104c1d683,ACQUIRED,0,
I026,26,26_2.xlsx,scorer2_xlsx,ORIGINAL_ISRUC_MEGA,data\raw\isruc-original\subject-26\26\26_2.xlsx,48078,0ccddab783ce359ffa51af9066600fd1eeaa72ef3ee0787562f41d96a2200144,ACQUIRED,0,
I027,27,27.rec,signal,ORIGINAL_ISRUC_MEGA,data\raw\isruc-original\subject-27\27\27.rec,149409620,388c46d6783e3d33bc8c3c26fd48720de4c2990a3fcab3f3033ed5821672432b,ACQUIRED,0,
I027,27,27_1.txt,scorer1_txt,ORIGINAL_ISRUC_MEGA,data\raw\isruc-original\subject-27\27\27_1.txt,2754,5a70c40fadee888818ab69429a1d9b9001043483c4704da5651b69dafe4da652,ACQUIRED,0,
I027,27,27_1.xlsx,scorer1_xlsx,ORIGINAL_ISRUC_MEGA,data\raw\isruc-original\subject-27\27\27_1.xlsx,42084,f76059bff4850dc5d4e9b0d7bb50aa91e6cd9968e91aefb8282bf2b0d08620c7,ACQUIRED,0,
I027,27,27_2.txt,scorer2_txt,ORIGINAL_ISRUC_MEGA,data\raw\isruc-original\subject-27\27\27_2.txt,2754,85d352999429170cfba94defb8f0806a972523a0b7ecda3fbe9330e83d2a272e,ACQUIRED,0,
I027,27,27_2.xlsx,scorer2_xlsx,ORIGINAL_ISRUC_MEGA,data\raw\isruc-original\subject-27\27\27_2.xlsx,42308,e7f2b5de04772c9e7ecee434ff03278c75cfd04d3d2d6459fb636b8cbfae32dc,ACQUIRED,0,
I028,28,28.rec,signal,ORIGINAL_ISRUC_MEGA,data\raw\isruc-original\subject-28\28\28.rec,153473120,4476881fcddf50a82c85b3a830c9c16087f6dd43cc28aea755394660d5242158,ACQUIRED,0,
I028,28,28_1.txt,scorer1_txt,ORIGINAL_ISRUC_MEGA,data\raw\isruc-original\subject-28\28\28_1.txt,2902,4f3ebb698637527b7b79f9664f8ff4e9800c6d9cf22e2214d5bfc40efc83a4ac,ACQUIRED,0,
I028,28,28_1.xlsx,scorer1_xlsx,ORIGINAL_ISRUC_MEGA,data\raw\isruc-original\subject-28\28\28_1.xlsx,44539,add0923c3825b9fdaadd4dc2144b7e92b26b49c0b5b98847e625e984aec13a94,ACQUIRED,0,
I028,28,28_2.txt,scorer2_txt,ORIGINAL_ISRUC_MEGA,data\raw\isruc-original\subject-28\28\28_2.txt,2646,1c38d34303977be80bb94c74ca5984b630d21364e2f498b986976d47475fa5db,ACQUIRED,0,
I028,28,28_2.xlsx,scorer2_xlsx,ORIGINAL_ISRUC_MEGA,data\raw\isruc-original\subject-28\28\28_2.xlsx,41428,3873821fd0fa9bca2b8d78bab641f248ed63efc970b0341bb7d2d683c66c1ca6,ACQUIRED,0,
I029,29,29.rec,signal,ORIGINAL_ISRUC_MEGA,data\raw\isruc-original\subject-29\29\29.rec,148433120,9de01a2bca04fba5f09fe85520e7827f5a5c3703ecc6857eb63379c3cf7fe4e6,ACQUIRED,0,
I029,29,29_1.txt,scorer1_txt,ORIGINAL_ISRUC_MEGA,data\raw\isruc-original\subject-29\29\29_1.txt,2736,397d3429b9ccb3707b8f33d73d7a74272edd1de7e5daadbc34e6a41dbb48321b,ACQUIRED,0,
I029,29,29_1.xlsx,scorer1_xlsx,ORIGINAL_ISRUC_MEGA,data\raw\isruc-original\subject-29\29\29_1.xlsx,41961,7ec631f5a264d6cc3b7c000a7cb322943d7c70edbb7586d4db0340e58f2e7c4f,ACQUIRED,0,
I029,29,29_2.txt,scorer2_txt,ORIGINAL_ISRUC_MEGA,data\raw\isruc-original\subject-29\29\29_2.txt,2736,2df7455e75990ea397267158c648574c7267d5de6a5a45f5d0181618025d5329,ACQUIRED,0,
I029,29,29_2.xlsx,scorer2_xlsx,ORIGINAL_ISRUC_MEGA,data\raw\isruc-original\subject-29\29\29_2.xlsx,41844,7ff76f2194cb3c888572424716669dcf59190813572ea96e72cd1b2afc9391c8,ACQUIRED,0,
I030,30,30.rec,signal,ORIGINAL_ISRUC_MEGA,data\raw\isruc-original\subject-30\30\30.rec,142889120,9a62a6fafe27900e6c9f1e900e6ab7f60faecd7fe09f80fe22c604ed499a6b1f,ACQUIRED,0,
I030,30,30_1.txt,scorer1_txt,ORIGINAL_ISRUC_MEGA,data\raw\isruc-original\subject-30\30\30_1.txt,2646,3c0e26cc7d51bc7d58abd50fe7ba3090573fa113e4b1959e95a0f763938ce22a,ACQUIRED,0,
I030,30,30_1.xlsx,scorer1_xlsx,ORIGINAL_ISRUC_MEGA,data\raw\isruc-original\subject-30\30\30_1.xlsx,41222,49624b95119dd8c53ddd577aa504eb20a54db14c12b03b5770a92633a844a97a,ACQUIRED,0,
I030,30,30_2.txt,scorer2_txt,ORIGINAL_ISRUC_MEGA,data\raw\isruc-original\subject-30\30\30_2.txt,2646,cfbd42c3a7dec4551bcca13100904107507241f3cafde22479309a529eb9950e,ACQUIRED,0,
I030,30,30_2.xlsx,scorer2_xlsx,ORIGINAL_ISRUC_MEGA,data\raw\isruc-original\subject-30\30\30_2.xlsx,41224,2cbd702c0604f85c6bb6dfd8a4a8f5cda213a6665c9689752caf9648e7b0c965,ACQUIRED,0,
I031,31,31.rec,signal,ORIGINAL_ISRUC_MEGA,data\raw\isruc-original\subject-31\31\31.rec,142079120,bd99f1d24e1853a7b905d1989b5b125a5f74c45cdbba0758c5afc55f97037b13,ACQUIRED,0,
I031,31,31_1.txt,scorer1_txt,ORIGINAL_ISRUC_MEGA,data\raw\isruc-original\subject-31\31\31_1.txt,2631,3b9495a8a015f300ce2986520bde6e68f1c0b163ee88508dcb24b15bcbeb22c1,ACQUIRED,0,
I031,31,31_1.xlsx,scorer1_xlsx,ORIGINAL_ISRUC_MEGA,data\raw\isruc-original\subject-31\31\31_1.xlsx,40258,54de0badeb5c0a6e27686c543f2595a25237c560fe533bd98ecf328751e2e789,ACQUIRED,0,
I031,31,31_2.txt,scorer2_txt,ORIGINAL_ISRUC_MEGA,data\raw\isruc-original\subject-31\31\31_2.txt,2631,62a764c66753c8de3ae48bfab1cfa9a9cec1cceca3bc39c601afdb6cfeb495fa,ACQUIRED,0,
I031,31,31_2.xlsx,scorer2_xlsx,ORIGINAL_ISRUC_MEGA,data\raw\isruc-original\subject-31\31\31_2.xlsx,40578,86eeac1a79f8b48509899907ea19836deb7f82d1bc70516512bc76d2d82c0503,ACQUIRED,0,
I032,32,32.rec,signal,ORIGINAL_ISRUC_MEGA,data\raw\isruc-original\subject-32\32\32.rec,163625120,6df908720d3ed03c8310a839c1ca62847de14d55fca96852906e9937894782f0,ACQUIRED,0,
I032,32,32_1.txt,scorer1_txt,ORIGINAL_ISRUC_MEGA,data\raw\isruc-original\subject-32\32\32_1.txt,3030,f100c3648b7ecfa65c55d4524eee5c8367c7ad4ca75e9b5c38cb9b0d5f763760,ACQUIRED,0,
I032,32,32_1.xlsx,scorer1_xlsx,ORIGINAL_ISRUC_MEGA,data\raw\isruc-original\subject-32\32\32_1.xlsx,44672,2e60a9c1eda01a7f1d1c42e799025f0e32df336f83d9da059a84181f4224d3ba,ACQUIRED,0,
I032,32,32_2.txt,scorer2_txt,ORIGINAL_ISRUC_MEGA,data\raw\isruc-original\subject-32\32\32_2.txt,3030,454546032f1fbe49dc4eecd72fc59c677c850b5167b455416847000f708fbd60,ACQUIRED,0,
I032,32,32_2.xlsx,scorer2_xlsx,ORIGINAL_ISRUC_MEGA,data\raw\isruc-original\subject-32\32\32_2.xlsx,44968,34f6a059fe88d1468143db11f5a6d4739a13d4f69c6c1dd5f56c2437cce1e636,ACQUIRED,0,
I033,33,33.rec,signal,ORIGINAL_ISRUC_MEGA,data\raw\isruc-original\subject-33\33\33.rec,149045120,38b9336a592bb057c87ecdd3c79432b7ae241dc0259db41158b49fa840eed3bc,ACQUIRED,0,
I033,33,33_1.txt,scorer1_txt,ORIGINAL_ISRUC_MEGA,data\raw\isruc-original\subject-33\33\33_1.txt,2842,c715f1678873480169c580de5691a4d55a4f2f7765d47c80d5b0e98f06a6e380,ACQUIRED,0,
I033,33,33_1.xlsx,scorer1_xlsx,ORIGINAL_ISRUC_MEGA,data\raw\isruc-original\subject-33\33\33_1.xlsx,42497,c6da1e8631fb10415e1a9f612ef9a3fa64f65514427d69fa80a48509520521d0,ACQUIRED,0,
I033,33,33_2.txt,scorer2_txt,ORIGINAL_ISRUC_MEGA,data\raw\isruc-original\subject-33\33\33_2.txt,2760,76bb5bddc9806203a9409472dc94c4c7e59b38792c50eafb8f98880775a1b1a4,ACQUIRED,0,
I033,33,33_2.xlsx,scorer2_xlsx,ORIGINAL_ISRUC_MEGA,data\raw\isruc-original\subject-33\33\33_2.xlsx,44241,e54450f92f54cdd45ded765bf99f0471d691263ec55225710e11a63a3e6a2891,ACQUIRED,0,
I034,34,34.rec,signal,ORIGINAL_ISRUC_MEGA,data\raw\isruc-original\subject-34\34\34.rec,141107120,69136a14e40e0553cadb172aeb05070598606fbc2d9edb54d3a601940efd86a6,ACQUIRED,0,
I034,34,34_1.txt,scorer1_txt,ORIGINAL_ISRUC_MEGA,data\raw\isruc-original\subject-34\34\34_1.txt,2793,15f00e3fac04d4911403dd108e8a57a833ac16191427074e2929a0bf0e6c2045,ACQUIRED,0,
I034,34,34_1.xlsx,scorer1_xlsx,ORIGINAL_ISRUC_MEGA,data\raw\isruc-original\subject-34\34\34_1.xlsx,41381,8698ed4bbd709c597e07d0180bf86adf12b6f53e0e751437745c42eeafffbbd0,ACQUIRED,0,
I034,34,34_2.txt,scorer2_txt,ORIGINAL_ISRUC_MEGA,data\raw\isruc-original\subject-34\34\34_2.txt,2613,722f25025bfca386e7f73d59c47ad12a520e048ae11ab22760a87fc5807ec8a2,ACQUIRED,0,
I034,34,34_2.xlsx,scorer2_xlsx,ORIGINAL_ISRUC_MEGA,data\raw\isruc-original\subject-34\34\34_2.xlsx,40937,56fd4925f0fcefd2d81acc1a4d01e364b81b5fc7c66af03ed7b4a54546a2f248,ACQUIRED,0,
I035,35,35.rec,signal,ORIGINAL_ISRUC_MEGA,data\raw\isruc-original\subject-35\35\35.rec,137117120,bb341981ad750e2c90436cead6f38fcef61671e24d59a3ba5c1dd8431ef67c32,ACQUIRED,0,
I035,35,35_1.txt,scorer1_txt,ORIGINAL_ISRUC_MEGA,data\raw\isruc-original\subject-35\35\35_1.txt,2758,4f92016cd5ba5a74cf680334a876ad88bb8d42f22262585eed8f4319b9b5e1d1,ACQUIRED,0,
I035,35,35_1.xlsx,scorer1_xlsx,ORIGINAL_ISRUC_MEGA,data\raw\isruc-original\subject-35\35\35_1.xlsx,37247,9c3ae05005b247fd5dd43b07ff2fdf851406f9bc1c304c127eef0a9741962e22,ACQUIRED,0,
I035,35,35_2.txt,scorer2_txt,ORIGINAL_ISRUC_MEGA,data\raw\isruc-original\subject-35\35\35_2.txt,2364,a22e826c454a29c5b82bd1a64f7cfb8da31a7b85530da010c4f5cd5a7ce6dfe1,ACQUIRED,0,
I035,35,35_2.xlsx,scorer2_xlsx,ORIGINAL_ISRUC_MEGA,data\raw\isruc-original\subject-35\35\35_2.xlsx,37420,bd2366c48a7298d418bff03387cbf20bfbb4dead4d2914544b9e529ddc423cb7,ACQUIRED,0,
I036,36,36.rec,signal,ORIGINAL_ISRUC_MEGA,data\raw\isruc-original\subject-36\36\36.rec,160639370,bc34985ca18f6847607e4e1c761ae0876c52af4afbdbfa2003ba9f3f6d8cd25d,ACQUIRED,0,
I036,36,36_1.txt,scorer1_txt,ORIGINAL_ISRUC_MEGA,data\raw\isruc-original\subject-36\36\36_1.txt,2961,5f5dca6d76a6d3b928b45df7d6a2a743c05ed0c5a89833158a2700c0ea82ab28,ACQUIRED,0,
I036,36,36_1.xlsx,scorer1_xlsx,ORIGINAL_ISRUC_MEGA,data\raw\isruc-original\subject-36\36\36_1.xlsx,43311,a6ffd5d126dec418ee5442a32078990d00b35c59575a1f2cfa243fc50e7982e6,ACQUIRED,0,
I036,36,36_2.txt,scorer2_txt,ORIGINAL_ISRUC_MEGA,data\raw\isruc-original\subject-36\36\36_2.txt,2961,c1f75ac62eac339e569f1588f5054f0ddf1cfa4a294b25a29d50571307a9765c,ACQUIRED,0,
I036,36,36_2.xlsx,scorer2_xlsx,ORIGINAL_ISRUC_MEGA,data\raw\isruc-original\subject-36\36\36_2.xlsx,44172,b0511d385c39e31e1a9f742c33447848e2a19bf42e7f4051be66c354d4735628,ACQUIRED,0,
I037,37,37.rec,signal,ORIGINAL_ISRUC_MEGA,data\raw\isruc-original\subject-37\37\37.rec,130577120,5b5f59d34cc13154d697eba1fdaef0113a6e5e1866591f289eebaad84dc18c55,ACQUIRED,0,
I037,37,37_1.txt,scorer1_txt,ORIGINAL_ISRUC_MEGA,data\raw\isruc-original\subject-37\37\37_1.txt,2770,f969ac42db9905be7342198377dab2aa272a6bf71b1382f389e7f9825e62ab11,ACQUIRED,0,
I037,37,37_1.xlsx,scorer1_xlsx,ORIGINAL_ISRUC_MEGA,data\raw\isruc-original\subject-37\37\37_1.xlsx,38692,8b0737ca70c3127727bff4a052a8909ec63f0f9e33c4bdb6aacfb03063da2618,ACQUIRED,0,
I037,37,37_2.txt,scorer2_txt,ORIGINAL_ISRUC_MEGA,data\raw\isruc-original\subject-37\37\37_2.txt,2418,ab838b683d008f38a27a076b899838b2af7526bdb88216401573837a51b26b24,ACQUIRED,0,
I037,37,37_2.xlsx,scorer2_xlsx,ORIGINAL_ISRUC_MEGA,data\raw\isruc-original\subject-37\37\37_2.xlsx,39027,de3adef7a8112e5d1f123c07ea042d58bfa5fc22ee70bdeeda4557596c75a197,ACQUIRED,0,
I038,38,38.rec,signal,ORIGINAL_ISRUC_MEGA,data\raw\isruc-original\subject-38\38\38.rec,150989120,58051e2e44e603a03d01fb36975013ac91a2f6b2a3a253a6397b65b8b564ec16,ACQUIRED,0,
I038,38,38_1.txt,scorer1_txt,ORIGINAL_ISRUC_MEGA,data\raw\isruc-original\subject-38\38\38_1.txt,2896,b11d8b4e3e7df395736292b17fcade4f86d36a67decce87dc2382e138c54aade,ACQUIRED,0,
I038,38,38_1.xlsx,scorer1_xlsx,ORIGINAL_ISRUC_MEGA,data\raw\isruc-original\subject-38\38\38_1.xlsx,43042,abd37393d58cfd08298d395cdb5ad70e1f35038071e80c091391ce94c62232bc,ACQUIRED,0,
I038,38,38_2.txt,scorer2_txt,ORIGINAL_ISRUC_MEGA,data\raw\isruc-original\subject-38\38\38_2.txt,2796,0947407ee081685fc8cfbc407034ca29bc1e9e015c849062a1e14b63d2939c44,ACQUIRED,0,
I038,38,38_2.xlsx,scorer2_xlsx,ORIGINAL_ISRUC_MEGA,data\raw\isruc-original\subject-38\38\38_2.xlsx,44018,9aed368440b025a37c1bd196a02ebcca1d6799a2ced9917bf737958b2a4f71f4,ACQUIRED,0,
I039,39,39.rec,signal,ORIGINAL_ISRUC_MEGA,data\raw\isruc-original\subject-39\39\39.rec,156605120,3f5486b437d864d2176ec310c711450b8f1fbd3ddd561ae5ec702a519d4b94d6,ACQUIRED,0,
I039,39,39_1.txt,scorer1_txt,ORIGINAL_ISRUC_MEGA,data\raw\isruc-original\subject-39\39\39_1.txt,2838,f8d934f336902359d292d3849308cac3fc4c3a214ef7270af9d46009c085a08f,ACQUIRED,0,
I039,39,39_1.xlsx,scorer1_xlsx,ORIGINAL_ISRUC_MEGA,data\raw\isruc-original\subject-39\39\39_1.xlsx,41378,8e44a902dea633005a0d05475089a7db11a1c6377364c5b7438b3079379835f1,ACQUIRED,0,
I039,39,39_2.txt,scorer2_txt,ORIGINAL_ISRUC_MEGA,data\raw\isruc-original\subject-39\39\39_2.txt,2700,71fe830e3d4fd87a3ad4e483f1ea3529662cd3e57a5e4a501ac8ae423553e59c,ACQUIRED,0,
I039,39,39_2.xlsx,scorer2_xlsx,ORIGINAL_ISRUC_MEGA,data\raw\isruc-original\subject-39\39\39_2.xlsx,41618,e0e3ee49be451af831b03350d1a74fd83d81c98c763cda2e6f634e98bd29c5a0,ACQUIRED,0,
I040,40,40.rec,signal,ORIGINAL_ISRUC_MEGA,data\raw\isruc-original\subject-40\40\40.rec,164068132,d2e963ccfe842650572a34a1d96588fa3977c860fd04f3927350afa6477634b2,ACQUIRED,0,
I040,40,40_1.txt,scorer1_txt,ORIGINAL_ISRUC_MEGA,data\raw\isruc-original\subject-40\40\40_1.txt,2625,a7625167a9a832ccb02106b59f036d7a592bfeec048eac82a1c537d10fb8040c,ACQUIRED,0,
I040,40,40_1.xlsx,scorer1_xlsx,ORIGINAL_ISRUC_MEGA,data\raw\isruc-original\subject-40\40\40_1.xlsx,39217,95aad72204a434885e5c4544ffab839cc2101312a6b9490742fc3b9647484c8f,ACQUIRED,0,
I040,40,40_2.txt,scorer2_txt,ORIGINAL_ISRUC_MEGA,data\raw\isruc-original\subject-40\40\40_2.txt,2625,00837416bc9372a6198351bd91ffcf250053b8f24d3f0da13077e07fc64bb21e,ACQUIRED,0,
I040,40,40_2.xlsx,scorer2_xlsx,ORIGINAL_ISRUC_MEGA,data\raw\isruc-original\subject-40\40\40_2.xlsx,39851,95b5dfe7cb7c9a0fde05ca6b165c677b3665145a13688cd9328cd6a8a1416c97,ACQUIRED,0,
I041,41,41.rec,signal,ORIGINAL_ISRUC_MEGA,data\raw\isruc-original\subject-41\41\41.rec,159254376,8bc461e9a0826e69cbacc089e8a636cd2e124d01b7e3e89bae9eed1667b60a9d,ACQUIRED,0,
I041,41,41_1.txt,scorer1_txt,ORIGINAL_ISRUC_MEGA,data\raw\isruc-original\subject-41\41\41_1.txt,2922,283375007c02b67aceb1205204c3fe6f16762771feb66fbf43700494747f7be0,ACQUIRED,0,
I041,41,41_1.xlsx,scorer1_xlsx,ORIGINAL_ISRUC_MEGA,data\raw\isruc-original\subject-41\41\41_1.xlsx,49598,7968a0e314d9f280d23a5a6c969b267e7d510a1dbafe0855fd43a0df23dbe1e1,ACQUIRED,0,
I041,41,41_2.txt,scorer2_txt,ORIGINAL_ISRUC_MEGA,data\raw\isruc-original\subject-41\41\41_2.txt,2922,cf13eb425eeac503ab193e65b209cf0acbe339ffddbac164f9fd76601d839f6e,ACQUIRED,0,
I041,41,41_2.xlsx,scorer2_xlsx,ORIGINAL_ISRUC_MEGA,data\raw\isruc-original\subject-41\41\41_2.xlsx,44260,23a1eb146551a59844a22f4bd9e64c06f3176e78f4e3947b6f7bdaa21f4e3556,ACQUIRED,0,
I042,42,42.rec,signal,ORIGINAL_ISRUC_MEGA,data\raw\isruc-original\subject-42\42\42.rec,132767376,416616d30e36533a4a31c87d4006a75dce8f1579347fe317854e532453250541,ACQUIRED,0,
I042,42,42_1.txt,scorer1_txt,ORIGINAL_ISRUC_MEGA,data\raw\isruc-original\subject-42\42\42_1.txt,2436,7ea46992a1b837bed0b2b5d1a4d73ad0e7fad8d6fa77357f5e5404d90dea3b5f,ACQUIRED,0,
I042,42,42_1.xlsx,scorer1_xlsx,ORIGINAL_ISRUC_MEGA,data\raw\isruc-original\subject-42\42\42_1.xlsx,42714,48d22b60026fd1fb08935723237c5abfbab82847b59741eba68e1f03d6825ed1,ACQUIRED,0,
I042,42,42_2.txt,scorer2_txt,ORIGINAL_ISRUC_MEGA,data\raw\isruc-original\subject-42\42\42_2.txt,2436,c0851d3f734ef11c984764811812446c81ed87f19a22678becc45fcc387af0f6,ACQUIRED,0,
I042,42,42_2.xlsx,scorer2_xlsx,ORIGINAL_ISRUC_MEGA,data\raw\isruc-original\subject-42\42\42_2.xlsx,38525,c879f32c295f8f765cb5244d4f90873ba334ce9818026997f4d77b1fef4970b9,ACQUIRED,0,
I043,43,43.rec,signal,ORIGINAL_ISRUC_MEGA,data\raw\isruc-original\subject-43\43\43.rec,122139876,74d930e5ca27a5dbd1e670e56bb68909f3effb2a859479f6dc55d27124e7ca91,ACQUIRED,0,
I043,43,43_1.txt,scorer1_txt,ORIGINAL_ISRUC_MEGA,data\raw\isruc-original\subject-43\43\43_1.txt,2241,524a431aca3e097062fe05d2af904b971007ebb45fda80e18779c8484a3d9970,ACQUIRED,0,
I043,43,43_1.xlsx,scorer1_xlsx,ORIGINAL_ISRUC_MEGA,data\raw\isruc-original\subject-43\43\43_1.xlsx,42847,e8616b5541b8682cd27869478d922fb76c061026a3bf611db2e45398c3ff3d3c,ACQUIRED,0,
I043,43,43_2.txt,scorer2_txt,ORIGINAL_ISRUC_MEGA,data\raw\isruc-original\subject-43\43\43_2.txt,2241,203af4d994563cd02a35d49540f2d3051cda97db6a4a3418806d229f9103459e,ACQUIRED,0,
I043,43,43_2.xlsx,scorer2_xlsx,ORIGINAL_ISRUC_MEGA,data\raw\isruc-original\subject-43\43\43_2.xlsx,37787,4b9c4eaa2ba41b970730b558112973eb241a40f59190a57a7309fc58632f460a,ACQUIRED,0,
I044,44,44.rec,signal,ORIGINAL_ISRUC_MEGA,data\raw\isruc-original\subject-44\44\44.rec,163571376,a627e46c50f780d257a2d9e91b596231b2b6b28f948e27753dde12030c19e419,ACQUIRED,0,
I044,44,44_1.txt,scorer1_txt,ORIGINAL_ISRUC_MEGA,data\raw\isruc-original\subject-44\44\44_1.txt,2796,a0520ef238cb164e0872becefa3f269f3f48be678b3c4b5544fa565bb9288608,ACQUIRED,0,
I044,44,44_1.xlsx,scorer1_xlsx,ORIGINAL_ISRUC_MEGA,data\raw\isruc-original\subject-44\44\44_1.xlsx,47421,14e675069c1405a62696db0d1d331f99ce1902a74dfc71f1b6d34d4a52d1d858,ACQUIRED,0,
I044,44,44_2.txt,scorer2_txt,ORIGINAL_ISRUC_MEGA,data\raw\isruc-original\subject-44\44\44_2.txt,2796,cee0a6b4ac6d82f4888b7f74b416a9f8ca9b0aed5e277f11be990f47687cc2ab,ACQUIRED,0,
I044,44,44_2.xlsx,scorer2_xlsx,ORIGINAL_ISRUC_MEGA,data\raw\isruc-original\subject-44\44\44_2.xlsx,42727,f9c02dc1d7310b6494629e57befa578b84f2df3b437d162c6a151ccc2eb6f5a1,ACQUIRED,0,
I045,45,45.rec,signal,ORIGINAL_ISRUC_MEGA,data\raw\isruc-original\subject-45\45\45.rec,159008376,17f156444adcc96f6f8028063de891c97a1a96463e08f6ead74a0139dbc2139d,ACQUIRED,0,
I045,45,45_1.txt,scorer1_txt,ORIGINAL_ISRUC_MEGA,data\raw\isruc-original\subject-45\45\45_1.txt,2718,63c3a938a2b234db6850677aea77835aced6004fc0e5c3e128f211d5ea8d4285,ACQUIRED,0,
I045,45,45_1.xlsx,scorer1_xlsx,ORIGINAL_ISRUC_MEGA,data\raw\isruc-original\subject-45\45\45_1.xlsx,46508,0f1d16fc699366514d9265ff7de60359012e15556806ee19bea9bb47b6d3ad69,ACQUIRED,0,
I045,45,45_2.txt,scorer2_txt,ORIGINAL_ISRUC_MEGA,data\raw\isruc-original\subject-45\45\45_2.txt,2718,8c45109700f9787b5df15143e8bab372bfa8ac87dbada7c95a8a4067e65cc2a0,ACQUIRED,0,
I045,45,45_2.xlsx,scorer2_xlsx,ORIGINAL_ISRUC_MEGA,data\raw\isruc-original\subject-45\45\45_2.xlsx,41891,070f3c8da1deac3d0c85a2fadd1fd6a744eb62286d0f23914d30140878fe905b,ACQUIRED,0,
I046,46,46.rec,signal,ORIGINAL_ISRUC_MEGA,data\raw\isruc-original\subject-46\46\46.rec,141105876,4993dc98685362cc44756a4db68fc5e0ba74b2e4cb4757562a3c895950b2cbd1,ACQUIRED,0,
I046,46,46_1.txt,scorer1_txt,ORIGINAL_ISRUC_MEGA,data\raw\isruc-original\subject-46\46\46_1.txt,2589,e7d54802e37db0a92704451c163c4d266f67f12e14d0ffee35ff6226dfebb091,ACQUIRED,0,
I046,46,46_1.xlsx,scorer1_xlsx,ORIGINAL_ISRUC_MEGA,data\raw\isruc-original\subject-46\46\46_1.xlsx,44030,6b4a72e2664b6189650b62fbf0799c47a0b975ecfa66df54c93e9d78603b3697,ACQUIRED,0,
I046,46,46_2.txt,scorer2_txt,ORIGINAL_ISRUC_MEGA,data\raw\isruc-original\subject-46\46\46_2.txt,2589,f5b77b33d9f7cd573d9f5b421d78b258d17506aab064737796248953ccc9c3ca,ACQUIRED,0,
I046,46,46_2.xlsx,scorer2_xlsx,ORIGINAL_ISRUC_MEGA,data\raw\isruc-original\subject-46\46\46_2.xlsx,41289,e2f61e50ba1ee432ad2a43e02ba6bd3b4f582785861550877590517b2ff11b98,ACQUIRED,0,
I047,47,47.rec,signal,ORIGINAL_ISRUC_MEGA,data\raw\isruc-original\subject-47\47\47.rec,137018376,eda123ec8ab69746a16a69299a449ac75dd0caaf299e3cab83e41eb4e7b1e9ae,ACQUIRED,0,
I047,47,47_1.txt,scorer1_txt,ORIGINAL_ISRUC_MEGA,data\raw\isruc-original\subject-47\47\47_1.txt,2514,4de6c8cfd016b097677449757ab2d0f3dd46b77b049912c1bb70ae8e2978c967,ACQUIRED,0,
I047,47,47_1.xlsx,scorer1_xlsx,ORIGINAL_ISRUC_MEGA,data\raw\isruc-original\subject-47\47\47_1.xlsx,44784,4bf3dd6398ec5c79186b5d05a8938fc18a94ec83f3cfef8d61401a3522623c61,ACQUIRED,0,
I047,47,47_2.txt,scorer2_txt,ORIGINAL_ISRUC_MEGA,data\raw\isruc-original\subject-47\47\47_2.txt,2514,6ab4dd2bee30c92d04e1089e4bb54ed83039ca7d7a291cc91e7d6905391954e4,ACQUIRED,0,
I047,47,47_2.xlsx,scorer2_xlsx,ORIGINAL_ISRUC_MEGA,data\raw\isruc-original\subject-47\47\47_2.xlsx,40125,21a4879ef24ed25d3cf46912fe82d6b2c78e2093fb2cddcda7e7613585db2d43,ACQUIRED,0,
I048,48,48.rec,signal,ORIGINAL_ISRUC_MEGA,data\raw\isruc-original\subject-48\48\48.rec,160398876,d40ad2e63395f4cfedec32f7d3467783b868794afca1e77089a7525dcbc6449f,ACQUIRED,0,
I048,48,48_1.txt,scorer1_txt,ORIGINAL_ISRUC_MEGA,data\raw\isruc-original\subject-48\48\48_1.txt,2943,56c7315ad4279b69c038964a442e1ffd17bef2224f81de24bcc0735a2530b05c,ACQUIRED,0,
I048,48,48_1.xlsx,scorer1_xlsx,ORIGINAL_ISRUC_MEGA,data\raw\isruc-original\subject-48\48\48_1.xlsx,48409,bb021549cabb0be5796e780077f227666c4ac6894386bfa936e80e85f3c246eb,ACQUIRED,0,
I048,48,48_2.txt,scorer2_txt,ORIGINAL_ISRUC_MEGA,data\raw\isruc-original\subject-48\48\48_2.txt,2943,fc037a090700de4b94f12a7f4a5649ebb4b406d39d51e11e5b8f56b4990721cb,ACQUIRED,0,
I048,48,48_2.xlsx,scorer2_xlsx,ORIGINAL_ISRUC_MEGA,data\raw\isruc-original\subject-48\48\48_2.xlsx,43698,5eef0261639058caf1805082d4907258ece5a75980e1a67a0cc4622b54e867b1,ACQUIRED,0,
I049,49,49.rec,signal,ORIGINAL_ISRUC_MEGA,data\raw\isruc-original\subject-49\49\49.rec,129660876,636eeb6f68ba0adfd79657a138d04ec15bde80285f6425b5706e1ebb133e1405,ACQUIRED,0,
I049,49,49_1.txt,scorer1_txt,ORIGINAL_ISRUC_MEGA,data\raw\isruc-original\subject-49\49\49_1.txt,2379,47d820098232e2c5a6ed48ade36cabd99d084ee3de95c58f2343c0fab3ff0630,ACQUIRED,0,
I049,49,49_1.xlsx,scorer1_xlsx,ORIGINAL_ISRUC_MEGA,data\raw\isruc-original\subject-49\49\49_1.xlsx,41341,6f7605b8e9c3e864d49f060e768602ad6de941f678728feb49ed080cbe119f3b,ACQUIRED,0,
I049,49,49_2.txt,scorer2_txt,ORIGINAL_ISRUC_MEGA,data\raw\isruc-original\subject-49\49\49_2.txt,2379,02adda4ada018ad91793596338a96a2620c4a0290ed964500b847e08521f9976,ACQUIRED,0,
I049,49,49_2.xlsx,scorer2_xlsx,ORIGINAL_ISRUC_MEGA,data\raw\isruc-original\subject-49\49\49_2.xlsx,37703,1630c8bbdc7a1e893798a59c444b2f278501d60872f1637b27cbc5dd725fba75,ACQUIRED,0,
I050,50,50.rec,signal,ORIGINAL_ISRUC_MEGA,data\raw\isruc-original\subject-50\50\50.rec,158832876,e3cb86e3e8376e1538f968c4d7a19b960c413e76944ae23459944d2c0d53f4b1,ACQUIRED,0,
I050,50,50_1.txt,scorer1_txt,ORIGINAL_ISRUC_MEGA,data\raw\isruc-original\subject-50\50\50_1.txt,2715,62c71efa7d13f1fbc71e016bf84f3034d1fe180b08e107c386092589b7add930,ACQUIRED,0,
I050,50,50_1.xlsx,scorer1_xlsx,ORIGINAL_ISRUC_MEGA,data\raw\isruc-original\subject-50\50\50_1.xlsx,45449,4e7c4220a91e33e6a5e6f50bf032a1d6aea53bcb817ad689f10c1bd9a43144be,ACQUIRED,0,
I050,50,50_2.txt,scorer2_txt,ORIGINAL_ISRUC_MEGA,data\raw\isruc-original\subject-50\50\50_2.txt,2715,efe2e4e059e150c65e7d8c7013edafea737ff54ae3e1f3dfeae291792ee5af4c,ACQUIRED,0,
I050,50,50_2.xlsx,scorer2_xlsx,ORIGINAL_ISRUC_MEGA,data\raw\isruc-original\subject-50\50\50_2.xlsx,42078,632a29644a095b36a2d406ac99b1c16b0317c7bc641df3a77ba13829b0c8afce,ACQUIRED,0,
I051,51,51.rec,signal,ORIGINAL_ISRUC_MEGA,data\raw\isruc-original\subject-51\51\51.rec,139961376,4addb575b9bfab1c8b16344442e440b18f89007fa0fe9debbf9d0931da37417a,ACQUIRED,0,
I051,51,51_1.txt,scorer1_txt,ORIGINAL_ISRUC_MEGA,data\raw\isruc-original\subject-51\51\51_1.txt,2568,1e750fd990cfcf64c4399b3351e2fff82ab855347b3433a44b3ea38ccabe8999,ACQUIRED,0,
I051,51,51_1.xlsx,scorer1_xlsx,ORIGINAL_ISRUC_MEGA,data\raw\isruc-original\subject-51\51\51_1.xlsx,43744,2adc058dac2b5445f0794169026116841ec5e1cc3202918052389c0b8dd1ff30,ACQUIRED,0,
I051,51,51_2.txt,scorer2_txt,ORIGINAL_ISRUC_MEGA,data\raw\isruc-original\subject-51\51\51_2.txt,2568,c59d35ea650fea91e4472062a5ac90d7b54417d24e2e9e4cc9ef78292ecc1489,ACQUIRED,0,
I051,51,51_2.xlsx,scorer2_xlsx,ORIGINAL_ISRUC_MEGA,data\raw\isruc-original\subject-51\51\51_2.xlsx,41671,ab5a2641c2d346e82ceaf5c213c2c7830407d75774f5110103b1631f7b714bbd,ACQUIRED,0,
I052,52,52.rec,signal,ORIGINAL_ISRUC_MEGA,data\raw\isruc-original\subject-52\52\52.rec,149117376,b4c5f3f38bf733c7e093caef7a7adb64680bc676b2279fc3c522c1f1e394e108,ACQUIRED,0,
I052,52,52_1.txt,scorer1_txt,ORIGINAL_ISRUC_MEGA,data\raw\isruc-original\subject-52\52\52_1.txt,2736,aa83cff91ddb4ea00b7002e7a822a0f566d7d5512c9e04e534c9a74683b4501a,ACQUIRED,0,
I052,52,52_1.xlsx,scorer1_xlsx,ORIGINAL_ISRUC_MEGA,data\raw\isruc-original\subject-52\52\52_1.xlsx,45352,d7ea29db346167f51f3c0855704a07c5ceb053efa9ab6827fc34b6c28c23f90e,ACQUIRED,0,
I052,52,52_2.txt,scorer2_txt,ORIGINAL_ISRUC_MEGA,data\raw\isruc-original\subject-52\52\52_2.txt,2736,c0fccf17ec04def8056a89ba901c51a767f116347a12798144c1e47c332dae10,ACQUIRED,0,
I052,52,52_2.xlsx,scorer2_xlsx,ORIGINAL_ISRUC_MEGA,data\raw\isruc-original\subject-52\52\52_2.xlsx,44252,f2e5833ef8c8d18560e3da7260d774aed5f4e068fc23278b9a8b0e9dfb3ce78f,ACQUIRED,0,
I053,53,53.rec,signal,ORIGINAL_ISRUC_MEGA,data\raw\isruc-original\subject-53\53\53.rec,148790376,1481b426ddd470bde7a8c3663a62a46b53cc760db9bb94c5510ad1daaad28850,ACQUIRED,0,
I053,53,53_1.txt,scorer1_txt,ORIGINAL_ISRUC_MEGA,data\raw\isruc-original\subject-53\53\53_1.txt,2730,573ac025e9284475c2a0b07d92cdd2042132d0707f23c2a330d1757938be5122,ACQUIRED,0,
I053,53,53_1.xlsx,scorer1_xlsx,ORIGINAL_ISRUC_MEGA,data\raw\isruc-original\subject-53\53\53_1.xlsx,45108,53c8051e07419cac4498b46a5ded49f867437c0e6dbd0aa27dc0641c0e6183fb,ACQUIRED,0,
I053,53,53_2.txt,scorer2_txt,ORIGINAL_ISRUC_MEGA,data\raw\isruc-original\subject-53\53\53_2.txt,2730,f283bfd648ef8f3ca1a038546917c92a6e09ec7bcca05364acbae8dc799c3236,ACQUIRED,0,
I053,53,53_2.xlsx,scorer2_xlsx,ORIGINAL_ISRUC_MEGA,data\raw\isruc-original\subject-53\53\53_2.xlsx,43408,cadf36e2ce094daba5d98e009d4db4e762bd2792e5701b23d43b6be5f877d2a8,ACQUIRED,0,
I054,54,54.rec,signal,ORIGINAL_ISRUC_MEGA,data\raw\isruc-original\subject-54\54\54.rec,133094376,10a4c090859b1b71b36d3ddebb0129d18c3724f1fa8ea55bc7ec21e7e6e95c46,ACQUIRED,0,
I054,54,54_1.txt,scorer1_txt,ORIGINAL_ISRUC_MEGA,data\raw\isruc-original\subject-54\54\54_1.txt,2442,b8e29a7feef1e61af6a991752dabfcd38af3eba35a7d3992174208b7eff4b45e,ACQUIRED,0,
I054,54,54_1.xlsx,scorer1_xlsx,ORIGINAL_ISRUC_MEGA,data\raw\isruc-original\subject-54\54\54_1.xlsx,41815,84ba4b8499a0804ae7d0a63945e269e5240163dbf7f08ee835e54a7f86dbcbfe,ACQUIRED,0,
I054,54,54_2.txt,scorer2_txt,ORIGINAL_ISRUC_MEGA,data\raw\isruc-original\subject-54\54\54_2.txt,2442,a981b5e26620ec710a948ec2c71856e8ae87d1e0043a7549b7c52ce84ef429cb,ACQUIRED,0,
I054,54,54_2.xlsx,scorer2_xlsx,ORIGINAL_ISRUC_MEGA,data\raw\isruc-original\subject-54\54\54_2.xlsx,37783,85f996182d6bd4d4a73f1a0a9d315c9dc9bec287bf7a2add99ebf3eda0160d5f,ACQUIRED,0,
I055,55,55.rec,signal,ORIGINAL_ISRUC_MEGA,data\raw\isruc-original\subject-55\55\55.rec,143721876,203693da55b09e843dc432314efa7ccf202d316c6e9c9d24c6781ba3c01940d8,ACQUIRED,0,
I055,55,55_1.txt,scorer1_txt,ORIGINAL_ISRUC_MEGA,data\raw\isruc-original\subject-55\55\55_1.txt,2637,312a4d2e5c5c57e7a7f87f35ec3193176dc64e6aca6243975a98fe44bf1d4a02,ACQUIRED,0,
I055,55,55_1.xlsx,scorer1_xlsx,ORIGINAL_ISRUC_MEGA,data\raw\isruc-original\subject-55\55\55_1.xlsx,41446,9ad4b88375d1c8fabc4af4c1a81138727eef77e187da50988da68dae918f710f,ACQUIRED,0,
I055,55,55_2.txt,scorer2_txt,ORIGINAL_ISRUC_MEGA,data\raw\isruc-original\subject-55\55\55_2.txt,2637,7dbd0f8df10d8587e2cd59449808a1b5d60b931cf9e2a6c7419592db59c3bdb1,ACQUIRED,0,
I055,55,55_2.xlsx,scorer2_xlsx,ORIGINAL_ISRUC_MEGA,data\raw\isruc-original\subject-55\55\55_2.xlsx,42561,0a00bb9011517784d4f15c0d106bba8520ae60f046bb9b7131c8a300cea78c5b,ACQUIRED,0,
I056,56,56.rec,signal,ORIGINAL_ISRUC_MEGA,data\raw\isruc-original\subject-56\56\56.rec,155594120,829cc9beb922e1178ed227331fb11f03fd812e0b66c93accac245e6203ad07db,ACQUIRED,0,
I056,56,56_1.txt,scorer1_txt,ORIGINAL_ISRUC_MEGA,data\raw\isruc-original\subject-56\56\56_1.txt,2868,bb050721785f6b1ea5b06dd1233bda8990e56d5cd2e7997e0007de81c20cca6b,ACQUIRED,0,
I056,56,56_1.xlsx,scorer1_xlsx,ORIGINAL_ISRUC_MEGA,data\raw\isruc-original\subject-56\56\56_1.xlsx,47612,305d45fe595c983b1f193d3e851a3394128be9cb19e5ced216b1009e308d4b8e,ACQUIRED,0,
I056,56,56_2.txt,scorer2_txt,ORIGINAL_ISRUC_MEGA,data\raw\isruc-original\subject-56\56\56_2.txt,2868,290e3e6b36eda9d459e3a941cf405219741b6b1198637681a4576f1be4f7faf6,ACQUIRED,0,
I056,56,56_2.xlsx,scorer2_xlsx,ORIGINAL_ISRUC_MEGA,data\raw\isruc-original\subject-56\56\56_2.xlsx,46125,bb516fa870488739daf9a39cc10416a94cc03af0f555dbb88f4eeecac458ceeb,ACQUIRED,0,
I057,57,57.rec,signal,ORIGINAL_ISRUC_MEGA,data\raw\isruc-original\subject-57\57\57.rec,164649876,f420a1fda849cdbbff9c4b8b572034baa749a37ec1c0d87045e69e7dc10f7fee,ACQUIRED,0,
I057,57,57_1.txt,scorer1_txt,ORIGINAL_ISRUC_MEGA,data\raw\isruc-original\subject-57\57\57_1.txt,3021,fc5111facca18edf8e8b8481517c7460b723b5dde958407c19305e6ddae45a38,ACQUIRED,0,
I057,57,57_1.xlsx,scorer1_xlsx,ORIGINAL_ISRUC_MEGA,data\raw\isruc-original\subject-57\57\57_1.xlsx,49474,fd9ff99fd3caa5415ec93c996392dc5d507a36c6fd4cba4fe4b2faff14ebd572,ACQUIRED,0,
I057,57,57_2.txt,scorer2_txt,ORIGINAL_ISRUC_MEGA,data\raw\isruc-original\subject-57\57\57_2.txt,3021,0d7d67d0d2814cf714308a43cf2bc425417caa2ea244d3d33aca71c164f4b216,ACQUIRED,0,
I057,57,57_2.xlsx,scorer2_xlsx,ORIGINAL_ISRUC_MEGA,data\raw\isruc-original\subject-57\57\57_2.xlsx,47932,c7a1db3cb5b0f0d4c7d65ba2a80a1312b6f4809945c8b672a21f44646c3cf248,ACQUIRED,0,
I058,58,58.rec,signal,ORIGINAL_ISRUC_MEGA,data\raw\isruc-original\subject-58\58\58.rec,157782876,abb829e7712064608a982c31d494c8e8269c9064cd7f4738061c8a9deff4c086,ACQUIRED,0,
I058,58,58_1.txt,scorer1_txt,ORIGINAL_ISRUC_MEGA,data\raw\isruc-original\subject-58\58\58_1.txt,2895,f30b207be301b60220bcf97264ec818a6e4efb4e32e56f9c1908f0b4db7d7367,ACQUIRED,0,
I058,58,58_1.xlsx,scorer1_xlsx,ORIGINAL_ISRUC_MEGA,data\raw\isruc-original\subject-58\58\58_1.xlsx,48341,39a15cf9312423b565295af56b8ab6cf9246b1621324d7e17cedd637bdc4d6bb,ACQUIRED,0,
I058,58,58_2.txt,scorer2_txt,ORIGINAL_ISRUC_MEGA,data\raw\isruc-original\subject-58\58\58_2.txt,2895,6ed9b4bff22cf2b6d3164b4fae8bac2eb99668bdb78553bd673b6d533960ec5a,ACQUIRED,0,
I058,58,58_2.xlsx,scorer2_xlsx,ORIGINAL_ISRUC_MEGA,data\raw\isruc-original\subject-58\58\58_2.xlsx,45964,89cb1dbe9bfd718d676708743139361fc8224386d9fe9f00be508bb99b169a95,ACQUIRED,0,
I059,59,59.rec,signal,ORIGINAL_ISRUC_MEGA,data\raw\isruc-original\subject-59\59\59.rec,165326376,15cd1ec09bc4323ee1487129db4b3aa1be1aa748bea623142f5818a59b7eb51b,ACQUIRED,0,
I059,59,59_1.txt,scorer1_txt,ORIGINAL_ISRUC_MEGA,data\raw\isruc-original\subject-59\59\59_1.txt,2826,85b1e0b90f8a3a019246fe37876c34b4aead3c8bf6ebe52131468ffd97d5249c,ACQUIRED,0,
I059,59,59_1.xlsx,scorer1_xlsx,ORIGINAL_ISRUC_MEGA,data\raw\isruc-original\subject-59\59\59_1.xlsx,48178,5cd805bb9295e762b501c28c6aa5dda13ffc6555c3a7bea7e4e7dfa8dcd67c9e,ACQUIRED,0,
I059,59,59_2.txt,scorer2_txt,ORIGINAL_ISRUC_MEGA,data\raw\isruc-original\subject-59\59\59_2.txt,2826,e70c938933eda0b5f23fad267fa1cd07f8976878689355000d365a80b6acd24c,ACQUIRED,0,
I059,59,59_2.xlsx,scorer2_xlsx,ORIGINAL_ISRUC_MEGA,data\raw\isruc-original\subject-59\59\59_2.xlsx,45453,18f760f26faa10b2f26b8bfed96178b201de8f4c3cfbb8bb8cd1471cc1bdb51d,ACQUIRED,0,
I060,60,60.rec,signal,ORIGINAL_ISRUC_MEGA,data\raw\isruc-original\subject-60\60\60.rec,149771376,f7f66f7ab5553871ed80787ead6513e2b0e53554ddeb76629c532a804cf48197,ACQUIRED,0,
I060,60,60_1.txt,scorer1_txt,ORIGINAL_ISRUC_MEGA,data\raw\isruc-original\subject-60\60\60_1.txt,2748,c8e6e417b0f494ca6d23a4ecea1fad35dfa4f53299349f6985a160c196db195a,ACQUIRED,0,
I060,60,60_1.xlsx,scorer1_xlsx,ORIGINAL_ISRUC_MEGA,data\raw\isruc-original\subject-60\60\60_1.xlsx,47598,c7e07e63aabec89f3486e7508cd8c803a958871cf3c53ce2ad13258ef86a81ac,ACQUIRED,0,
I060,60,60_2.txt,scorer2_txt,ORIGINAL_ISRUC_MEGA,data\raw\isruc-original\subject-60\60\60_2.txt,2748,b176aced0a9732b0e3d178d7612f04bc55937665a3e69ad00df2967db1d47bde,ACQUIRED,0,
I060,60,60_2.xlsx,scorer2_xlsx,ORIGINAL_ISRUC_MEGA,data\raw\isruc-original\subject-60\60\60_2.xlsx,44588,3ef49526e554a9c4ead873e0f0d1d910ffaf6fa0e3c3c86c8acea65ae5b92b84,ACQUIRED,0,
I061,61,61.rec,signal,ORIGINAL_ISRUC_MEGA,data\raw\isruc-original\subject-61\61\61.rec,149531376,50b29b1eb048679a835300fbd54dae60b7911000e0f1c68c2cc8c09f2c83f3cf,ACQUIRED,0,
I061,61,61_1.txt,scorer1_txt,ORIGINAL_ISRUC_MEGA,data\raw\isruc-original\subject-61\61\61_1.txt,2556,a96ca52d840249cd866a6aa27278c4d8f8ddb2de43fe1e8df8987688e8740fd8,ACQUIRED,0,
I061,61,61_1.xlsx,scorer1_xlsx,ORIGINAL_ISRUC_MEGA,data\raw\isruc-original\subject-61\61\61_1.xlsx,45349,5c7db7454c4714574f33c30c8cefc8603602ce4c277397ddf1d6405fa26173bb,ACQUIRED,0,
I061,61,61_2.txt,scorer2_txt,ORIGINAL_ISRUC_MEGA,data\raw\isruc-original\subject-61\61\61_2.txt,2556,279962e479b68cec394f4b6d0fc95599976f0c7749f61f8f28cd1d9f8075b721,ACQUIRED,0,
I061,61,61_2.xlsx,scorer2_xlsx,ORIGINAL_ISRUC_MEGA,data\raw\isruc-original\subject-61\61\61_2.xlsx,42111,edb2f13469a127000873e8169dd9cb352888b0db476ed3bea81c9c4fa784e3a7,ACQUIRED,0,
I062,62,62.rec,signal,ORIGINAL_ISRUC_MEGA,data\raw\isruc-original\subject-62\62\62.rec,141269376,fcae609d506388a6659f1fba4896b56ea5bbd3b9c3df243c1094b35db9ca40f4,ACQUIRED,0,
I062,62,62_1.txt,scorer1_txt,ORIGINAL_ISRUC_MEGA,data\raw\isruc-original\subject-62\62\62_1.txt,2592,bb3283debda12cd5b8ff7eeddc4c3b943e159436ba5e8a0024557ab957169ee4,ACQUIRED,0,
I062,62,62_1.xlsx,scorer1_xlsx,ORIGINAL_ISRUC_MEGA,data\raw\isruc-original\subject-62\62\62_1.xlsx,43633,ff99403b0cce33d2602ccbe4b08f0f1aa71dc28eace5a73f276089676d3ed595,ACQUIRED,0,
I062,62,62_2.txt,scorer2_txt,ORIGINAL_ISRUC_MEGA,data\raw\isruc-original\subject-62\62\62_2.txt,2592,ebc109c09f21c6ea81ecbfb12334aa42332a9e70414cb529f67c28a951af72e6,ACQUIRED,0,
I062,62,62_2.xlsx,scorer2_xlsx,ORIGINAL_ISRUC_MEGA,data\raw\isruc-original\subject-62\62\62_2.xlsx,42011,f47d2657ee1f2a59e9e4fbf6ca4afd28c961602dacdf6b034a9bf6da72329718,ACQUIRED,0,
I063,63,63.rec,signal,ORIGINAL_ISRUC_MEGA,data\raw\isruc-original\subject-63\63\63.rec,155984376,a95ec062050f748f4e863064a440c887644d66ac6075be73ee6c30a88760155e,ACQUIRED,0,
I063,63,63_1.txt,scorer1_txt,ORIGINAL_ISRUC_MEGA,data\raw\isruc-original\subject-63\63\63_1.txt,2862,7d7587b8433a73c3b5f8403fd15c2dfb1f859aebca4ac86d3a46891e7e285074,ACQUIRED,0,
I063,63,63_1.xlsx,scorer1_xlsx,ORIGINAL_ISRUC_MEGA,data\raw\isruc-original\subject-63\63\63_1.xlsx,49063,8fbce47f5c366fcba3719b6a279c6b0cbe8a19f075a43c37bbda5465449f5fd8,ACQUIRED,0,
I063,63,63_2.txt,scorer2_txt,ORIGINAL_ISRUC_MEGA,data\raw\isruc-original\subject-63\63\63_2.txt,2862,94021cbb58b8766336b56dcfed2956ae223abc7ebaeec003f2f4960d469d6ebb,ACQUIRED,0,
I063,63,63_2.xlsx,scorer2_xlsx,ORIGINAL_ISRUC_MEGA,data\raw\isruc-original\subject-63\63\63_2.xlsx,46566,b2a1afb3e35414952e28d98465753374282f55ef2e708bf94f62d71794514ba9,ACQUIRED,0,
I064,64,64.rec,signal,ORIGINAL_ISRUC_MEGA,data\raw\isruc-original\subject-64\64\64.rec,145847376,cc1cd6eb1f2a68acb5c703d3cdcee84f9361dd4428bc15af277849d16c3968a2,ACQUIRED,0,
I064,64,64_1.txt,scorer1_txt,ORIGINAL_ISRUC_MEGA,data\raw\isruc-original\subject-64\64\64_1.txt,2676,2e24c044fe7e27c15cc2279ddf20f606bc964e825ad2d5204b66ce76b64ebb85,ACQUIRED,0,
I064,64,64_1.xlsx,scorer1_xlsx,ORIGINAL_ISRUC_MEGA,data\raw\isruc-original\subject-64\64\64_1.xlsx,45873,796846fb43e44ea7bc6aa42645e3f953799897673a980873df1fd91ad3fba540,ACQUIRED,0,
I064,64,64_2.txt,scorer2_txt,ORIGINAL_ISRUC_MEGA,data\raw\isruc-original\subject-64\64\64_2.txt,2676,faf45da0c9e420f5514d95d8400fa03b945cf8d9f066ac4b2da78eec0aa60b83,ACQUIRED,0,
I064,64,64_2.xlsx,scorer2_xlsx,ORIGINAL_ISRUC_MEGA,data\raw\isruc-original\subject-64\64\64_2.xlsx,43385,d807691dddf90de1a1dbf75b7bd5e2e2dacc1c663d5f619d2de1f1b23c1f6b6f,ACQUIRED,0,
I065,65,65.rec,signal,ORIGINAL_ISRUC_MEGA,data\raw\isruc-original\subject-65\65\65.rec,165794376,0e42afc029536b2878ee329a2816caa0e142152f4ff7f52a4eb430c0337cbd23,ACQUIRED,0,
I065,65,65_1.txt,scorer1_txt,ORIGINAL_ISRUC_MEGA,data\raw\isruc-original\subject-65\65\65_1.txt,3042,e862b5f94012d724a3fcb404daa2786e00914ebda5dac2c686caffd216fa8e67,ACQUIRED,0,
I065,65,65_1.xlsx,scorer1_xlsx,ORIGINAL_ISRUC_MEGA,data\raw\isruc-original\subject-65\65\65_1.xlsx,49018,9e8b34feac47db1ca8dac46d70b85cf5ee1f7643b070f8ca3e7ebfba7fe1cd42,ACQUIRED,0,
I065,65,65_2.txt,scorer2_txt,ORIGINAL_ISRUC_MEGA,data\raw\isruc-original\subject-65\65\65_2.txt,3042,1c30509adde4ec533a47a2f7d1298eb4e058e45c8f141d2e5a6a50a4dbc79a0b,ACQUIRED,0,
I065,65,65_2.xlsx,scorer2_xlsx,ORIGINAL_ISRUC_MEGA,data\raw\isruc-original\subject-65\65\65_2.xlsx,47199,51a91b0e6c99b59bfd8e84307586358c46ae97efa854a5f2bee9159df51e7e47,ACQUIRED,0,
I066,66,66.rec,signal,ORIGINAL_ISRUC_MEGA,data\raw\isruc-original\subject-66\66\66.rec,138162876,43fca0100e60539129c876c28d1f95e3acd49167d201c57079140d08c9371e57,ACQUIRED,0,
I066,66,66_1.txt,scorer1_txt,ORIGINAL_ISRUC_MEGA,data\raw\isruc-original\subject-66\66\66_1.txt,2535,d3f0a68d7c5f8cb790cc42d9b23a566018f1b6afb447771919c0e19015aef2ed,ACQUIRED,0,
I066,66,66_1.xlsx,scorer1_xlsx,ORIGINAL_ISRUC_MEGA,data\raw\isruc-original\subject-66\66\66_1.xlsx,44734,5ddd9c150c9833601066fb2e5081f1f06f378287545d2fe1087c8a7310fb2d47,ACQUIRED,0,
I066,66,66_2.txt,scorer2_txt,ORIGINAL_ISRUC_MEGA,data\raw\isruc-original\subject-66\66\66_2.txt,2535,d8b5c041cae9516951973fd2a571e0d005c1956d0b5d1db29eb28b62409e378c,ACQUIRED,0,
I066,66,66_2.xlsx,scorer2_xlsx,ORIGINAL_ISRUC_MEGA,data\raw\isruc-original\subject-66\66\66_2.xlsx,42450,98044e13a386180cb92fbd48f79c34521bcf1ce57dc86f093291241af82e52f3,ACQUIRED,0,
I067,67,67.rec,signal,ORIGINAL_ISRUC_MEGA,data\raw\isruc-original\subject-67\67\67.rec,151286376,815c47d0dabfee59949cfa85135c4d4f62defac8af33d4d5dfda838244184c8f,ACQUIRED,0,
I067,67,67_1.txt,scorer1_txt,ORIGINAL_ISRUC_MEGA,data\raw\isruc-original\subject-67\67\67_1.txt,2586,482a27bc66ece94fa2b9e216022ea3bcb6a5ec7f1182538b5eb9c0424981e7dc,ACQUIRED,0,
I067,67,67_1.xlsx,scorer1_xlsx,ORIGINAL_ISRUC_MEGA,data\raw\isruc-original\subject-67\67\67_1.xlsx,43345,224933cb7f79a492a209882a65ce25af23f8849d1734184b118f2f3ef1237a02,ACQUIRED,0,
I067,67,67_2.txt,scorer2_txt,ORIGINAL_ISRUC_MEGA,data\raw\isruc-original\subject-67\67\67_2.txt,2586,97ed111e4350eae357f3d55b8b69369164735836d73444da1970bba2b21e8f60,ACQUIRED,0,
I067,67,67_2.xlsx,scorer2_xlsx,ORIGINAL_ISRUC_MEGA,data\raw\isruc-original\subject-67\67\67_2.xlsx,41508,363b8175129f7d1d33bbeeeda53c9fcba6a3a2a29d81c6343c4f5966ec9b0c2a,ACQUIRED,0,
I068,68,68.rec,signal,ORIGINAL_ISRUC_MEGA,data\raw\isruc-original\subject-68\68\68.rec,156311376,3a6e486ea125922ff3cd7d3ee926c8bc8c54823365f941f29d473bf96ba810c2,ACQUIRED,0,
I068,68,68_1.txt,scorer1_txt,ORIGINAL_ISRUC_MEGA,data\raw\isruc-original\subject-68\68\68_1.txt,2868,2d0a162bc929cfea7a17edbb9d03f66091a85d77ebd4ed0e68e9c4cefc645c56,ACQUIRED,0,
I068,68,68_1.xlsx,scorer1_xlsx,ORIGINAL_ISRUC_MEGA,data\raw\isruc-original\subject-68\68\68_1.xlsx,47739,7e5f307fef138b3ceeb218c2fff9f298741a96c57d63e3f32da29f4acf0e9af1,ACQUIRED,0,
I068,68,68_2.txt,scorer2_txt,ORIGINAL_ISRUC_MEGA,data\raw\isruc-original\subject-68\68\68_2.txt,2868,401c4fc94d4bf7806c1ee98e4f593be684c022675de83b46469271a099b153e7,ACQUIRED,0,
I068,68,68_2.xlsx,scorer2_xlsx,ORIGINAL_ISRUC_MEGA,data\raw\isruc-original\subject-68\68\68_2.xlsx,46040,24bcd77a2079800178c8272259eb85c793c65ec16366427f16ffe62e7688eebf,ACQUIRED,0,
I069,69,69.rec,signal,ORIGINAL_ISRUC_MEGA,data\raw\isruc-original\subject-69\69\69.rec,143037876,d5605553986a8e95f5361cf003a1b9a7adfdb86ed080904fa3d1344c9c622144,ACQUIRED,0,
I069,69,69_1.txt,scorer1_txt,ORIGINAL_ISRUC_MEGA,data\raw\isruc-original\subject-69\69\69_1.txt,2445,03c470a9f6fa73834ab8a5dedea2dea04fc41d5bdb559dbe08c8cb1a392e2900,ACQUIRED,0,
I069,69,69_1.xlsx,scorer1_xlsx,ORIGINAL_ISRUC_MEGA,data\raw\isruc-original\subject-69\69\69_1.xlsx,41834,e1ff6b9b671f83f73969a2af69d63c2af3ba0e9c8c91ef7a43ed6f8b14834946,ACQUIRED,0,
I069,69,69_2.txt,scorer2_txt,ORIGINAL_ISRUC_MEGA,data\raw\isruc-original\subject-69\69\69_2.txt,2445,4f92484bada111b28db9feffc24a466264fea8d83d6745ff7597fda6c227cc72,ACQUIRED,0,
I069,69,69_2.xlsx,scorer2_xlsx,ORIGINAL_ISRUC_MEGA,data\raw\isruc-original\subject-69\69\69_2.xlsx,40029,d791196995bed4ccf0f3bb20ee7278b714725a669c4634a605b3d8a37419ad16,ACQUIRED,0,
I070,70,70.rec,signal,ORIGINAL_ISRUC_MEGA,data\raw\isruc-original\subject-70\70\70.rec,146010876,e7464137b1483a54beabd8d151db6055a1a315666bb31085774d511ee31635b6,ACQUIRED,0,
I070,70,70_1.txt,scorer1_txt,ORIGINAL_ISRUC_MEGA,data\raw\isruc-original\subject-70\70\70_1.txt,2679,51295c4cc3c70c4b0982b4f1707cc211066a52033b7f5f301e75ba021c65653b,ACQUIRED,0,
I070,70,70_1.xlsx,scorer1_xlsx,ORIGINAL_ISRUC_MEGA,data\raw\isruc-original\subject-70\70\70_1.xlsx,45724,ef307a807006ef365318165df39d51abebb07a64658cfbb588b9ab0b2cc450c1,ACQUIRED,0,
I070,70,70_2.txt,scorer2_txt,ORIGINAL_ISRUC_MEGA,data\raw\isruc-original\subject-70\70\70_2.txt,2679,8d68143243ac4518407167c9f0ffc98e159180f61547333496f472b4f8628bd0,ACQUIRED,0,
I070,70,70_2.xlsx,scorer2_xlsx,ORIGINAL_ISRUC_MEGA,data\raw\isruc-original\subject-70\70\70_2.xlsx,43173,b50fa0468c8592822d89ab8d29c59d394335be77c9b07e0e4f778bd065a6d609,ACQUIRED,0,
I071,71,71.rec,signal,ORIGINAL_ISRUC_MEGA,data\raw\isruc-original\subject-71\71\71.rec,135546876,efe85033703a8c81e9d43aaa036ea2ad88898a9ad1e5e1636922c0e2b4df8e30,ACQUIRED,0,
I071,71,71_1.txt,scorer1_txt,ORIGINAL_ISRUC_MEGA,data\raw\isruc-original\subject-71\71\71_1.txt,2487,0b753d7da123bf8209d172abada9dba52bbd3ce6e430efbe00070690159ee76d,ACQUIRED,0,
I071,71,71_1.xlsx,scorer1_xlsx,ORIGINAL_ISRUC_MEGA,data\raw\isruc-original\subject-71\71\71_1.xlsx,45820,7efdd9bb27ce5f4f7038d0e881b2f3ca1917a9514e9f1ff9c198f722ec85ee56,ACQUIRED,0,
I071,71,71_2.txt,scorer2_txt,ORIGINAL_ISRUC_MEGA,data\raw\isruc-original\subject-71\71\71_2.txt,2487,5384b9acf984581efbf66df361a67a81a6ca281a21b4bed2e2631ce7919e2761,ACQUIRED,0,
I071,71,71_2.xlsx,scorer2_xlsx,ORIGINAL_ISRUC_MEGA,data\raw\isruc-original\subject-71\71\71_2.xlsx,42557,c6f907d5125765af8abff3f712e694343424f4f4532b313500ee7fb0c811de1b,ACQUIRED,0,
I072,72,72.rec,signal,ORIGINAL_ISRUC_MEGA,,,,FAILED,0,MEGA_CLIENT_UNAVAILABLE_OR_BANDWIDTH_QUOTA
I072,72,72_1.txt,scorer1_txt,ORIGINAL_ISRUC_MEGA,,,,FAILED,0,MEGA_CLIENT_UNAVAILABLE_OR_BANDWIDTH_QUOTA
I072,72,72_1.xlsx,scorer1_xlsx,ORIGINAL_ISRUC_MEGA,,,,FAILED,0,MEGA_CLIENT_UNAVAILABLE_OR_BANDWIDTH_QUOTA
I072,72,72_2.txt,scorer2_txt,ORIGINAL_ISRUC_MEGA,,,,FAILED,0,MEGA_CLIENT_UNAVAILABLE_OR_BANDWIDTH_QUOTA
I072,72,72_2.xlsx,scorer2_xlsx,ORIGINAL_ISRUC_MEGA,,,,FAILED,0,MEGA_CLIENT_UNAVAILABLE_OR_BANDWIDTH_QUOTA
I073,73,73.rec,signal,ORIGINAL_ISRUC_MEGA,,,,FAILED,0,MEGA_CLIENT_UNAVAILABLE_OR_BANDWIDTH_QUOTA
I073,73,73_1.txt,scorer1_txt,ORIGINAL_ISRUC_MEGA,,,,FAILED,0,MEGA_CLIENT_UNAVAILABLE_OR_BANDWIDTH_QUOTA
I073,73,73_1.xlsx,scorer1_xlsx,ORIGINAL_ISRUC_MEGA,,,,FAILED,0,MEGA_CLIENT_UNAVAILABLE_OR_BANDWIDTH_QUOTA
I073,73,73_2.txt,scorer2_txt,ORIGINAL_ISRUC_MEGA,,,,FAILED,0,MEGA_CLIENT_UNAVAILABLE_OR_BANDWIDTH_QUOTA
I073,73,73_2.xlsx,scorer2_xlsx,ORIGINAL_ISRUC_MEGA,,,,FAILED,0,MEGA_CLIENT_UNAVAILABLE_OR_BANDWIDTH_QUOTA
I074,74,74.rec,signal,ORIGINAL_ISRUC_MEGA,,,,FAILED,0,MEGA_CLIENT_UNAVAILABLE_OR_BANDWIDTH_QUOTA
I074,74,74_1.txt,scorer1_txt,ORIGINAL_ISRUC_MEGA,,,,FAILED,0,MEGA_CLIENT_UNAVAILABLE_OR_BANDWIDTH_QUOTA
I074,74,74_1.xlsx,scorer1_xlsx,ORIGINAL_ISRUC_MEGA,,,,FAILED,0,MEGA_CLIENT_UNAVAILABLE_OR_BANDWIDTH_QUOTA
I074,74,74_2.txt,scorer2_txt,ORIGINAL_ISRUC_MEGA,,,,FAILED,0,MEGA_CLIENT_UNAVAILABLE_OR_BANDWIDTH_QUOTA
I074,74,74_2.xlsx,scorer2_xlsx,ORIGINAL_ISRUC_MEGA,,,,FAILED,0,MEGA_CLIENT_UNAVAILABLE_OR_BANDWIDTH_QUOTA
I075,75,75.rec,signal,ORIGINAL_ISRUC_MEGA,,,,FAILED,0,MEGA_CLIENT_UNAVAILABLE_OR_BANDWIDTH_QUOTA
I075,75,75_1.txt,scorer1_txt,ORIGINAL_ISRUC_MEGA,,,,FAILED,0,MEGA_CLIENT_UNAVAILABLE_OR_BANDWIDTH_QUOTA
I075,75,75_1.xlsx,scorer1_xlsx,ORIGINAL_ISRUC_MEGA,,,,FAILED,0,MEGA_CLIENT_UNAVAILABLE_OR_BANDWIDTH_QUOTA
I075,75,75_2.txt,scorer2_txt,ORIGINAL_ISRUC_MEGA,,,,FAILED,0,MEGA_CLIENT_UNAVAILABLE_OR_BANDWIDTH_QUOTA
I075,75,75_2.xlsx,scorer2_xlsx,ORIGINAL_ISRUC_MEGA,,,,FAILED,0,MEGA_CLIENT_UNAVAILABLE_OR_BANDWIDTH_QUOTA
I076,76,76.rec,signal,ORIGINAL_ISRUC_MEGA,,,,FAILED,0,MEGA_CLIENT_UNAVAILABLE_OR_BANDWIDTH_QUOTA
I076,76,76_1.txt,scorer1_txt,ORIGINAL_ISRUC_MEGA,,,,FAILED,0,MEGA_CLIENT_UNAVAILABLE_OR_BANDWIDTH_QUOTA
I076,76,76_1.xlsx,scorer1_xlsx,ORIGINAL_ISRUC_MEGA,,,,FAILED,0,MEGA_CLIENT_UNAVAILABLE_OR_BANDWIDTH_QUOTA
I076,76,76_2.txt,scorer2_txt,ORIGINAL_ISRUC_MEGA,,,,FAILED,0,MEGA_CLIENT_UNAVAILABLE_OR_BANDWIDTH_QUOTA
I076,76,76_2.xlsx,scorer2_xlsx,ORIGINAL_ISRUC_MEGA,,,,FAILED,0,MEGA_CLIENT_UNAVAILABLE_OR_BANDWIDTH_QUOTA
I077,77,77.rec,signal,ORIGINAL_ISRUC_MEGA,,,,FAILED,0,MEGA_CLIENT_UNAVAILABLE_OR_BANDWIDTH_QUOTA
I077,77,77_1.txt,scorer1_txt,ORIGINAL_ISRUC_MEGA,,,,FAILED,0,MEGA_CLIENT_UNAVAILABLE_OR_BANDWIDTH_QUOTA
I077,77,77_1.xlsx,scorer1_xlsx,ORIGINAL_ISRUC_MEGA,,,,FAILED,0,MEGA_CLIENT_UNAVAILABLE_OR_BANDWIDTH_QUOTA
I077,77,77_2.txt,scorer2_txt,ORIGINAL_ISRUC_MEGA,,,,FAILED,0,MEGA_CLIENT_UNAVAILABLE_OR_BANDWIDTH_QUOTA
I077,77,77_2.xlsx,scorer2_xlsx,ORIGINAL_ISRUC_MEGA,,,,FAILED,0,MEGA_CLIENT_UNAVAILABLE_OR_BANDWIDTH_QUOTA
I078,78,78.rec,signal,ORIGINAL_ISRUC_MEGA,,,,FAILED,0,MEGA_CLIENT_UNAVAILABLE_OR_BANDWIDTH_QUOTA
I078,78,78_1.txt,scorer1_txt,ORIGINAL_ISRUC_MEGA,,,,FAILED,0,MEGA_CLIENT_UNAVAILABLE_OR_BANDWIDTH_QUOTA
I078,78,78_1.xlsx,scorer1_xlsx,ORIGINAL_ISRUC_MEGA,,,,FAILED,0,MEGA_CLIENT_UNAVAILABLE_OR_BANDWIDTH_QUOTA
I078,78,78_2.txt,scorer2_txt,ORIGINAL_ISRUC_MEGA,,,,FAILED,0,MEGA_CLIENT_UNAVAILABLE_OR_BANDWIDTH_QUOTA
I078,78,78_2.xlsx,scorer2_xlsx,ORIGINAL_ISRUC_MEGA,,,,FAILED,0,MEGA_CLIENT_UNAVAILABLE_OR_BANDWIDTH_QUOTA
I079,79,79.rec,signal,ORIGINAL_ISRUC_MEGA,,,,FAILED,0,MEGA_CLIENT_UNAVAILABLE_OR_BANDWIDTH_QUOTA
I079,79,79_1.txt,scorer1_txt,ORIGINAL_ISRUC_MEGA,,,,FAILED,0,MEGA_CLIENT_UNAVAILABLE_OR_BANDWIDTH_QUOTA
I079,79,79_1.xlsx,scorer1_xlsx,ORIGINAL_ISRUC_MEGA,,,,FAILED,0,MEGA_CLIENT_UNAVAILABLE_OR_BANDWIDTH_QUOTA
I079,79,79_2.txt,scorer2_txt,ORIGINAL_ISRUC_MEGA,,,,FAILED,0,MEGA_CLIENT_UNAVAILABLE_OR_BANDWIDTH_QUOTA
I079,79,79_2.xlsx,scorer2_xlsx,ORIGINAL_ISRUC_MEGA,,,,FAILED,0,MEGA_CLIENT_UNAVAILABLE_OR_BANDWIDTH_QUOTA
I080,80,80.rec,signal,ORIGINAL_ISRUC_MEGA,,,,FAILED,0,MEGA_CLIENT_UNAVAILABLE_OR_BANDWIDTH_QUOTA
I080,80,80_1.txt,scorer1_txt,ORIGINAL_ISRUC_MEGA,,,,FAILED,0,MEGA_CLIENT_UNAVAILABLE_OR_BANDWIDTH_QUOTA
I080,80,80_1.xlsx,scorer1_xlsx,ORIGINAL_ISRUC_MEGA,,,,FAILED,0,MEGA_CLIENT_UNAVAILABLE_OR_BANDWIDTH_QUOTA
I080,80,80_2.txt,scorer2_txt,ORIGINAL_ISRUC_MEGA,,,,FAILED,0,MEGA_CLIENT_UNAVAILABLE_OR_BANDWIDTH_QUOTA
I080,80,80_2.xlsx,scorer2_xlsx,ORIGINAL_ISRUC_MEGA,,,,FAILED,0,MEGA_CLIENT_UNAVAILABLE_OR_BANDWIDTH_QUOTA
I081,81,81.rec,signal,ORIGINAL_ISRUC_MEGA,,,,FAILED,0,MEGA_CLIENT_UNAVAILABLE_OR_BANDWIDTH_QUOTA
I081,81,81_1.txt,scorer1_txt,ORIGINAL_ISRUC_MEGA,,,,FAILED,0,MEGA_CLIENT_UNAVAILABLE_OR_BANDWIDTH_QUOTA
I081,81,81_1.xlsx,scorer1_xlsx,ORIGINAL_ISRUC_MEGA,,,,FAILED,0,MEGA_CLIENT_UNAVAILABLE_OR_BANDWIDTH_QUOTA
I081,81,81_2.txt,scorer2_txt,ORIGINAL_ISRUC_MEGA,,,,FAILED,0,MEGA_CLIENT_UNAVAILABLE_OR_BANDWIDTH_QUOTA
I081,81,81_2.xlsx,scorer2_xlsx,ORIGINAL_ISRUC_MEGA,,,,FAILED,0,MEGA_CLIENT_UNAVAILABLE_OR_BANDWIDTH_QUOTA
I082,82,82.rec,signal,ORIGINAL_ISRUC_MEGA,,,,FAILED,0,MEGA_CLIENT_UNAVAILABLE_OR_BANDWIDTH_QUOTA
I082,82,82_1.txt,scorer1_txt,ORIGINAL_ISRUC_MEGA,,,,FAILED,0,MEGA_CLIENT_UNAVAILABLE_OR_BANDWIDTH_QUOTA
I082,82,82_1.xlsx,scorer1_xlsx,ORIGINAL_ISRUC_MEGA,,,,FAILED,0,MEGA_CLIENT_UNAVAILABLE_OR_BANDWIDTH_QUOTA
I082,82,82_2.txt,scorer2_txt,ORIGINAL_ISRUC_MEGA,,,,FAILED,0,MEGA_CLIENT_UNAVAILABLE_OR_BANDWIDTH_QUOTA
I082,82,82_2.xlsx,scorer2_xlsx,ORIGINAL_ISRUC_MEGA,,,,FAILED,0,MEGA_CLIENT_UNAVAILABLE_OR_BANDWIDTH_QUOTA
I083,83,83.rec,signal,ORIGINAL_ISRUC_MEGA,,,,FAILED,0,MEGA_CLIENT_UNAVAILABLE_OR_BANDWIDTH_QUOTA
I083,83,83_1.txt,scorer1_txt,ORIGINAL_ISRUC_MEGA,,,,FAILED,0,MEGA_CLIENT_UNAVAILABLE_OR_BANDWIDTH_QUOTA
I083,83,83_1.xlsx,scorer1_xlsx,ORIGINAL_ISRUC_MEGA,,,,FAILED,0,MEGA_CLIENT_UNAVAILABLE_OR_BANDWIDTH_QUOTA
I083,83,83_2.txt,scorer2_txt,ORIGINAL_ISRUC_MEGA,,,,FAILED,0,MEGA_CLIENT_UNAVAILABLE_OR_BANDWIDTH_QUOTA
I083,83,83_2.xlsx,scorer2_xlsx,ORIGINAL_ISRUC_MEGA,,,,FAILED,0,MEGA_CLIENT_UNAVAILABLE_OR_BANDWIDTH_QUOTA
I084,84,84.rec,signal,ORIGINAL_ISRUC_MEGA,,,,FAILED,0,MEGA_CLIENT_UNAVAILABLE_OR_BANDWIDTH_QUOTA
I084,84,84_1.txt,scorer1_txt,ORIGINAL_ISRUC_MEGA,,,,FAILED,0,MEGA_CLIENT_UNAVAILABLE_OR_BANDWIDTH_QUOTA
I084,84,84_1.xlsx,scorer1_xlsx,ORIGINAL_ISRUC_MEGA,,,,FAILED,0,MEGA_CLIENT_UNAVAILABLE_OR_BANDWIDTH_QUOTA
I084,84,84_2.txt,scorer2_txt,ORIGINAL_ISRUC_MEGA,,,,FAILED,0,MEGA_CLIENT_UNAVAILABLE_OR_BANDWIDTH_QUOTA
I084,84,84_2.xlsx,scorer2_xlsx,ORIGINAL_ISRUC_MEGA,,,,FAILED,0,MEGA_CLIENT_UNAVAILABLE_OR_BANDWIDTH_QUOTA
I085,85,85.rec,signal,ORIGINAL_ISRUC_MEGA,,,,FAILED,0,MEGA_CLIENT_UNAVAILABLE_OR_BANDWIDTH_QUOTA
I085,85,85_1.txt,scorer1_txt,ORIGINAL_ISRUC_MEGA,,,,FAILED,0,MEGA_CLIENT_UNAVAILABLE_OR_BANDWIDTH_QUOTA
I085,85,85_1.xlsx,scorer1_xlsx,ORIGINAL_ISRUC_MEGA,,,,FAILED,0,MEGA_CLIENT_UNAVAILABLE_OR_BANDWIDTH_QUOTA
I085,85,85_2.txt,scorer2_txt,ORIGINAL_ISRUC_MEGA,,,,FAILED,0,MEGA_CLIENT_UNAVAILABLE_OR_BANDWIDTH_QUOTA
I085,85,85_2.xlsx,scorer2_xlsx,ORIGINAL_ISRUC_MEGA,,,,FAILED,0,MEGA_CLIENT_UNAVAILABLE_OR_BANDWIDTH_QUOTA
I086,86,86.rec,signal,ORIGINAL_ISRUC_MEGA,,,,FAILED,0,MEGA_CLIENT_UNAVAILABLE_OR_BANDWIDTH_QUOTA
I086,86,86_1.txt,scorer1_txt,ORIGINAL_ISRUC_MEGA,,,,FAILED,0,MEGA_CLIENT_UNAVAILABLE_OR_BANDWIDTH_QUOTA
I086,86,86_1.xlsx,scorer1_xlsx,ORIGINAL_ISRUC_MEGA,,,,FAILED,0,MEGA_CLIENT_UNAVAILABLE_OR_BANDWIDTH_QUOTA
I086,86,86_2.txt,scorer2_txt,ORIGINAL_ISRUC_MEGA,,,,FAILED,0,MEGA_CLIENT_UNAVAILABLE_OR_BANDWIDTH_QUOTA
I086,86,86_2.xlsx,scorer2_xlsx,ORIGINAL_ISRUC_MEGA,,,,FAILED,0,MEGA_CLIENT_UNAVAILABLE_OR_BANDWIDTH_QUOTA
I087,87,87.rec,signal,ORIGINAL_ISRUC_MEGA,,,,FAILED,0,MEGA_CLIENT_UNAVAILABLE_OR_BANDWIDTH_QUOTA
I087,87,87_1.txt,scorer1_txt,ORIGINAL_ISRUC_MEGA,,,,FAILED,0,MEGA_CLIENT_UNAVAILABLE_OR_BANDWIDTH_QUOTA
I087,87,87_1.xlsx,scorer1_xlsx,ORIGINAL_ISRUC_MEGA,,,,FAILED,0,MEGA_CLIENT_UNAVAILABLE_OR_BANDWIDTH_QUOTA
I087,87,87_2.txt,scorer2_txt,ORIGINAL_ISRUC_MEGA,,,,FAILED,0,MEGA_CLIENT_UNAVAILABLE_OR_BANDWIDTH_QUOTA
I087,87,87_2.xlsx,scorer2_xlsx,ORIGINAL_ISRUC_MEGA,,,,FAILED,0,MEGA_CLIENT_UNAVAILABLE_OR_BANDWIDTH_QUOTA
I088,88,88.rec,signal,ORIGINAL_ISRUC_MEGA,,,,FAILED,0,MEGA_CLIENT_UNAVAILABLE_OR_BANDWIDTH_QUOTA
I088,88,88_1.txt,scorer1_txt,ORIGINAL_ISRUC_MEGA,,,,FAILED,0,MEGA_CLIENT_UNAVAILABLE_OR_BANDWIDTH_QUOTA
I088,88,88_1.xlsx,scorer1_xlsx,ORIGINAL_ISRUC_MEGA,,,,FAILED,0,MEGA_CLIENT_UNAVAILABLE_OR_BANDWIDTH_QUOTA
I088,88,88_2.txt,scorer2_txt,ORIGINAL_ISRUC_MEGA,,,,FAILED,0,MEGA_CLIENT_UNAVAILABLE_OR_BANDWIDTH_QUOTA
I088,88,88_2.xlsx,scorer2_xlsx,ORIGINAL_ISRUC_MEGA,,,,FAILED,0,MEGA_CLIENT_UNAVAILABLE_OR_BANDWIDTH_QUOTA
I089,89,89.rec,signal,ORIGINAL_ISRUC_MEGA,,,,FAILED,0,MEGA_CLIENT_UNAVAILABLE_OR_BANDWIDTH_QUOTA
I089,89,89_1.txt,scorer1_txt,ORIGINAL_ISRUC_MEGA,,,,FAILED,0,MEGA_CLIENT_UNAVAILABLE_OR_BANDWIDTH_QUOTA
I089,89,89_1.xlsx,scorer1_xlsx,ORIGINAL_ISRUC_MEGA,,,,FAILED,0,MEGA_CLIENT_UNAVAILABLE_OR_BANDWIDTH_QUOTA
I089,89,89_2.txt,scorer2_txt,ORIGINAL_ISRUC_MEGA,,,,FAILED,0,MEGA_CLIENT_UNAVAILABLE_OR_BANDWIDTH_QUOTA
I089,89,89_2.xlsx,scorer2_xlsx,ORIGINAL_ISRUC_MEGA,,,,FAILED,0,MEGA_CLIENT_UNAVAILABLE_OR_BANDWIDTH_QUOTA
I090,90,90.rec,signal,ORIGINAL_ISRUC_MEGA,,,,FAILED,0,MEGA_CLIENT_UNAVAILABLE_OR_BANDWIDTH_QUOTA
I090,90,90_1.txt,scorer1_txt,ORIGINAL_ISRUC_MEGA,,,,FAILED,0,MEGA_CLIENT_UNAVAILABLE_OR_BANDWIDTH_QUOTA
I090,90,90_1.xlsx,scorer1_xlsx,ORIGINAL_ISRUC_MEGA,,,,FAILED,0,MEGA_CLIENT_UNAVAILABLE_OR_BANDWIDTH_QUOTA
I090,90,90_2.txt,scorer2_txt,ORIGINAL_ISRUC_MEGA,,,,FAILED,0,MEGA_CLIENT_UNAVAILABLE_OR_BANDWIDTH_QUOTA
I090,90,90_2.xlsx,scorer2_xlsx,ORIGINAL_ISRUC_MEGA,,,,FAILED,0,MEGA_CLIENT_UNAVAILABLE_OR_BANDWIDTH_QUOTA
I091,91,91.rec,signal,ORIGINAL_ISRUC_MEGA,,,,FAILED,0,MEGA_CLIENT_UNAVAILABLE_OR_BANDWIDTH_QUOTA
I091,91,91_1.txt,scorer1_txt,ORIGINAL_ISRUC_MEGA,,,,FAILED,0,MEGA_CLIENT_UNAVAILABLE_OR_BANDWIDTH_QUOTA
I091,91,91_1.xlsx,scorer1_xlsx,ORIGINAL_ISRUC_MEGA,,,,FAILED,0,MEGA_CLIENT_UNAVAILABLE_OR_BANDWIDTH_QUOTA
I091,91,91_2.txt,scorer2_txt,ORIGINAL_ISRUC_MEGA,,,,FAILED,0,MEGA_CLIENT_UNAVAILABLE_OR_BANDWIDTH_QUOTA
I091,91,91_2.xlsx,scorer2_xlsx,ORIGINAL_ISRUC_MEGA,,,,FAILED,0,MEGA_CLIENT_UNAVAILABLE_OR_BANDWIDTH_QUOTA
I092,92,92.rec,signal,ORIGINAL_ISRUC_MEGA,,,,FAILED,0,MEGA_CLIENT_UNAVAILABLE_OR_BANDWIDTH_QUOTA
I092,92,92_1.txt,scorer1_txt,ORIGINAL_ISRUC_MEGA,,,,FAILED,0,MEGA_CLIENT_UNAVAILABLE_OR_BANDWIDTH_QUOTA
I092,92,92_1.xlsx,scorer1_xlsx,ORIGINAL_ISRUC_MEGA,,,,FAILED,0,MEGA_CLIENT_UNAVAILABLE_OR_BANDWIDTH_QUOTA
I092,92,92_2.txt,scorer2_txt,ORIGINAL_ISRUC_MEGA,,,,FAILED,0,MEGA_CLIENT_UNAVAILABLE_OR_BANDWIDTH_QUOTA
I092,92,92_2.xlsx,scorer2_xlsx,ORIGINAL_ISRUC_MEGA,,,,FAILED,0,MEGA_CLIENT_UNAVAILABLE_OR_BANDWIDTH_QUOTA
I093,93,93.rec,signal,ORIGINAL_ISRUC_MEGA,,,,FAILED,0,MEGA_CLIENT_UNAVAILABLE_OR_BANDWIDTH_QUOTA
I093,93,93_1.txt,scorer1_txt,ORIGINAL_ISRUC_MEGA,,,,FAILED,0,MEGA_CLIENT_UNAVAILABLE_OR_BANDWIDTH_QUOTA
I093,93,93_1.xlsx,scorer1_xlsx,ORIGINAL_ISRUC_MEGA,,,,FAILED,0,MEGA_CLIENT_UNAVAILABLE_OR_BANDWIDTH_QUOTA
I093,93,93_2.txt,scorer2_txt,ORIGINAL_ISRUC_MEGA,,,,FAILED,0,MEGA_CLIENT_UNAVAILABLE_OR_BANDWIDTH_QUOTA
I093,93,93_2.xlsx,scorer2_xlsx,ORIGINAL_ISRUC_MEGA,,,,FAILED,0,MEGA_CLIENT_UNAVAILABLE_OR_BANDWIDTH_QUOTA
I094,94,94.rec,signal,ORIGINAL_ISRUC_MEGA,,,,FAILED,0,MEGA_CLIENT_UNAVAILABLE_OR_BANDWIDTH_QUOTA
I094,94,94_1.txt,scorer1_txt,ORIGINAL_ISRUC_MEGA,,,,FAILED,0,MEGA_CLIENT_UNAVAILABLE_OR_BANDWIDTH_QUOTA
I094,94,94_1.xlsx,scorer1_xlsx,ORIGINAL_ISRUC_MEGA,,,,FAILED,0,MEGA_CLIENT_UNAVAILABLE_OR_BANDWIDTH_QUOTA
I094,94,94_2.txt,scorer2_txt,ORIGINAL_ISRUC_MEGA,,,,FAILED,0,MEGA_CLIENT_UNAVAILABLE_OR_BANDWIDTH_QUOTA
I094,94,94_2.xlsx,scorer2_xlsx,ORIGINAL_ISRUC_MEGA,,,,FAILED,0,MEGA_CLIENT_UNAVAILABLE_OR_BANDWIDTH_QUOTA
I095,95,95.rec,signal,ORIGINAL_ISRUC_MEGA,,,,FAILED,0,MEGA_CLIENT_UNAVAILABLE_OR_BANDWIDTH_QUOTA
I095,95,95_1.txt,scorer1_txt,ORIGINAL_ISRUC_MEGA,,,,FAILED,0,MEGA_CLIENT_UNAVAILABLE_OR_BANDWIDTH_QUOTA
I095,95,95_1.xlsx,scorer1_xlsx,ORIGINAL_ISRUC_MEGA,,,,FAILED,0,MEGA_CLIENT_UNAVAILABLE_OR_BANDWIDTH_QUOTA
I095,95,95_2.txt,scorer2_txt,ORIGINAL_ISRUC_MEGA,,,,FAILED,0,MEGA_CLIENT_UNAVAILABLE_OR_BANDWIDTH_QUOTA
I095,95,95_2.xlsx,scorer2_xlsx,ORIGINAL_ISRUC_MEGA,,,,FAILED,0,MEGA_CLIENT_UNAVAILABLE_OR_BANDWIDTH_QUOTA
I096,96,96.rec,signal,ORIGINAL_ISRUC_MEGA,,,,FAILED,0,MEGA_CLIENT_UNAVAILABLE_OR_BANDWIDTH_QUOTA
I096,96,96_1.txt,scorer1_txt,ORIGINAL_ISRUC_MEGA,,,,FAILED,0,MEGA_CLIENT_UNAVAILABLE_OR_BANDWIDTH_QUOTA
I096,96,96_1.xlsx,scorer1_xlsx,ORIGINAL_ISRUC_MEGA,,,,FAILED,0,MEGA_CLIENT_UNAVAILABLE_OR_BANDWIDTH_QUOTA
I096,96,96_2.txt,scorer2_txt,ORIGINAL_ISRUC_MEGA,,,,FAILED,0,MEGA_CLIENT_UNAVAILABLE_OR_BANDWIDTH_QUOTA
I096,96,96_2.xlsx,scorer2_xlsx,ORIGINAL_ISRUC_MEGA,,,,FAILED,0,MEGA_CLIENT_UNAVAILABLE_OR_BANDWIDTH_QUOTA
I097,97,97.rec,signal,ORIGINAL_ISRUC_MEGA,,,,FAILED,0,MEGA_CLIENT_UNAVAILABLE_OR_BANDWIDTH_QUOTA
I097,97,97_1.txt,scorer1_txt,ORIGINAL_ISRUC_MEGA,,,,FAILED,0,MEGA_CLIENT_UNAVAILABLE_OR_BANDWIDTH_QUOTA
I097,97,97_1.xlsx,scorer1_xlsx,ORIGINAL_ISRUC_MEGA,,,,FAILED,0,MEGA_CLIENT_UNAVAILABLE_OR_BANDWIDTH_QUOTA
I097,97,97_2.txt,scorer2_txt,ORIGINAL_ISRUC_MEGA,,,,FAILED,0,MEGA_CLIENT_UNAVAILABLE_OR_BANDWIDTH_QUOTA
I097,97,97_2.xlsx,scorer2_xlsx,ORIGINAL_ISRUC_MEGA,,,,FAILED,0,MEGA_CLIENT_UNAVAILABLE_OR_BANDWIDTH_QUOTA
I098,98,98.rec,signal,ORIGINAL_ISRUC_MEGA,,,,FAILED,0,MEGA_CLIENT_UNAVAILABLE_OR_BANDWIDTH_QUOTA
I098,98,98_1.txt,scorer1_txt,ORIGINAL_ISRUC_MEGA,,,,FAILED,0,MEGA_CLIENT_UNAVAILABLE_OR_BANDWIDTH_QUOTA
I098,98,98_1.xlsx,scorer1_xlsx,ORIGINAL_ISRUC_MEGA,,,,FAILED,0,MEGA_CLIENT_UNAVAILABLE_OR_BANDWIDTH_QUOTA
I098,98,98_2.txt,scorer2_txt,ORIGINAL_ISRUC_MEGA,,,,FAILED,0,MEGA_CLIENT_UNAVAILABLE_OR_BANDWIDTH_QUOTA
I098,98,98_2.xlsx,scorer2_xlsx,ORIGINAL_ISRUC_MEGA,,,,FAILED,0,MEGA_CLIENT_UNAVAILABLE_OR_BANDWIDTH_QUOTA
I099,99,99.rec,signal,ORIGINAL_ISRUC_MEGA,,,,FAILED,0,MEGA_CLIENT_UNAVAILABLE_OR_BANDWIDTH_QUOTA
I099,99,99_1.txt,scorer1_txt,ORIGINAL_ISRUC_MEGA,,,,FAILED,0,MEGA_CLIENT_UNAVAILABLE_OR_BANDWIDTH_QUOTA
I099,99,99_1.xlsx,scorer1_xlsx,ORIGINAL_ISRUC_MEGA,,,,FAILED,0,MEGA_CLIENT_UNAVAILABLE_OR_BANDWIDTH_QUOTA
I099,99,99_2.txt,scorer2_txt,ORIGINAL_ISRUC_MEGA,,,,FAILED,0,MEGA_CLIENT_UNAVAILABLE_OR_BANDWIDTH_QUOTA
I099,99,99_2.xlsx,scorer2_xlsx,ORIGINAL_ISRUC_MEGA,,,,FAILED,0,MEGA_CLIENT_UNAVAILABLE_OR_BANDWIDTH_QUOTA
I100,100,100.rec,signal,ORIGINAL_ISRUC_MEGA,,,,FAILED,0,MEGA_CLIENT_UNAVAILABLE_OR_BANDWIDTH_QUOTA
I100,100,100_1.txt,scorer1_txt,ORIGINAL_ISRUC_MEGA,,,,FAILED,0,MEGA_CLIENT_UNAVAILABLE_OR_BANDWIDTH_QUOTA
I100,100,100_1.xlsx,scorer1_xlsx,ORIGINAL_ISRUC_MEGA,,,,FAILED,0,MEGA_CLIENT_UNAVAILABLE_OR_BANDWIDTH_QUOTA
I100,100,100_2.txt,scorer2_txt,ORIGINAL_ISRUC_MEGA,,,,FAILED,0,MEGA_CLIENT_UNAVAILABLE_OR_BANDWIDTH_QUOTA
I100,100,100_2.xlsx,scorer2_xlsx,ORIGINAL_ISRUC_MEGA,,,,FAILED,0,MEGA_CLIENT_UNAVAILABLE_OR_BANDWIDTH_QUOTA
