experiment_id,seed,condition,metric,source_mask_specific,oracle_target_fit,oracle_minus_source,analysis_scope,oracle_calibration_subjects,oracle_evaluation_subjects
D1_SLEEPEDF_TO_ISRUC,17,C4,NLL,0.9745746468187233,0.953803368565526,-0.020771278253197245,DIAGNOSTIC_ORACLE_ONLY,19,80
D1_SLEEPEDF_TO_ISRUC,17,C4,Brier,0.5088534544472333,0.5023820166719573,-0.006471437775276034,DIAGNOSTIC_ORACLE_ONLY,19,80
D1_SLEEPEDF_TO_ISRUC,17,C4,ECE,0.06246260786235462,0.019035142418347993,-0.04342746544400663,DIAGNOSTIC_ORACLE_ONLY,19,80
D1_SLEEPEDF_TO_ISRUC,17,C4,abs_gap_0.10,0.07544103347687181,0.00848728990137515,-0.06695374357549666,DIAGNOSTIC_ORACLE_ONLY,19,80
D1_SLEEPEDF_TO_ISRUC,17,C4,mean_set_size_0.10,3.69794415891096,2.499541603000417,-1.1984025559105431,DIAGNOSTIC_ORACLE_ONLY,19,80
D1_SLEEPEDF_TO_ISRUC,17,C5,NLL,1.2206961669241072,1.1621504424912765,-0.05854572443283068,DIAGNOSTIC_ORACLE_ONLY,19,80
D1_SLEEPEDF_TO_ISRUC,17,C5,Brier,0.6118131020750532,0.5964985297387769,-0.015314572336276311,DIAGNOSTIC_ORACLE_ONLY,19,80
D1_SLEEPEDF_TO_ISRUC,17,C5,ECE,0.10021183993200432,0.02160552419974863,-0.07860631573225568,DIAGNOSTIC_ORACLE_ONLY,19,80
D1_SLEEPEDF_TO_ISRUC,17,C5,abs_gap_0.10,0.0697874704820114,0.0378524795110432,-0.03193499097096819,DIAGNOSTIC_ORACLE_ONLY,19,80
D1_SLEEPEDF_TO_ISRUC,17,C5,mean_set_size_0.10,3.9487845534101957,3.3650645923044866,-0.5837199611057091,DIAGNOSTIC_ORACLE_ONLY,19,80
D1_SLEEPEDF_TO_ISRUC,42,C4,NLL,0.9714978570078543,0.9571007859671055,-0.014397071040748832,DIAGNOSTIC_ORACLE_ONLY,19,80
D1_SLEEPEDF_TO_ISRUC,42,C4,Brier,0.502055647753051,0.5005981346941887,-0.0014575130588623253,DIAGNOSTIC_ORACLE_ONLY,19,80
D1_SLEEPEDF_TO_ISRUC,42,C4,ECE,0.03819147446825225,0.029123745740165324,-0.009067728728086928,DIAGNOSTIC_ORACLE_ONLY,19,80
D1_SLEEPEDF_TO_ISRUC,42,C4,abs_gap_0.10,0.08356716210584803,0.02671204333935262,-0.056855118766495405,DIAGNOSTIC_ORACLE_ONLY,19,80
D1_SLEEPEDF_TO_ISRUC,42,C4,mean_set_size_0.10,3.938727601055702,2.536824558966523,-1.4019030420891792,DIAGNOSTIC_ORACLE_ONLY,19,80
D1_SLEEPEDF_TO_ISRUC,42,C5,NLL,1.2063326227076556,1.1381375129504523,-0.06819510975720333,DIAGNOSTIC_ORACLE_ONLY,19,80
D1_SLEEPEDF_TO_ISRUC,42,C5,Brier,0.6148717137305383,0.5918418829179609,-0.023029830812577368,DIAGNOSTIC_ORACLE_ONLY,19,80
D1_SLEEPEDF_TO_ISRUC,42,C5,ECE,0.1242548921410404,0.031109099590771003,-0.09314579255026939,DIAGNOSTIC_ORACLE_ONLY,19,80
D1_SLEEPEDF_TO_ISRUC,42,C5,abs_gap_0.10,0.0809140158355327,0.04765939713849143,-0.03325461869704127,DIAGNOSTIC_ORACLE_ONLY,19,80
D1_SLEEPEDF_TO_ISRUC,42,C5,mean_set_size_0.10,3.9699958327545493,3.372954577024587,-0.5970412557299625,DIAGNOSTIC_ORACLE_ONLY,19,80
D1_SLEEPEDF_TO_ISRUC,2026,C4,NLL,1.2134466820720102,1.1224328825075531,-0.0910137995644571,DIAGNOSTIC_ORACLE_ONLY,19,80
D1_SLEEPEDF_TO_ISRUC,2026,C4,Brier,0.5962358267618784,0.572390976594131,-0.0238448501677474,DIAGNOSTIC_ORACLE_ONLY,19,80
D1_SLEEPEDF_TO_ISRUC,2026,C4,ECE,0.12375121803860124,0.027264578620590188,-0.09648663941801106,DIAGNOSTIC_ORACLE_ONLY,19,80
D1_SLEEPEDF_TO_ISRUC,2026,C4,abs_gap_0.10,0.056285595221558515,0.014140852896235567,-0.04214474232532295,DIAGNOSTIC_ORACLE_ONLY,19,80
D1_SLEEPEDF_TO_ISRUC,2026,C4,mean_set_size_0.10,3.742380886234199,2.687873315738297,-1.0545075704959022,DIAGNOSTIC_ORACLE_ONLY,19,80
D1_SLEEPEDF_TO_ISRUC,2026,C5,NLL,1.0924340825798238,1.0539846346439616,-0.038449447935862135,DIAGNOSTIC_ORACLE_ONLY,19,80
D1_SLEEPEDF_TO_ISRUC,2026,C5,Brier,0.5603755817071231,0.5496384799548175,-0.010737101752305578,DIAGNOSTIC_ORACLE_ONLY,19,80
D1_SLEEPEDF_TO_ISRUC,2026,C5,ECE,0.09491951647162167,0.047323451429471974,-0.04759606504214969,DIAGNOSTIC_ORACLE_ONLY,19,80
D1_SLEEPEDF_TO_ISRUC,2026,C5,abs_gap_0.10,0.08498402555910545,0.05654952076677311,-0.028434504792332338,DIAGNOSTIC_ORACLE_ONLY,19,80
D1_SLEEPEDF_TO_ISRUC,2026,C5,mean_set_size_0.10,3.9477149604111683,3.3055424364495067,-0.6421725239616616,DIAGNOSTIC_ORACLE_ONLY,19,80
D2_ISRUC_TO_SLEEPEDF,17,C4,NLL,1.11639619323061,1.0161110127316326,-0.10028518049897728,DIAGNOSTIC_ORACLE_ONLY,16,62
D2_ISRUC_TO_SLEEPEDF,17,C4,Brier,0.4933843314077207,0.4957661672543966,0.002381835846675895,DIAGNOSTIC_ORACLE_ONLY,16,62
D2_ISRUC_TO_SLEEPEDF,17,C4,ECE,0.08096607412337324,0.08229744288474454,0.0013313687613712988,DIAGNOSTIC_ORACLE_ONLY,16,62
D2_ISRUC_TO_SLEEPEDF,17,C4,abs_gap_0.10,0.00486698256844631,0.027869432688816365,0.023002450120370055,DIAGNOSTIC_ORACLE_ONLY,16,62
D2_ISRUC_TO_SLEEPEDF,17,C4,mean_set_size_0.10,2.898651060752611,3.4065247041090623,0.5078736433564512,DIAGNOSTIC_ORACLE_ONLY,16,62
D2_ISRUC_TO_SLEEPEDF,17,C5,NLL,1.5820515330886395,1.34089839979778,-0.24115313329085963,DIAGNOSTIC_ORACLE_ONLY,16,62
D2_ISRUC_TO_SLEEPEDF,17,C5,Brier,0.7639330911698374,0.6895215472082151,-0.0744115439616223,DIAGNOSTIC_ORACLE_ONLY,16,62
D2_ISRUC_TO_SLEEPEDF,17,C5,ECE,0.2197799476182806,0.056723515136081516,-0.1630564324821991,DIAGNOSTIC_ORACLE_ONLY,16,62
D2_ISRUC_TO_SLEEPEDF,17,C5,abs_gap_0.10,0.16715160539331608,0.02019015130942614,-0.14696145408388994,DIAGNOSTIC_ORACLE_ONLY,16,62
D2_ISRUC_TO_SLEEPEDF,17,C5,mean_set_size_0.10,2.495061619154266,3.401349854609918,0.9062882354556523,DIAGNOSTIC_ORACLE_ONLY,16,62
D2_ISRUC_TO_SLEEPEDF,42,C4,NLL,1.08192940208866,1.0063297256045574,-0.0755996764841027,DIAGNOSTIC_ORACLE_ONLY,16,62
D2_ISRUC_TO_SLEEPEDF,42,C4,Brier,0.472004797159759,0.48106304633469693,0.009058249174937916,DIAGNOSTIC_ORACLE_ONLY,16,62
D2_ISRUC_TO_SLEEPEDF,42,C4,ECE,0.05744916283502187,0.07822511226283085,0.020775949427808985,DIAGNOSTIC_ORACLE_ONLY,16,62
D2_ISRUC_TO_SLEEPEDF,42,C4,abs_gap_0.10,0.0299906327901166,0.019917983517372062,-0.010072649272744538,DIAGNOSTIC_ORACLE_ONLY,16,62
D2_ISRUC_TO_SLEEPEDF,42,C4,mean_set_size_0.10,2.6076908759714286,3.4474108970857906,0.8397200211143621,DIAGNOSTIC_ORACLE_ONLY,16,62
D2_ISRUC_TO_SLEEPEDF,42,C5,NLL,1.4209992501418942,1.2750904066323592,-0.14590884350953504,DIAGNOSTIC_ORACLE_ONLY,16,62
D2_ISRUC_TO_SLEEPEDF,42,C5,Brier,0.6839549505340592,0.6531043080042389,-0.030850642529820282,DIAGNOSTIC_ORACLE_ONLY,16,62
D2_ISRUC_TO_SLEEPEDF,42,C5,ECE,0.1528932564865537,0.05131323528576558,-0.10158002120078811,DIAGNOSTIC_ORACLE_ONLY,16,62
D2_ISRUC_TO_SLEEPEDF,42,C5,abs_gap_0.10,0.09447792298139679,0.020266431520203576,-0.07421149146119321,DIAGNOSTIC_ORACLE_ONLY,16,62
D2_ISRUC_TO_SLEEPEDF,42,C5,mean_set_size_0.10,2.6629665679092205,3.2088125001907004,0.5458459322814799,DIAGNOSTIC_ORACLE_ONLY,16,62
D2_ISRUC_TO_SLEEPEDF,2026,C4,NLL,1.2916267388751697,1.1267828714370403,-0.1648438674381294,DIAGNOSTIC_ORACLE_ONLY,16,62
D2_ISRUC_TO_SLEEPEDF,2026,C4,Brier,0.5319811175137298,0.5468014346017452,0.014820317088015456,DIAGNOSTIC_ORACLE_ONLY,16,62
D2_ISRUC_TO_SLEEPEDF,2026,C4,ECE,0.08837311600646185,0.13654951817666228,0.04817640217020043,DIAGNOSTIC_ORACLE_ONLY,16,62
D2_ISRUC_TO_SLEEPEDF,2026,C4,abs_gap_0.10,0.045628075999499584,0.020009519770304962,-0.025618556229194622,DIAGNOSTIC_ORACLE_ONLY,16,62
D2_ISRUC_TO_SLEEPEDF,2026,C4,mean_set_size_0.10,2.8035906620817173,3.714937801116132,0.9113471390344148,DIAGNOSTIC_ORACLE_ONLY,16,62
D2_ISRUC_TO_SLEEPEDF,2026,C5,NLL,1.2465351686843609,1.1382963746597412,-0.10823879402461967,DIAGNOSTIC_ORACLE_ONLY,16,62
D2_ISRUC_TO_SLEEPEDF,2026,C5,Brier,0.5947943618686389,0.5803279623396455,-0.014466399528993423,DIAGNOSTIC_ORACLE_ONLY,16,62
D2_ISRUC_TO_SLEEPEDF,2026,C5,ECE,0.11155422035145166,0.07543185163772467,-0.03612236871372698,DIAGNOSTIC_ORACLE_ONLY,16,62
D2_ISRUC_TO_SLEEPEDF,2026,C5,abs_gap_0.10,0.04506665364817741,0.009736711224480499,-0.035329942423696914,DIAGNOSTIC_ORACLE_ONLY,16,62
D2_ISRUC_TO_SLEEPEDF,2026,C5,mean_set_size_0.10,2.6375774625540447,2.956437897229198,0.3188604346751531,DIAGNOSTIC_ORACLE_ONLY,16,62
