model,experiment,seed,condition,replicate,metric,optimized_value,literal_value,absolute_error,tolerance,pass_
B1,D1_SLEEPEDF_TO_ISRUC,17,C0,0,macro-F1,0.7501526343655041,0.7501526343655041,0.0,1e-12,True
B1,D1_SLEEPEDF_TO_ISRUC,17,C0,0,NLL,0.2546010689888527,0.2546010689888527,0.0,1e-12,True
B1,D1_SLEEPEDF_TO_ISRUC,17,C0,0,Brier,0.13599115788379734,0.13599115788379731,2.7755575615628914e-17,1e-12,True
B1,D1_SLEEPEDF_TO_ISRUC,17,C0,0,ECE,0.016942114659905666,0.016942114659905656,1.0408340855860843e-17,1e-12,True
B1,D1_SLEEPEDF_TO_ISRUC,17,C0,0,ERROR_AUROC,0.9339647954395431,0.9339647954395431,0.0,1e-12,True
B1,D1_SLEEPEDF_TO_ISRUC,17,C0,0,ERROR_AUPRC,0.524067900923242,0.5240679009232432,1.2212453270876722e-15,1e-12,True
B1,D1_SLEEPEDF_TO_ISRUC,17,C0,0,AURC,0.011687841757574832,0.011687841757574834,1.734723475976807e-18,1e-12,True
B1,D1_SLEEPEDF_TO_ISRUC,17,C0,0,coverage,0.998988472069621,0.998988472069621,0.0,1e-12,True
B1,D1_SLEEPEDF_TO_ISRUC,17,C0,0,mean_set_size,2.5728212909189208,2.5728212909189208,0.0,1e-12,True
B1,D1_SLEEPEDF_TO_ISRUC,17,C0,1,macro-F1,0.7565347674447254,0.7565347674447254,0.0,1e-12,True
B1,D1_SLEEPEDF_TO_ISRUC,17,C0,1,NLL,0.21230314238151685,0.21230314238151685,0.0,1e-12,True
B1,D1_SLEEPEDF_TO_ISRUC,17,C0,1,Brier,0.11333677336214706,0.11333677336214706,0.0,1e-12,True
B1,D1_SLEEPEDF_TO_ISRUC,17,C0,1,ECE,0.012340928273745128,0.012340928273745135,6.938893903907228e-18,1e-12,True
B1,D1_SLEEPEDF_TO_ISRUC,17,C0,1,ERROR_AUROC,0.9414780729621752,0.9414780729621752,0.0,1e-12,True
B1,D1_SLEEPEDF_TO_ISRUC,17,C0,1,ERROR_AUPRC,0.5038564091477729,0.5038564091477722,6.661338147750939e-16,1e-12,True
B1,D1_SLEEPEDF_TO_ISRUC,17,C0,1,AURC,0.008175444090932288,0.008175444090932312,2.42861286636753e-17,1e-12,True
B1,D1_SLEEPEDF_TO_ISRUC,17,C0,1,coverage,0.9991996798719488,0.9991996798719488,0.0,1e-12,True
B1,D1_SLEEPEDF_TO_ISRUC,17,C0,1,mean_set_size,2.4883953581432574,2.4883953581432574,0.0,1e-12,True
B1,D1_SLEEPEDF_TO_ISRUC,17,C0,2,macro-F1,0.7569300790038527,0.7569300790038527,0.0,1e-12,True
B1,D1_SLEEPEDF_TO_ISRUC,17,C0,2,NLL,0.1996747373732859,0.1996747373732859,0.0,1e-12,True
B1,D1_SLEEPEDF_TO_ISRUC,17,C0,2,Brier,0.10908180262682327,0.10908180262682327,0.0,1e-12,True
B1,D1_SLEEPEDF_TO_ISRUC,17,C0,2,ECE,0.00918728249275587,0.00918728249275588,8.673617379884035e-18,1e-12,True
B1,D1_SLEEPEDF_TO_ISRUC,17,C0,2,ERROR_AUROC,0.9427025493141172,0.9427025493141172,0.0,1e-12,True
B1,D1_SLEEPEDF_TO_ISRUC,17,C0,2,ERROR_AUPRC,0.4988841864863123,0.49888418648631194,3.3306690738754696e-16,1e-12,True
B1,D1_SLEEPEDF_TO_ISRUC,17,C0,2,AURC,0.007789707603384249,0.007789707603384263,1.3877787807814457e-17,1e-12,True
B1,D1_SLEEPEDF_TO_ISRUC,17,C0,2,coverage,0.999270896623557,0.999270896623557,0.0,1e-12,True
B1,D1_SLEEPEDF_TO_ISRUC,17,C0,2,mean_set_size,2.387605242600469,2.387605242600469,0.0,1e-12,True
B1,D1_SLEEPEDF_TO_ISRUC,17,C0,3,macro-F1,0.7615253010060298,0.7615253010060298,0.0,1e-12,True
B1,D1_SLEEPEDF_TO_ISRUC,17,C0,3,NLL,0.22075502475691408,0.22075502475691408,0.0,1e-12,True
B1,D1_SLEEPEDF_TO_ISRUC,17,C0,3,Brier,0.11572274618204585,0.11572274618204582,2.7755575615628914e-17,1e-12,True
B1,D1_SLEEPEDF_TO_ISRUC,17,C0,3,ECE,0.012493166916676457,0.012493166916676271,1.8561541192951836e-16,1e-12,True
B1,D1_SLEEPEDF_TO_ISRUC,17,C0,3,ERROR_AUROC,0.941756625640816,0.941756625640816,0.0,1e-12,True
B1,D1_SLEEPEDF_TO_ISRUC,17,C0,3,ERROR_AUPRC,0.5123250884224269,0.5123250884224266,2.220446049250313e-16,1e-12,True
B1,D1_SLEEPEDF_TO_ISRUC,17,C0,3,AURC,0.008340201861657213,0.00834020186165723,1.734723475976807e-17,1e-12,True
B1,D1_SLEEPEDF_TO_ISRUC,17,C0,3,coverage,0.9991014227473167,0.9991014227473167,0.0,1e-12,True
B1,D1_SLEEPEDF_TO_ISRUC,17,C0,3,mean_set_size,2.4701722273067643,2.4701722273067643,0.0,1e-12,True
B1,D1_SLEEPEDF_TO_ISRUC,17,C0,4,macro-F1,0.7673384518157634,0.7673384518157634,0.0,1e-12,True
B1,D1_SLEEPEDF_TO_ISRUC,17,C0,4,NLL,0.20335228770494265,0.20335228770494262,2.7755575615628914e-17,1e-12,True
B1,D1_SLEEPEDF_TO_ISRUC,17,C0,4,Brier,0.1068505392710719,0.10685053927107187,2.7755575615628914e-17,1e-12,True
B1,D1_SLEEPEDF_TO_ISRUC,17,C0,4,ECE,0.007064387360155769,0.0070643873601557656,3.469446951953614e-18,1e-12,True
B1,D1_SLEEPEDF_TO_ISRUC,17,C0,4,ERROR_AUROC,0.9430763926678261,0.9430763926678261,0.0,1e-12,True
B1,D1_SLEEPEDF_TO_ISRUC,17,C0,4,ERROR_AUPRC,0.4974830474065468,0.4974830474065452,1.609823385706477e-15,1e-12,True
B1,D1_SLEEPEDF_TO_ISRUC,17,C0,4,AURC,0.007343381153970772,0.007343381153970783,1.0408340855860843e-17,1e-12,True
B1,D1_SLEEPEDF_TO_ISRUC,17,C0,4,coverage,0.9991476778570186,0.9991476778570186,0.0,1e-12,True
B1,D1_SLEEPEDF_TO_ISRUC,17,C0,4,mean_set_size,2.4388415376587234,2.4388415376587234,0.0,1e-12,True
B1,D1_SLEEPEDF_TO_ISRUC,17,C0,5,macro-F1,0.7752844427057914,0.7752844427057914,0.0,1e-12,True
B1,D1_SLEEPEDF_TO_ISRUC,17,C0,5,NLL,0.20693428048142007,0.20693428048142007,0.0,1e-12,True
B1,D1_SLEEPEDF_TO_ISRUC,17,C0,5,Brier,0.11319131851979293,0.11319131851979293,0.0,1e-12,True
B1,D1_SLEEPEDF_TO_ISRUC,17,C0,5,ECE,0.008634064875142629,0.008634064875142637,8.673617379884035e-18,1e-12,True
B1,D1_SLEEPEDF_TO_ISRUC,17,C0,5,ERROR_AUROC,0.9370847866944759,0.9370847866944759,0.0,1e-12,True
B1,D1_SLEEPEDF_TO_ISRUC,17,C0,5,ERROR_AUPRC,0.489540661072294,0.48954066107229616,2.1649348980190553e-15,1e-12,True
B1,D1_SLEEPEDF_TO_ISRUC,17,C0,5,AURC,0.008809682377958924,0.008809682377958913,1.0408340855860843e-17,1e-12,True
B1,D1_SLEEPEDF_TO_ISRUC,17,C0,5,coverage,0.9995897671518353,0.9995897671518353,0.0,1e-12,True
B1,D1_SLEEPEDF_TO_ISRUC,17,C0,5,mean_set_size,2.5951822254311545,2.5951822254311545,0.0,1e-12,True
B1,D1_SLEEPEDF_TO_ISRUC,17,C0,6,macro-F1,0.7750140674852857,0.7750140674852857,0.0,1e-12,True
B1,D1_SLEEPEDF_TO_ISRUC,17,C0,6,NLL,0.20288395463051173,0.20288395463051176,2.7755575615628914e-17,1e-12,True
B1,D1_SLEEPEDF_TO_ISRUC,17,C0,6,Brier,0.10857602205501471,0.10857602205501472,1.3877787807814457e-17,1e-12,True
B1,D1_SLEEPEDF_TO_ISRUC,17,C0,6,ECE,0.007086074088154454,0.007086074088154454,0.0,1e-12,True
B1,D1_SLEEPEDF_TO_ISRUC,17,C0,6,ERROR_AUROC,0.9401957751289343,0.9401957751289343,0.0,1e-12,True
B1,D1_SLEEPEDF_TO_ISRUC,17,C0,6,ERROR_AUPRC,0.49082418537356753,0.49082418537356765,1.1102230246251565e-16,1e-12,True
B1,D1_SLEEPEDF_TO_ISRUC,17,C0,6,AURC,0.00782728240654947,0.007827282406549474,3.469446951953614e-18,1e-12,True
B1,D1_SLEEPEDF_TO_ISRUC,17,C0,6,coverage,0.9993839288687602,0.9993839288687602,0.0,1e-12,True
B1,D1_SLEEPEDF_TO_ISRUC,17,C0,6,mean_set_size,2.5875820040627393,2.5875820040627393,0.0,1e-12,True
B1,D1_SLEEPEDF_TO_ISRUC,17,C0,7,macro-F1,0.7827726221905349,0.7827726221905349,0.0,1e-12,True
B1,D1_SLEEPEDF_TO_ISRUC,17,C0,7,NLL,0.18701714859627383,0.18701714859627383,0.0,1e-12,True
B1,D1_SLEEPEDF_TO_ISRUC,17,C0,7,Brier,0.10211914279545287,0.10211914279545284,2.7755575615628914e-17,1e-12,True
B1,D1_SLEEPEDF_TO_ISRUC,17,C0,7,ECE,0.006294562522998146,0.006294562522998316,1.700029006457271e-16,1e-12,True
B1,D1_SLEEPEDF_TO_ISRUC,17,C0,7,ERROR_AUROC,0.9431928108581026,0.9431928108581026,0.0,1e-12,True
B1,D1_SLEEPEDF_TO_ISRUC,17,C0,7,ERROR_AUPRC,0.48564430216019555,0.4856443021601949,6.661338147750939e-16,1e-12,True
B1,D1_SLEEPEDF_TO_ISRUC,17,C0,7,AURC,0.006991428388720764,0.0069914283887207345,2.949029909160572e-17,1e-12,True
B1,D1_SLEEPEDF_TO_ISRUC,17,C0,7,coverage,0.9996198095741867,0.9996198095741867,0.0,1e-12,True
B1,D1_SLEEPEDF_TO_ISRUC,17,C0,7,mean_set_size,2.4868090452261304,2.4868090452261304,0.0,1e-12,True
B1,D1_SLEEPEDF_TO_ISRUC,17,C0,8,macro-F1,0.7580095858279869,0.7580095858279869,0.0,1e-12,True
B1,D1_SLEEPEDF_TO_ISRUC,17,C0,8,NLL,0.2143460645830397,0.2143460645830397,0.0,1e-12,True
B1,D1_SLEEPEDF_TO_ISRUC,17,C0,8,Brier,0.11481909580726363,0.11481909580726361,1.3877787807814457e-17,1e-12,True
B1,D1_SLEEPEDF_TO_ISRUC,17,C0,8,ECE,0.012842800143221393,0.012842800143221578,1.8561541192951836e-16,1e-12,True
B1,D1_SLEEPEDF_TO_ISRUC,17,C0,8,ERROR_AUROC,0.9398148848157317,0.9398148848157317,0.0,1e-12,True
B1,D1_SLEEPEDF_TO_ISRUC,17,C0,8,ERROR_AUPRC,0.5033909884304729,0.5033909884304726,3.3306690738754696e-16,1e-12,True
B1,D1_SLEEPEDF_TO_ISRUC,17,C0,8,AURC,0.008585415102484248,0.008585415102484246,1.734723475976807e-18,1e-12,True
B1,D1_SLEEPEDF_TO_ISRUC,17,C0,8,coverage,0.9993607072404471,0.9993607072404471,0.0,1e-12,True
B1,D1_SLEEPEDF_TO_ISRUC,17,C0,8,mean_set_size,2.64007817637174,2.64007817637174,0.0,1e-12,True
B1,D1_SLEEPEDF_TO_ISRUC,17,C0,9,macro-F1,0.7270367778694709,0.7270367778694709,0.0,1e-12,True
B1,D1_SLEEPEDF_TO_ISRUC,17,C0,9,NLL,0.2480559647689886,0.24805596476898858,2.7755575615628914e-17,1e-12,True
B1,D1_SLEEPEDF_TO_ISRUC,17,C0,9,Brier,0.13234715042741427,0.13234715042741424,2.7755575615628914e-17,1e-12,True
B1,D1_SLEEPEDF_TO_ISRUC,17,C0,9,ECE,0.01679260200496964,0.016792602004969657,1.734723475976807e-17,1e-12,True
B1,D1_SLEEPEDF_TO_ISRUC,17,C0,9,ERROR_AUROC,0.9351406928722291,0.9351406928722291,0.0,1e-12,True
B1,D1_SLEEPEDF_TO_ISRUC,17,C0,9,ERROR_AUPRC,0.5204689186196889,0.5204689186196887,2.220446049250313e-16,1e-12,True
B1,D1_SLEEPEDF_TO_ISRUC,17,C0,9,AURC,0.01108592955385247,0.011085929553852495,2.42861286636753e-17,1e-12,True
B1,D1_SLEEPEDF_TO_ISRUC,17,C0,9,coverage,0.9988192839206426,0.9988192839206426,0.0,1e-12,True
B1,D1_SLEEPEDF_TO_ISRUC,17,C0,9,mean_set_size,2.4667154474248747,2.4667154474248747,0.0,1e-12,True
B1,D1_SLEEPEDF_TO_ISRUC,17,C0,10,macro-F1,0.7587512751660535,0.7587512751660535,0.0,1e-12,True
B1,D1_SLEEPEDF_TO_ISRUC,17,C0,10,NLL,0.208622357000133,0.208622357000133,0.0,1e-12,True
B1,D1_SLEEPEDF_TO_ISRUC,17,C0,10,Brier,0.11313844914045243,0.11313844914045242,1.3877787807814457e-17,1e-12,True
B1,D1_SLEEPEDF_TO_ISRUC,17,C0,10,ECE,0.010011024838330038,0.010011024838330038,0.0,1e-12,True
B1,D1_SLEEPEDF_TO_ISRUC,17,C0,10,ERROR_AUROC,0.9411489239483274,0.9411489239483274,0.0,1e-12,True
B1,D1_SLEEPEDF_TO_ISRUC,17,C0,10,ERROR_AUPRC,0.5032549124515003,0.5032549124515007,3.3306690738754696e-16,1e-12,True
B1,D1_SLEEPEDF_TO_ISRUC,17,C0,10,AURC,0.008401484480696407,0.008401484480696393,1.3877787807814457e-17,1e-12,True
B1,D1_SLEEPEDF_TO_ISRUC,17,C0,10,coverage,0.9994367897012973,0.9994367897012973,0.0,1e-12,True
B1,D1_SLEEPEDF_TO_ISRUC,17,C0,10,mean_set_size,2.54170773408428,2.54170773408428,0.0,1e-12,True
B1,D1_SLEEPEDF_TO_ISRUC,17,C0,11,macro-F1,0.7704981917490207,0.7704981917490207,0.0,1e-12,True
B1,D1_SLEEPEDF_TO_ISRUC,17,C0,11,NLL,0.21531552030254283,0.21531552030254283,0.0,1e-12,True
B1,D1_SLEEPEDF_TO_ISRUC,17,C0,11,Brier,0.11257404280425433,0.11257404280425432,1.3877787807814457e-17,1e-12,True
B1,D1_SLEEPEDF_TO_ISRUC,17,C0,11,ECE,0.010348133691666376,0.010348133691666202,1.734723475976807e-16,1e-12,True
B1,D1_SLEEPEDF_TO_ISRUC,17,C0,11,ERROR_AUROC,0.9425946902759844,0.9425946902759844,0.0,1e-12,True
B1,D1_SLEEPEDF_TO_ISRUC,17,C0,11,ERROR_AUPRC,0.5083740908767357,0.5083740908767361,4.440892098500626e-16,1e-12,True
B1,D1_SLEEPEDF_TO_ISRUC,17,C0,11,AURC,0.0078888208666264,0.007888820866626406,5.204170427930421e-18,1e-12,True
B1,D1_SLEEPEDF_TO_ISRUC,17,C0,11,coverage,0.99914833926156,0.99914833926156,0.0,1e-12,True
B1,D1_SLEEPEDF_TO_ISRUC,17,C0,11,mean_set_size,2.4943974082794784,2.4943974082794784,0.0,1e-12,True
B1,D1_SLEEPEDF_TO_ISRUC,17,C0,12,macro-F1,0.7590700747295107,0.7590700747295107,0.0,1e-12,True
B1,D1_SLEEPEDF_TO_ISRUC,17,C0,12,NLL,0.23859591048563777,0.2385959104856378,2.7755575615628914e-17,1e-12,True
B1,D1_SLEEPEDF_TO_ISRUC,17,C0,12,Brier,0.12446593571470001,0.12446593571470002,1.3877787807814457e-17,1e-12,True
B1,D1_SLEEPEDF_TO_ISRUC,17,C0,12,ECE,0.012937661400030191,0.012937661400030285,9.367506770274758e-17,1e-12,True
B1,D1_SLEEPEDF_TO_ISRUC,17,C0,12,ERROR_AUROC,0.9359355089538169,0.9359355089538169,0.0,1e-12,True
B1,D1_SLEEPEDF_TO_ISRUC,17,C0,12,ERROR_AUPRC,0.5081695292241477,0.5081695292241474,3.3306690738754696e-16,1e-12,True
B1,D1_SLEEPEDF_TO_ISRUC,17,C0,12,AURC,0.009844319919310294,0.009844319919310342,4.85722573273506e-17,1e-12,True
B1,D1_SLEEPEDF_TO_ISRUC,17,C0,12,coverage,0.9989693292328152,0.9989693292328152,0.0,1e-12,True
B1,D1_SLEEPEDF_TO_ISRUC,17,C0,12,mean_set_size,2.5720056520654975,2.5720056520654975,0.0,1e-12,True
B1,D1_SLEEPEDF_TO_ISRUC,17,C0,13,macro-F1,0.7528658431301174,0.7528658431301174,0.0,1e-12,True
B1,D1_SLEEPEDF_TO_ISRUC,17,C0,13,NLL,0.207899746217172,0.207899746217172,0.0,1e-12,True
B1,D1_SLEEPEDF_TO_ISRUC,17,C0,13,Brier,0.1137639111105747,0.1137639111105747,0.0,1e-12,True
B1,D1_SLEEPEDF_TO_ISRUC,17,C0,13,ECE,0.01274677370978978,0.012746773709789858,7.806255641895632e-17,1e-12,True
B1,D1_SLEEPEDF_TO_ISRUC,17,C0,13,ERROR_AUROC,0.9403059488057111,0.9403059488057111,0.0,1e-12,True
B1,D1_SLEEPEDF_TO_ISRUC,17,C0,13,ERROR_AUPRC,0.5012088419905558,0.5012088419905558,0.0,1e-12,True
B1,D1_SLEEPEDF_TO_ISRUC,17,C0,13,AURC,0.008567771565380215,0.008567771565380225,1.0408340855860843e-17,1e-12,True
B1,D1_SLEEPEDF_TO_ISRUC,17,C0,13,coverage,0.9993600940834645,0.9993600940834645,0.0,1e-12,True
B1,D1_SLEEPEDF_TO_ISRUC,17,C0,13,mean_set_size,2.52665986406323,2.52665986406323,0.0,1e-12,True
B1,D1_SLEEPEDF_TO_ISRUC,17,C0,14,macro-F1,0.756292341256845,0.756292341256845,0.0,1e-12,True
B1,D1_SLEEPEDF_TO_ISRUC,17,C0,14,NLL,0.21987707358746833,0.21987707358746833,0.0,1e-12,True
B1,D1_SLEEPEDF_TO_ISRUC,17,C0,14,Brier,0.11780996550837738,0.11780996550837737,1.3877787807814457e-17,1e-12,True
B1,D1_SLEEPEDF_TO_ISRUC,17,C0,14,ECE,0.011194504012610858,0.011194504012610866,8.673617379884035e-18,1e-12,True
B1,D1_SLEEPEDF_TO_ISRUC,17,C0,14,ERROR_AUROC,0.9401672191419828,0.9401672191419828,0.0,1e-12,True
B1,D1_SLEEPEDF_TO_ISRUC,17,C0,14,ERROR_AUPRC,0.5101107774936641,0.5101107774936647,6.661338147750939e-16,1e-12,True
B1,D1_SLEEPEDF_TO_ISRUC,17,C0,14,AURC,0.008860489920066703,0.008860489920066711,8.673617379884035e-18,1e-12,True
B1,D1_SLEEPEDF_TO_ISRUC,17,C0,14,coverage,0.9991810562631771,0.9991810562631771,0.0,1e-12,True
B1,D1_SLEEPEDF_TO_ISRUC,17,C0,14,mean_set_size,2.4483281350734436,2.4483281350734436,0.0,1e-12,True
B1,D1_SLEEPEDF_TO_ISRUC,17,C0,15,macro-F1,0.7571378501764489,0.7571378501764489,0.0,1e-12,True
B1,D1_SLEEPEDF_TO_ISRUC,17,C0,15,NLL,0.2408019659839635,0.2408019659839635,0.0,1e-12,True
B1,D1_SLEEPEDF_TO_ISRUC,17,C0,15,Brier,0.12996509613118168,0.12996509613118168,0.0,1e-12,True
B1,D1_SLEEPEDF_TO_ISRUC,17,C0,15,ECE,0.01467137000592701,0.01467137000592701,0.0,1e-12,True
B1,D1_SLEEPEDF_TO_ISRUC,17,C0,15,ERROR_AUROC,0.9345578516401596,0.9345578516401596,0.0,1e-12,True
B1,D1_SLEEPEDF_TO_ISRUC,17,C0,15,ERROR_AUPRC,0.5134566646804235,0.5134566646804261,2.55351295663786e-15,1e-12,True
B1,D1_SLEEPEDF_TO_ISRUC,17,C0,15,AURC,0.010930387228391882,0.010930387228391892,1.0408340855860843e-17,1e-12,True
B1,D1_SLEEPEDF_TO_ISRUC,17,C0,15,coverage,0.9990892682684506,0.9990892682684506,0.0,1e-12,True
B1,D1_SLEEPEDF_TO_ISRUC,17,C0,15,mean_set_size,2.5628487688562864,2.5628487688562864,0.0,1e-12,True
B1,D1_SLEEPEDF_TO_ISRUC,17,C0,16,macro-F1,0.7826819963415448,0.7826819963415448,0.0,1e-12,True
B1,D1_SLEEPEDF_TO_ISRUC,17,C0,16,NLL,0.1958282098317321,0.1958282098317321,0.0,1e-12,True
B1,D1_SLEEPEDF_TO_ISRUC,17,C0,16,Brier,0.10788402976258794,0.10788402976258793,1.3877787807814457e-17,1e-12,True
B1,D1_SLEEPEDF_TO_ISRUC,17,C0,16,ECE,0.008413212899131491,0.008413212899131326,1.6479873021779667e-16,1e-12,True
B1,D1_SLEEPEDF_TO_ISRUC,17,C0,16,ERROR_AUROC,0.9418036163637332,0.9418036163637332,0.0,1e-12,True
B1,D1_SLEEPEDF_TO_ISRUC,17,C0,16,ERROR_AUPRC,0.4915449569854511,0.4915449569854513,2.220446049250313e-16,1e-12,True
B1,D1_SLEEPEDF_TO_ISRUC,17,C0,16,AURC,0.00776728918561944,0.007767289185619439,8.673617379884035e-19,1e-12,True
B1,D1_SLEEPEDF_TO_ISRUC,17,C0,16,coverage,0.999505187286612,0.999505187286612,0.0,1e-12,True
B1,D1_SLEEPEDF_TO_ISRUC,17,C0,16,mean_set_size,2.49080473040954,2.49080473040954,0.0,1e-12,True
B1,D1_SLEEPEDF_TO_ISRUC,17,C0,17,macro-F1,0.7840233140162585,0.7840233140162585,0.0,1e-12,True
B1,D1_SLEEPEDF_TO_ISRUC,17,C0,17,NLL,0.19431997650450475,0.19431997650450475,0.0,1e-12,True
B1,D1_SLEEPEDF_TO_ISRUC,17,C0,17,Brier,0.10392903270285,0.10392903270285,0.0,1e-12,True
B1,D1_SLEEPEDF_TO_ISRUC,17,C0,17,ECE,0.0037182672076433595,0.003718267207643271,8.847089727481716e-17,1e-12,True
B1,D1_SLEEPEDF_TO_ISRUC,17,C0,17,ERROR_AUROC,0.9428331489695126,0.9428331489695126,0.0,1e-12,True
B1,D1_SLEEPEDF_TO_ISRUC,17,C0,17,ERROR_AUPRC,0.4900591626023349,0.4900591626023347,2.220446049250313e-16,1e-12,True
B1,D1_SLEEPEDF_TO_ISRUC,17,C0,17,AURC,0.0071476851854924035,0.007147685185492402,1.734723475976807e-18,1e-12,True
B1,D1_SLEEPEDF_TO_ISRUC,17,C0,17,coverage,0.9994262366339216,0.9994262366339216,0.0,1e-12,True
B1,D1_SLEEPEDF_TO_ISRUC,17,C0,17,mean_set_size,2.4570112144657914,2.4570112144657914,0.0,1e-12,True
B1,D1_SLEEPEDF_TO_ISRUC,17,C0,18,macro-F1,0.737637021485911,0.737637021485911,0.0,1e-12,True
B1,D1_SLEEPEDF_TO_ISRUC,17,C0,18,NLL,0.22909222754460032,0.2290922275446003,2.7755575615628914e-17,1e-12,True
B1,D1_SLEEPEDF_TO_ISRUC,17,C0,18,Brier,0.12438937032748086,0.12438937032748086,0.0,1e-12,True
B1,D1_SLEEPEDF_TO_ISRUC,17,C0,18,ECE,0.013687687134975752,0.013687687134975658,9.367506770274758e-17,1e-12,True
B1,D1_SLEEPEDF_TO_ISRUC,17,C0,18,ERROR_AUROC,0.936413228399736,0.936413228399736,0.0,1e-12,True
B1,D1_SLEEPEDF_TO_ISRUC,17,C0,18,ERROR_AUPRC,0.5087922889273455,0.5087922889273464,8.881784197001252e-16,1e-12,True
B1,D1_SLEEPEDF_TO_ISRUC,17,C0,18,AURC,0.01012100617937985,0.010121006179379827,2.2551405187698492e-17,1e-12,True
B1,D1_SLEEPEDF_TO_ISRUC,17,C0,18,coverage,0.9992077843795746,0.9992077843795746,0.0,1e-12,True
B1,D1_SLEEPEDF_TO_ISRUC,17,C0,18,mean_set_size,2.4438301903039696,2.4438301903039696,0.0,1e-12,True
B1,D1_SLEEPEDF_TO_ISRUC,17,C0,19,macro-F1,0.7757444293717924,0.7757444293717924,0.0,1e-12,True
B1,D1_SLEEPEDF_TO_ISRUC,17,C0,19,NLL,0.20057473214661736,0.20057473214661736,0.0,1e-12,True
B1,D1_SLEEPEDF_TO_ISRUC,17,C0,19,Brier,0.10686241173491766,0.10686241173491766,0.0,1e-12,True
B1,D1_SLEEPEDF_TO_ISRUC,17,C0,19,ECE,0.006832536262420528,0.006832536262420536,7.806255641895632e-18,1e-12,True
B1,D1_SLEEPEDF_TO_ISRUC,17,C0,19,ERROR_AUROC,0.9411455351957041,0.9411455351957041,0.0,1e-12,True
B1,D1_SLEEPEDF_TO_ISRUC,17,C0,19,ERROR_AUPRC,0.48824316451513694,0.48824316451513733,3.885780586188048e-16,1e-12,True
B1,D1_SLEEPEDF_TO_ISRUC,17,C0,19,AURC,0.007526007292940681,0.007526007292940662,1.9081958235744878e-17,1e-12,True
B1,D1_SLEEPEDF_TO_ISRUC,17,C0,19,coverage,0.9993369510216189,0.9993369510216189,0.0,1e-12,True
B1,D1_SLEEPEDF_TO_ISRUC,17,C0,19,mean_set_size,2.5809355970058103,2.5809355970058103,0.0,1e-12,True
B1,D1_SLEEPEDF_TO_ISRUC,17,C3,0,macro-F1,0.6074222387378629,0.6074222387378629,0.0,1e-12,True
B1,D1_SLEEPEDF_TO_ISRUC,17,C3,0,NLL,1.1300178326000097,1.1300178326000094,2.220446049250313e-16,1e-12,True
B1,D1_SLEEPEDF_TO_ISRUC,17,C3,0,Brier,0.5086158614511643,0.5086158614511643,0.0,1e-12,True
B1,D1_SLEEPEDF_TO_ISRUC,17,C3,0,ECE,0.11552537046634331,0.11552537046634333,1.3877787807814457e-17,1e-12,True
B1,D1_SLEEPEDF_TO_ISRUC,17,C3,0,ERROR_AUROC,0.7335935559085647,0.7335935559085647,0.0,1e-12,True
B1,D1_SLEEPEDF_TO_ISRUC,17,C3,0,ERROR_AUPRC,0.5582617318078853,0.5582617318078877,2.4424906541753444e-15,1e-12,True
B1,D1_SLEEPEDF_TO_ISRUC,17,C3,0,AURC,0.19097430310795077,0.1909743031079524,1.6375789613221059e-15,1e-12,True
B1,D1_SLEEPEDF_TO_ISRUC,17,C3,0,coverage,0.9721887550200803,0.9721887550200803,0.0,1e-12,True
B1,D1_SLEEPEDF_TO_ISRUC,17,C3,0,mean_set_size,3.7903726015171797,3.7903726015171797,0.0,1e-12,True
B1,D1_SLEEPEDF_TO_ISRUC,17,C3,1,macro-F1,0.6423702197679438,0.6423702197679438,0.0,1e-12,True
B1,D1_SLEEPEDF_TO_ISRUC,17,C3,1,NLL,0.9935074433202985,0.9935074433202985,0.0,1e-12,True
B1,D1_SLEEPEDF_TO_ISRUC,17,C3,1,Brier,0.4616282960768704,0.4616282960768704,0.0,1e-12,True
B1,D1_SLEEPEDF_TO_ISRUC,17,C3,1,ECE,0.09674140324488954,0.09674140324488953,1.3877787807814457e-17,1e-12,True
B1,D1_SLEEPEDF_TO_ISRUC,17,C3,1,ERROR_AUROC,0.7553299130193528,0.7553299130193528,0.0,1e-12,True
B1,D1_SLEEPEDF_TO_ISRUC,17,C3,1,ERROR_AUPRC,0.5479671618272944,0.5479671618272963,1.887379141862766e-15,1e-12,True
B1,D1_SLEEPEDF_TO_ISRUC,17,C3,1,AURC,0.15762185420214717,0.15762185420214914,1.970645868709653e-15,1e-12,True
B1,D1_SLEEPEDF_TO_ISRUC,17,C3,1,coverage,0.9787172786464101,0.9787172786464101,0.0,1e-12,True
B1,D1_SLEEPEDF_TO_ISRUC,17,C3,1,mean_set_size,3.7955773574877085,3.7955773574877085,0.0,1e-12,True
B1,D1_SLEEPEDF_TO_ISRUC,17,C3,2,macro-F1,0.6520188666467188,0.6520188666467188,0.0,1e-12,True
B1,D1_SLEEPEDF_TO_ISRUC,17,C3,2,NLL,0.9660500127847595,0.9660500127847595,0.0,1e-12,True
B1,D1_SLEEPEDF_TO_ISRUC,17,C3,2,Brier,0.4562860044131685,0.4562860044131685,0.0,1e-12,True
B1,D1_SLEEPEDF_TO_ISRUC,17,C3,2,ECE,0.09474931788842726,0.09474931788842722,4.163336342344337e-17,1e-12,True
B1,D1_SLEEPEDF_TO_ISRUC,17,C3,2,ERROR_AUROC,0.7357846627885459,0.7357846627885459,0.0,1e-12,True
B1,D1_SLEEPEDF_TO_ISRUC,17,C3,2,ERROR_AUPRC,0.5208181338891306,0.5208181338891287,1.887379141862766e-15,1e-12,True
B1,D1_SLEEPEDF_TO_ISRUC,17,C3,2,AURC,0.16278732307970475,0.16278732307970517,4.163336342344337e-16,1e-12,True
B1,D1_SLEEPEDF_TO_ISRUC,17,C3,2,coverage,0.9809812723181803,0.9809812723181803,0.0,1e-12,True
B1,D1_SLEEPEDF_TO_ISRUC,17,C3,2,mean_set_size,3.8185440990451456,3.8185440990451456,0.0,1e-12,True
B1,D1_SLEEPEDF_TO_ISRUC,17,C3,3,macro-F1,0.6455976177727465,0.6455976177727465,0.0,1e-12,True
B1,D1_SLEEPEDF_TO_ISRUC,17,C3,3,NLL,0.9561695301583882,0.9561695301583882,0.0,1e-12,True
B1,D1_SLEEPEDF_TO_ISRUC,17,C3,3,Brier,0.44846245491346276,0.4484624549134627,5.551115123125783e-17,1e-12,True
B1,D1_SLEEPEDF_TO_ISRUC,17,C3,3,ECE,0.09278118781640521,0.09278118781640515,5.551115123125783e-17,1e-12,True
B1,D1_SLEEPEDF_TO_ISRUC,17,C3,3,ERROR_AUROC,0.7560927501361726,0.7560927501361726,0.0,1e-12,True
B1,D1_SLEEPEDF_TO_ISRUC,17,C3,3,ERROR_AUPRC,0.5384539454769124,0.5384539454769111,1.3322676295501878e-15,1e-12,True
B1,D1_SLEEPEDF_TO_ISRUC,17,C3,3,AURC,0.15028935749147743,0.15028935749147657,8.604228440844963e-16,1e-12,True
B1,D1_SLEEPEDF_TO_ISRUC,17,C3,3,coverage,0.9817796563407016,0.9817796563407016,0.0,1e-12,True
B1,D1_SLEEPEDF_TO_ISRUC,17,C3,3,mean_set_size,3.7738514341209317,3.7738514341209317,0.0,1e-12,True
B1,D1_SLEEPEDF_TO_ISRUC,17,C3,4,macro-F1,0.6522870326031274,0.6522870326031274,0.0,1e-12,True
B1,D1_SLEEPEDF_TO_ISRUC,17,C3,4,NLL,0.9989389241679257,0.9989389241679257,0.0,1e-12,True
B1,D1_SLEEPEDF_TO_ISRUC,17,C3,4,Brier,0.44852020591669756,0.44852020591669767,1.1102230246251565e-16,1e-12,True
B1,D1_SLEEPEDF_TO_ISRUC,17,C3,4,ECE,0.09349974947033962,0.09349974947033966,4.163336342344337e-17,1e-12,True
B1,D1_SLEEPEDF_TO_ISRUC,17,C3,4,ERROR_AUROC,0.758254270886704,0.758254270886704,0.0,1e-12,True
B1,D1_SLEEPEDF_TO_ISRUC,17,C3,4,ERROR_AUPRC,0.5325114394227424,0.5325114394227441,1.7763568394002505e-15,1e-12,True
B1,D1_SLEEPEDF_TO_ISRUC,17,C3,4,AURC,0.14896442275049393,0.14896442275049482,8.881784197001252e-16,1e-12,True
B1,D1_SLEEPEDF_TO_ISRUC,17,C3,4,coverage,0.9728551145967143,0.9728551145967143,0.0,1e-12,True
B1,D1_SLEEPEDF_TO_ISRUC,17,C3,4,mean_set_size,3.794785117075699,3.794785117075699,0.0,1e-12,True
B1,D1_SLEEPEDF_TO_ISRUC,17,C3,5,macro-F1,0.6423280850710426,0.6423280850710426,0.0,1e-12,True
B1,D1_SLEEPEDF_TO_ISRUC,17,C3,5,NLL,0.9834875105017049,0.9834875105017049,0.0,1e-12,True
B1,D1_SLEEPEDF_TO_ISRUC,17,C3,5,Brier,0.46107576231538644,0.46107576231538644,0.0,1e-12,True
B1,D1_SLEEPEDF_TO_ISRUC,17,C3,5,ECE,0.09104095964282417,0.09104095964282427,9.71445146547012e-17,1e-12,True
B1,D1_SLEEPEDF_TO_ISRUC,17,C3,5,ERROR_AUROC,0.758369185202539,0.758369185202539,0.0,1e-12,True
B1,D1_SLEEPEDF_TO_ISRUC,17,C3,5,ERROR_AUPRC,0.5477399892000561,0.5477399892000531,2.9976021664879227e-15,1e-12,True
B1,D1_SLEEPEDF_TO_ISRUC,17,C3,5,AURC,0.15616293703159936,0.15616293703160083,1.4710455076283324e-15,1e-12,True
B1,D1_SLEEPEDF_TO_ISRUC,17,C3,5,coverage,0.9783045624064852,0.9783045624064852,0.0,1e-12,True
B1,D1_SLEEPEDF_TO_ISRUC,17,C3,5,mean_set_size,3.7974831952477723,3.7974831952477723,0.0,1e-12,True
B1,D1_SLEEPEDF_TO_ISRUC,17,C3,6,macro-F1,0.657471058901308,0.657471058901308,0.0,1e-12,True
B1,D1_SLEEPEDF_TO_ISRUC,17,C3,6,NLL,0.8881157263160878,0.8881157263160875,3.3306690738754696e-16,1e-12,True
B1,D1_SLEEPEDF_TO_ISRUC,17,C3,6,Brier,0.43521498254765456,0.43521498254765456,0.0,1e-12,True
B1,D1_SLEEPEDF_TO_ISRUC,17,C3,6,ECE,0.08308079305320937,0.08308079305320945,8.326672684688674e-17,1e-12,True
B1,D1_SLEEPEDF_TO_ISRUC,17,C3,6,ERROR_AUROC,0.7555527762914244,0.7555527762914244,0.0,1e-12,True
B1,D1_SLEEPEDF_TO_ISRUC,17,C3,6,ERROR_AUPRC,0.529245289860642,0.5292452898606465,4.440892098500626e-15,1e-12,True
B1,D1_SLEEPEDF_TO_ISRUC,17,C3,6,AURC,0.1464923763529986,0.1464923763529982,4.163336342344337e-16,1e-12,True
B1,D1_SLEEPEDF_TO_ISRUC,17,C3,6,coverage,0.9845327893657323,0.9845327893657323,0.0,1e-12,True
B1,D1_SLEEPEDF_TO_ISRUC,17,C3,6,mean_set_size,3.8139787718138107,3.8139787718138107,0.0,1e-12,True
B1,D1_SLEEPEDF_TO_ISRUC,17,C3,7,macro-F1,0.6559656613479203,0.6559656613479203,0.0,1e-12,True
B1,D1_SLEEPEDF_TO_ISRUC,17,C3,7,NLL,0.9248382571459842,0.924838257145984,2.220446049250313e-16,1e-12,True
B1,D1_SLEEPEDF_TO_ISRUC,17,C3,7,Brier,0.44022912768030753,0.44022912768030753,0.0,1e-12,True
B1,D1_SLEEPEDF_TO_ISRUC,17,C3,7,ECE,0.0868871319500938,0.0868871319500938,0.0,1e-12,True
B1,D1_SLEEPEDF_TO_ISRUC,17,C3,7,ERROR_AUROC,0.7606905338343227,0.7606905338343227,0.0,1e-12,True
B1,D1_SLEEPEDF_TO_ISRUC,17,C3,7,ERROR_AUPRC,0.5358838885447823,0.5358838885447837,1.4432899320127035e-15,1e-12,True
B1,D1_SLEEPEDF_TO_ISRUC,17,C3,7,AURC,0.1447486555285497,0.14474865552854882,8.881784197001252e-16,1e-12,True
B1,D1_SLEEPEDF_TO_ISRUC,17,C3,7,coverage,0.9822265937735892,0.9822265937735892,0.0,1e-12,True
B1,D1_SLEEPEDF_TO_ISRUC,17,C3,7,mean_set_size,3.7909280142736237,3.7909280142736237,0.0,1e-12,True
B1,D1_SLEEPEDF_TO_ISRUC,17,C3,8,macro-F1,0.6327774209272187,0.6327774209272187,0.0,1e-12,True
B1,D1_SLEEPEDF_TO_ISRUC,17,C3,8,NLL,1.0359775656174177,1.0359775656174177,0.0,1e-12,True
B1,D1_SLEEPEDF_TO_ISRUC,17,C3,8,Brier,0.4650988263230097,0.46509882632300975,5.551115123125783e-17,1e-12,True
B1,D1_SLEEPEDF_TO_ISRUC,17,C3,8,ECE,0.10056549004371865,0.1005654900437186,4.163336342344337e-17,1e-12,True
B1,D1_SLEEPEDF_TO_ISRUC,17,C3,8,ERROR_AUROC,0.761504539645496,0.761504539645496,0.0,1e-12,True
B1,D1_SLEEPEDF_TO_ISRUC,17,C3,8,ERROR_AUPRC,0.5552738402459161,0.5552738402459184,2.3314683517128287e-15,1e-12,True
B1,D1_SLEEPEDF_TO_ISRUC,17,C3,8,AURC,0.15583678430909412,0.15583678430909276,1.3600232051658168e-15,1e-12,True
B1,D1_SLEEPEDF_TO_ISRUC,17,C3,8,coverage,0.9733985340917911,0.9733985340917911,0.0,1e-12,True
B1,D1_SLEEPEDF_TO_ISRUC,17,C3,8,mean_set_size,3.7865340474368785,3.7865340474368785,0.0,1e-12,True
B1,D1_SLEEPEDF_TO_ISRUC,17,C3,9,macro-F1,0.6608792783312467,0.6608792783312467,0.0,1e-12,True
B1,D1_SLEEPEDF_TO_ISRUC,17,C3,9,NLL,0.9864109248224763,0.9864109248224762,1.1102230246251565e-16,1e-12,True
B1,D1_SLEEPEDF_TO_ISRUC,17,C3,9,Brier,0.44179668569998587,0.44179668569998587,0.0,1e-12,True
B1,D1_SLEEPEDF_TO_ISRUC,17,C3,9,ECE,0.09171286518463412,0.09171286518463413,1.3877787807814457e-17,1e-12,True
B1,D1_SLEEPEDF_TO_ISRUC,17,C3,9,ERROR_AUROC,0.758646053063471,0.758646053063471,0.0,1e-12,True
B1,D1_SLEEPEDF_TO_ISRUC,17,C3,9,ERROR_AUPRC,0.5313402130295013,0.5313402130295046,3.3306690738754696e-15,1e-12,True
B1,D1_SLEEPEDF_TO_ISRUC,17,C3,9,AURC,0.14579123008341752,0.1457912300834167,8.049116928532385e-16,1e-12,True
B1,D1_SLEEPEDF_TO_ISRUC,17,C3,9,coverage,0.9762005008088284,0.9762005008088284,0.0,1e-12,True
B1,D1_SLEEPEDF_TO_ISRUC,17,C3,9,mean_set_size,3.7874664834799567,3.7874664834799567,0.0,1e-12,True
B1,D2_ISRUC_TO_SLEEPEDF,17,C0,0,macro-F1,0.771220011189271,0.771220011189271,0.0,1e-12,True
B1,D2_ISRUC_TO_SLEEPEDF,17,C0,0,NLL,0.5432430587596858,0.5432430587596858,0.0,1e-12,True
B1,D2_ISRUC_TO_SLEEPEDF,17,C0,0,Brier,0.30027088939293334,0.30027088939293334,0.0,1e-12,True
B1,D2_ISRUC_TO_SLEEPEDF,17,C0,0,ECE,0.018184124863708365,0.018184124863708358,6.938893903907228e-18,1e-12,True
B1,D2_ISRUC_TO_SLEEPEDF,17,C0,0,ERROR_AUROC,0.803892900334119,0.803892900334119,0.0,1e-12,True
B1,D2_ISRUC_TO_SLEEPEDF,17,C0,0,ERROR_AUPRC,0.47146734944350877,0.4714673494435086,1.6653345369377348e-16,1e-12,True
B1,D2_ISRUC_TO_SLEEPEDF,17,C0,0,AURC,0.07374606084945108,0.07374606084945096,1.249000902703301e-16,1e-12,True
B1,D2_ISRUC_TO_SLEEPEDF,17,C0,0,coverage,0.971984203859623,0.971984203859623,0.0,1e-12,True
B1,D2_ISRUC_TO_SLEEPEDF,17,C0,0,mean_set_size,2.398629014231428,2.398629014231428,0.0,1e-12,True
B1,D2_ISRUC_TO_SLEEPEDF,17,C0,1,macro-F1,0.7536420238056973,0.7536420238056973,0.0,1e-12,True
B1,D2_ISRUC_TO_SLEEPEDF,17,C0,1,NLL,0.5672381885132207,0.5672381885132207,0.0,1e-12,True
B1,D2_ISRUC_TO_SLEEPEDF,17,C0,1,Brier,0.30634043937387223,0.3063404393738723,5.551115123125783e-17,1e-12,True
B1,D2_ISRUC_TO_SLEEPEDF,17,C0,1,ECE,0.015492902344864095,0.015492902344864052,4.336808689942018e-17,1e-12,True
B1,D2_ISRUC_TO_SLEEPEDF,17,C0,1,ERROR_AUROC,0.808605909829192,0.808605909829192,0.0,1e-12,True
B1,D2_ISRUC_TO_SLEEPEDF,17,C0,1,ERROR_AUPRC,0.48639156412515416,0.4863915641251543,1.1102230246251565e-16,1e-12,True
B1,D2_ISRUC_TO_SLEEPEDF,17,C0,1,AURC,0.07531490192406179,0.07531490192406176,2.7755575615628914e-17,1e-12,True
B1,D2_ISRUC_TO_SLEEPEDF,17,C0,1,coverage,0.9693061840120664,0.9693061840120664,0.0,1e-12,True
B1,D2_ISRUC_TO_SLEEPEDF,17,C0,1,mean_set_size,2.484238310708899,2.484238310708899,0.0,1e-12,True
B1,D2_ISRUC_TO_SLEEPEDF,17,C0,2,macro-F1,0.7195437701588018,0.7195437701588018,0.0,1e-12,True
B1,D2_ISRUC_TO_SLEEPEDF,17,C0,2,NLL,0.6593885940365762,0.6593885940365762,0.0,1e-12,True
B1,D2_ISRUC_TO_SLEEPEDF,17,C0,2,Brier,0.3478676914976435,0.3478676914976435,0.0,1e-12,True
B1,D2_ISRUC_TO_SLEEPEDF,17,C0,2,ECE,0.013898029724615077,0.013898029724615056,2.0816681711721685e-17,1e-12,True
B1,D2_ISRUC_TO_SLEEPEDF,17,C0,2,ERROR_AUROC,0.7965470132947148,0.7965470132947148,0.0,1e-12,True
B1,D2_ISRUC_TO_SLEEPEDF,17,C0,2,ERROR_AUPRC,0.523813214148028,0.523813214148029,9.992007221626409e-16,1e-12,True
B1,D2_ISRUC_TO_SLEEPEDF,17,C0,2,AURC,0.09488721208334477,0.09488721208334452,2.498001805406602e-16,1e-12,True
B1,D2_ISRUC_TO_SLEEPEDF,17,C0,2,coverage,0.961436170212766,0.961436170212766,0.0,1e-12,True
B1,D2_ISRUC_TO_SLEEPEDF,17,C0,2,mean_set_size,2.57565011820331,2.57565011820331,0.0,1e-12,True
B1,D2_ISRUC_TO_SLEEPEDF,17,C0,3,macro-F1,0.7241967231382371,0.7241967231382371,0.0,1e-12,True
B1,D2_ISRUC_TO_SLEEPEDF,17,C0,3,NLL,0.65730014589761,0.65730014589761,0.0,1e-12,True
B1,D2_ISRUC_TO_SLEEPEDF,17,C0,3,Brier,0.3513179355415238,0.3513179355415238,0.0,1e-12,True
B1,D2_ISRUC_TO_SLEEPEDF,17,C0,3,ECE,0.02127149026889884,0.02127149026889883,1.0408340855860843e-17,1e-12,True
B1,D2_ISRUC_TO_SLEEPEDF,17,C0,3,ERROR_AUROC,0.7954509526974631,0.7954509526974631,0.0,1e-12,True
B1,D2_ISRUC_TO_SLEEPEDF,17,C0,3,ERROR_AUPRC,0.5250370907151315,0.5250370907151326,1.1102230246251565e-15,1e-12,True
B1,D2_ISRUC_TO_SLEEPEDF,17,C0,3,AURC,0.0980575859127119,0.09805758591271194,4.163336342344337e-17,1e-12,True
B1,D2_ISRUC_TO_SLEEPEDF,17,C0,3,coverage,0.9581513828238719,0.9581513828238719,0.0,1e-12,True
B1,D2_ISRUC_TO_SLEEPEDF,17,C0,3,mean_set_size,2.5182678311499274,2.5182678311499274,0.0,1e-12,True
B1,D2_ISRUC_TO_SLEEPEDF,17,C0,4,macro-F1,0.7489054440294634,0.7489054440294634,0.0,1e-12,True
B1,D2_ISRUC_TO_SLEEPEDF,17,C0,4,NLL,0.6031399826950701,0.6031399826950701,0.0,1e-12,True
B1,D2_ISRUC_TO_SLEEPEDF,17,C0,4,Brier,0.3118480367415946,0.31184803674159467,5.551115123125783e-17,1e-12,True
B1,D2_ISRUC_TO_SLEEPEDF,17,C0,4,ECE,0.015019619361421599,0.015019619361421599,0.0,1e-12,True
B1,D2_ISRUC_TO_SLEEPEDF,17,C0,4,ERROR_AUROC,0.8244923271819813,0.8244923271819813,0.0,1e-12,True
B1,D2_ISRUC_TO_SLEEPEDF,17,C0,4,ERROR_AUPRC,0.517833290607365,0.5178332906073653,2.220446049250313e-16,1e-12,True
B1,D2_ISRUC_TO_SLEEPEDF,17,C0,4,AURC,0.07261132303740239,0.07261132303740227,1.249000902703301e-16,1e-12,True
B1,D2_ISRUC_TO_SLEEPEDF,17,C0,4,coverage,0.9552587402379389,0.9552587402379389,0.0,1e-12,True
B1,D2_ISRUC_TO_SLEEPEDF,17,C0,4,mean_set_size,2.429676665936793,2.429676665936793,0.0,1e-12,True
B1,D2_ISRUC_TO_SLEEPEDF,17,C0,5,macro-F1,0.7192060707169885,0.7192060707169885,0.0,1e-12,True
B1,D2_ISRUC_TO_SLEEPEDF,17,C0,5,NLL,0.6441318775498798,0.6441318775498798,0.0,1e-12,True
B1,D2_ISRUC_TO_SLEEPEDF,17,C0,5,Brier,0.3325337726630994,0.3325337726630994,0.0,1e-12,True
B1,D2_ISRUC_TO_SLEEPEDF,17,C0,5,ECE,0.017906060382561508,0.017906060382561404,1.0408340855860843e-16,1e-12,True
B1,D2_ISRUC_TO_SLEEPEDF,17,C0,5,ERROR_AUROC,0.814231837416566,0.814231837416566,0.0,1e-12,True
B1,D2_ISRUC_TO_SLEEPEDF,17,C0,5,ERROR_AUPRC,0.5272709541309775,0.5272709541309758,1.6653345369377348e-15,1e-12,True
B1,D2_ISRUC_TO_SLEEPEDF,17,C0,5,AURC,0.0844082224599813,0.08440822245998153,2.3592239273284576e-16,1e-12,True
B1,D2_ISRUC_TO_SLEEPEDF,17,C0,5,coverage,0.9561182061182061,0.9561182061182061,0.0,1e-12,True
B1,D2_ISRUC_TO_SLEEPEDF,17,C0,5,mean_set_size,2.5303682803682803,2.5303682803682803,0.0,1e-12,True
B1,D2_ISRUC_TO_SLEEPEDF,17,C0,6,macro-F1,0.7281399603009919,0.7281399603009919,0.0,1e-12,True
B1,D2_ISRUC_TO_SLEEPEDF,17,C0,6,NLL,0.6318330110562239,0.6318330110562237,2.220446049250313e-16,1e-12,True
B1,D2_ISRUC_TO_SLEEPEDF,17,C0,6,Brier,0.331728848084143,0.33172884808414294,5.551115123125783e-17,1e-12,True
B1,D2_ISRUC_TO_SLEEPEDF,17,C0,6,ECE,0.022303983670788806,0.02230398367078878,2.42861286636753e-17,1e-12,True
B1,D2_ISRUC_TO_SLEEPEDF,17,C0,6,ERROR_AUROC,0.8159699453460222,0.8159699453460222,0.0,1e-12,True
B1,D2_ISRUC_TO_SLEEPEDF,17,C0,6,ERROR_AUPRC,0.5291283740181519,0.5291283740181526,6.661338147750939e-16,1e-12,True
B1,D2_ISRUC_TO_SLEEPEDF,17,C0,6,AURC,0.08219198771421446,0.08219198771421446,0.0,1e-12,True
B1,D2_ISRUC_TO_SLEEPEDF,17,C0,6,coverage,0.9548802288165892,0.9548802288165892,0.0,1e-12,True
B1,D2_ISRUC_TO_SLEEPEDF,17,C0,6,mean_set_size,2.4144440471934216,2.4144440471934216,0.0,1e-12,True
B1,D2_ISRUC_TO_SLEEPEDF,17,C0,7,macro-F1,0.7675162398477295,0.7675162398477295,0.0,1e-12,True
B1,D2_ISRUC_TO_SLEEPEDF,17,C0,7,NLL,0.533809527429984,0.533809527429984,0.0,1e-12,True
B1,D2_ISRUC_TO_SLEEPEDF,17,C0,7,Brier,0.2957363719808933,0.2957363719808933,0.0,1e-12,True
B1,D2_ISRUC_TO_SLEEPEDF,17,C0,7,ECE,0.011628356451394142,0.011628356451394107,3.469446951953614e-17,1e-12,True
B1,D2_ISRUC_TO_SLEEPEDF,17,C0,7,ERROR_AUROC,0.810797112453041,0.810797112453041,0.0,1e-12,True
B1,D2_ISRUC_TO_SLEEPEDF,17,C0,7,ERROR_AUPRC,0.47398910897018276,0.47398910897018215,6.106226635438361e-16,1e-12,True
B1,D2_ISRUC_TO_SLEEPEDF,17,C0,7,AURC,0.07043883130737649,0.07043883130737646,2.7755575615628914e-17,1e-12,True
B1,D2_ISRUC_TO_SLEEPEDF,17,C0,7,coverage,0.9695534998907422,0.9695534998907422,0.0,1e-12,True
B1,D2_ISRUC_TO_SLEEPEDF,17,C0,7,mean_set_size,2.343215092140724,2.343215092140724,0.0,1e-12,True
B1,D2_ISRUC_TO_SLEEPEDF,17,C0,8,macro-F1,0.7274090602537339,0.7274090602537339,0.0,1e-12,True
B1,D2_ISRUC_TO_SLEEPEDF,17,C0,8,NLL,0.65603353349808,0.65603353349808,0.0,1e-12,True
B1,D2_ISRUC_TO_SLEEPEDF,17,C0,8,Brier,0.3464755548092399,0.34647555480923997,5.551115123125783e-17,1e-12,True
B1,D2_ISRUC_TO_SLEEPEDF,17,C0,8,ECE,0.019398493784244627,0.019398493784244634,6.938893903907228e-18,1e-12,True
B1,D2_ISRUC_TO_SLEEPEDF,17,C0,8,ERROR_AUROC,0.797433598708854,0.797433598708854,0.0,1e-12,True
B1,D2_ISRUC_TO_SLEEPEDF,17,C0,8,ERROR_AUPRC,0.5254795386671169,0.5254795386671167,2.220446049250313e-16,1e-12,True
B1,D2_ISRUC_TO_SLEEPEDF,17,C0,8,AURC,0.09514818331725007,0.09514818331725022,1.5265566588595902e-16,1e-12,True
B1,D2_ISRUC_TO_SLEEPEDF,17,C0,8,coverage,0.9561580401822392,0.9561580401822392,0.0,1e-12,True
B1,D2_ISRUC_TO_SLEEPEDF,17,C0,8,mean_set_size,2.545821196504593,2.545821196504593,0.0,1e-12,True
B1,D2_ISRUC_TO_SLEEPEDF,17,C0,9,macro-F1,0.7316091039909078,0.7316091039909078,0.0,1e-12,True
B1,D2_ISRUC_TO_SLEEPEDF,17,C0,9,NLL,0.5857201675721778,0.5857201675721777,1.1102230246251565e-16,1e-12,True
B1,D2_ISRUC_TO_SLEEPEDF,17,C0,9,Brier,0.31131735379996994,0.31131735379996994,0.0,1e-12,True
B1,D2_ISRUC_TO_SLEEPEDF,17,C0,9,ECE,0.016577361940261322,0.01657736194026132,3.469446951953614e-18,1e-12,True
B1,D2_ISRUC_TO_SLEEPEDF,17,C0,9,ERROR_AUROC,0.8132432146701983,0.8132432146701983,0.0,1e-12,True
B1,D2_ISRUC_TO_SLEEPEDF,17,C0,9,ERROR_AUPRC,0.4958944792217898,0.49589447922178975,5.551115123125783e-17,1e-12,True
B1,D2_ISRUC_TO_SLEEPEDF,17,C0,9,AURC,0.07629102225234148,0.07629102225234136,1.249000902703301e-16,1e-12,True
B1,D2_ISRUC_TO_SLEEPEDF,17,C0,9,coverage,0.9613429041423658,0.9613429041423658,0.0,1e-12,True
B1,D2_ISRUC_TO_SLEEPEDF,17,C0,9,mean_set_size,2.5109167040526397,2.5109167040526397,0.0,1e-12,True
B1,D2_ISRUC_TO_SLEEPEDF,17,C0,10,macro-F1,0.7516039561838548,0.7516039561838548,0.0,1e-12,True
B1,D2_ISRUC_TO_SLEEPEDF,17,C0,10,NLL,0.5884377548787089,0.5884377548787088,1.1102230246251565e-16,1e-12,True
B1,D2_ISRUC_TO_SLEEPEDF,17,C0,10,Brier,0.31427025242073686,0.31427025242073686,0.0,1e-12,True
B1,D2_ISRUC_TO_SLEEPEDF,17,C0,10,ECE,0.014599897764911588,0.014599897764911576,1.214306433183765e-17,1e-12,True
B1,D2_ISRUC_TO_SLEEPEDF,17,C0,10,ERROR_AUROC,0.8059791794201738,0.8059791794201738,0.0,1e-12,True
B1,D2_ISRUC_TO_SLEEPEDF,17,C0,10,ERROR_AUPRC,0.4999366130854326,0.49993661308543325,6.661338147750939e-16,1e-12,True
B1,D2_ISRUC_TO_SLEEPEDF,17,C0,10,AURC,0.07932126388278123,0.07932126388278116,6.938893903907228e-17,1e-12,True
B1,D2_ISRUC_TO_SLEEPEDF,17,C0,10,coverage,0.9648726066636515,0.9648726066636515,0.0,1e-12,True
B1,D2_ISRUC_TO_SLEEPEDF,17,C0,10,mean_set_size,2.492085029398462,2.492085029398462,0.0,1e-12,True
B1,D2_ISRUC_TO_SLEEPEDF,17,C0,11,macro-F1,0.7413167369296552,0.7413167369296552,0.0,1e-12,True
B1,D2_ISRUC_TO_SLEEPEDF,17,C0,11,NLL,0.586201965534035,0.586201965534035,0.0,1e-12,True
B1,D2_ISRUC_TO_SLEEPEDF,17,C0,11,Brier,0.30682443186503744,0.30682443186503744,0.0,1e-12,True
B1,D2_ISRUC_TO_SLEEPEDF,17,C0,11,ECE,0.014959167790965743,0.014959167790965747,3.469446951953614e-18,1e-12,True
B1,D2_ISRUC_TO_SLEEPEDF,17,C0,11,ERROR_AUROC,0.8229812603882768,0.8229812603882768,0.0,1e-12,True
B1,D2_ISRUC_TO_SLEEPEDF,17,C0,11,ERROR_AUPRC,0.5078438714300497,0.5078438714300497,0.0,1e-12,True
B1,D2_ISRUC_TO_SLEEPEDF,17,C0,11,AURC,0.07136651167074466,0.07136651167074459,6.938893903907228e-17,1e-12,True
B1,D2_ISRUC_TO_SLEEPEDF,17,C0,11,coverage,0.9600177043375627,0.9600177043375627,0.0,1e-12,True
B1,D2_ISRUC_TO_SLEEPEDF,17,C0,11,mean_set_size,2.4520507524343462,2.4520507524343462,0.0,1e-12,True
B1,D2_ISRUC_TO_SLEEPEDF,17,C0,12,macro-F1,0.7450972387051898,0.7450972387051898,0.0,1e-12,True
B1,D2_ISRUC_TO_SLEEPEDF,17,C0,12,NLL,0.6140549825522394,0.6140549825522394,0.0,1e-12,True
B1,D2_ISRUC_TO_SLEEPEDF,17,C0,12,Brier,0.3352700377849897,0.3352700377849897,0.0,1e-12,True
B1,D2_ISRUC_TO_SLEEPEDF,17,C0,12,ECE,0.01327786188426812,0.013277861884268046,7.45931094670027e-17,1e-12,True
B1,D2_ISRUC_TO_SLEEPEDF,17,C0,12,ERROR_AUROC,0.7815538342580098,0.7815538342580098,0.0,1e-12,True
B1,D2_ISRUC_TO_SLEEPEDF,17,C0,12,ERROR_AUPRC,0.49093046629996634,0.49093046629996706,7.216449660063518e-16,1e-12,True
B1,D2_ISRUC_TO_SLEEPEDF,17,C0,12,AURC,0.09668747671985688,0.09668747671985671,1.6653345369377348e-16,1e-12,True
B1,D2_ISRUC_TO_SLEEPEDF,17,C0,12,coverage,0.9631445866217148,0.9631445866217148,0.0,1e-12,True
B1,D2_ISRUC_TO_SLEEPEDF,17,C0,12,mean_set_size,2.533445712972186,2.533445712972186,0.0,1e-12,True
B1,D2_ISRUC_TO_SLEEPEDF,17,C0,13,macro-F1,0.7586600052386041,0.7586600052386041,0.0,1e-12,True
B1,D2_ISRUC_TO_SLEEPEDF,17,C0,13,NLL,0.5423181334592195,0.5423181334592195,0.0,1e-12,True
B1,D2_ISRUC_TO_SLEEPEDF,17,C0,13,Brier,0.2905520181924573,0.2905520181924573,0.0,1e-12,True
B1,D2_ISRUC_TO_SLEEPEDF,17,C0,13,ECE,0.01701944060367968,0.017019440603679662,1.734723475976807e-17,1e-12,True
B1,D2_ISRUC_TO_SLEEPEDF,17,C0,13,ERROR_AUROC,0.8291208850496968,0.8291208850496968,0.0,1e-12,True
B1,D2_ISRUC_TO_SLEEPEDF,17,C0,13,ERROR_AUPRC,0.493499359353949,0.49349935935394956,5.551115123125783e-16,1e-12,True
B1,D2_ISRUC_TO_SLEEPEDF,17,C0,13,AURC,0.0638961631986355,0.0638961631986355,0.0,1e-12,True
B1,D2_ISRUC_TO_SLEEPEDF,17,C0,13,coverage,0.9649782053209078,0.9649782053209078,0.0,1e-12,True
B1,D2_ISRUC_TO_SLEEPEDF,17,C0,13,mean_set_size,2.3935066887118595,2.3935066887118595,0.0,1e-12,True
B1,D2_ISRUC_TO_SLEEPEDF,17,C0,14,macro-F1,0.7648637186114826,0.7648637186114826,0.0,1e-12,True
B1,D2_ISRUC_TO_SLEEPEDF,17,C0,14,NLL,0.5372160426255937,0.5372160426255937,0.0,1e-12,True
B1,D2_ISRUC_TO_SLEEPEDF,17,C0,14,Brier,0.2715167558619345,0.2715167558619345,0.0,1e-12,True
B1,D2_ISRUC_TO_SLEEPEDF,17,C0,14,ECE,0.022884199731212893,0.022884199731212907,1.3877787807814457e-17,1e-12,True
B1,D2_ISRUC_TO_SLEEPEDF,17,C0,14,ERROR_AUROC,0.8318523511401544,0.8318523511401544,0.0,1e-12,True
B1,D2_ISRUC_TO_SLEEPEDF,17,C0,14,ERROR_AUPRC,0.46598755758205923,0.46598755758205873,4.996003610813204e-16,1e-12,True
B1,D2_ISRUC_TO_SLEEPEDF,17,C0,14,AURC,0.05614439255815455,0.05614439255815448,6.938893903907228e-17,1e-12,True
B1,D2_ISRUC_TO_SLEEPEDF,17,C0,14,coverage,0.9593044494776065,0.9593044494776065,0.0,1e-12,True
B1,D2_ISRUC_TO_SLEEPEDF,17,C0,14,mean_set_size,2.474026448454738,2.474026448454738,0.0,1e-12,True
B1,D2_ISRUC_TO_SLEEPEDF,17,C0,15,macro-F1,0.7610312278706133,0.7610312278706133,0.0,1e-12,True
B1,D2_ISRUC_TO_SLEEPEDF,17,C0,15,NLL,0.5199071433490519,0.519907143349052,1.1102230246251565e-16,1e-12,True
B1,D2_ISRUC_TO_SLEEPEDF,17,C0,15,Brier,0.2727247811634824,0.2727247811634824,0.0,1e-12,True
B1,D2_ISRUC_TO_SLEEPEDF,17,C0,15,ECE,0.02335756972489198,0.023357569724891964,1.734723475976807e-17,1e-12,True
B1,D2_ISRUC_TO_SLEEPEDF,17,C0,15,ERROR_AUROC,0.8421802903406923,0.8421802903406923,0.0,1e-12,True
B1,D2_ISRUC_TO_SLEEPEDF,17,C0,15,ERROR_AUPRC,0.4994985196512752,0.49949851965127506,1.1102230246251565e-16,1e-12,True
B1,D2_ISRUC_TO_SLEEPEDF,17,C0,15,AURC,0.055859805027743716,0.05585980502774362,9.71445146547012e-17,1e-12,True
B1,D2_ISRUC_TO_SLEEPEDF,17,C0,15,coverage,0.9623190568571854,0.9623190568571854,0.0,1e-12,True
B1,D2_ISRUC_TO_SLEEPEDF,17,C0,15,mean_set_size,2.37516788539024,2.37516788539024,0.0,1e-12,True
B1,D2_ISRUC_TO_SLEEPEDF,17,C0,16,macro-F1,0.7334767781636293,0.7334767781636293,0.0,1e-12,True
B1,D2_ISRUC_TO_SLEEPEDF,17,C0,16,NLL,0.6575474146158758,0.6575474146158757,1.1102230246251565e-16,1e-12,True
B1,D2_ISRUC_TO_SLEEPEDF,17,C0,16,Brier,0.34606105223043326,0.34606105223043326,0.0,1e-12,True
B1,D2_ISRUC_TO_SLEEPEDF,17,C0,16,ECE,0.02414119388694561,0.024141193886945606,3.469446951953614e-18,1e-12,True
B1,D2_ISRUC_TO_SLEEPEDF,17,C0,16,ERROR_AUROC,0.8070925504819823,0.8070925504819823,0.0,1e-12,True
B1,D2_ISRUC_TO_SLEEPEDF,17,C0,16,ERROR_AUPRC,0.5543995041737521,0.5543995041737537,1.6653345369377348e-15,1e-12,True
B1,D2_ISRUC_TO_SLEEPEDF,17,C0,16,AURC,0.09335399964820548,0.09335399964820565,1.6653345369377348e-16,1e-12,True
B1,D2_ISRUC_TO_SLEEPEDF,17,C0,16,coverage,0.9435247582771755,0.9435247582771755,0.0,1e-12,True
B1,D2_ISRUC_TO_SLEEPEDF,17,C0,16,mean_set_size,2.436273073542338,2.436273073542338,0.0,1e-12,True
B1,D2_ISRUC_TO_SLEEPEDF,17,C0,17,macro-F1,0.7505640474132578,0.7505640474132578,0.0,1e-12,True
B1,D2_ISRUC_TO_SLEEPEDF,17,C0,17,NLL,0.5508633023042085,0.5508633023042085,0.0,1e-12,True
B1,D2_ISRUC_TO_SLEEPEDF,17,C0,17,Brier,0.3072115564450145,0.3072115564450145,0.0,1e-12,True
B1,D2_ISRUC_TO_SLEEPEDF,17,C0,17,ECE,0.011504468083100468,0.011504468083100454,1.3877787807814457e-17,1e-12,True
B1,D2_ISRUC_TO_SLEEPEDF,17,C0,17,ERROR_AUROC,0.8044798702794345,0.8044798702794345,0.0,1e-12,True
B1,D2_ISRUC_TO_SLEEPEDF,17,C0,17,ERROR_AUPRC,0.49340263903616655,0.49340263903616566,8.881784197001252e-16,1e-12,True
B1,D2_ISRUC_TO_SLEEPEDF,17,C0,17,AURC,0.07816137158404321,0.07816137158404354,3.3306690738754696e-16,1e-12,True
B1,D2_ISRUC_TO_SLEEPEDF,17,C0,17,coverage,0.960515593747685,0.960515593747685,0.0,1e-12,True
B1,D2_ISRUC_TO_SLEEPEDF,17,C0,17,mean_set_size,2.3239499222164604,2.3239499222164604,0.0,1e-12,True
B1,D2_ISRUC_TO_SLEEPEDF,17,C0,18,macro-F1,0.7434035911162165,0.7434035911162165,0.0,1e-12,True
B1,D2_ISRUC_TO_SLEEPEDF,17,C0,18,NLL,0.5861974211897291,0.5861974211897291,0.0,1e-12,True
B1,D2_ISRUC_TO_SLEEPEDF,17,C0,18,Brier,0.31602829965009005,0.31602829965009005,0.0,1e-12,True
B1,D2_ISRUC_TO_SLEEPEDF,17,C0,18,ECE,0.01902866456183039,0.019028664561830395,6.938893903907228e-18,1e-12,True
B1,D2_ISRUC_TO_SLEEPEDF,17,C0,18,ERROR_AUROC,0.8188495481285688,0.8188495481285688,0.0,1e-12,True
B1,D2_ISRUC_TO_SLEEPEDF,17,C0,18,ERROR_AUPRC,0.5254718229342016,0.5254718229342021,5.551115123125783e-16,1e-12,True
B1,D2_ISRUC_TO_SLEEPEDF,17,C0,18,AURC,0.07748678330134354,0.07748678330134359,5.551115123125783e-17,1e-12,True
B1,D2_ISRUC_TO_SLEEPEDF,17,C0,18,coverage,0.9634342547901126,0.9634342547901126,0.0,1e-12,True
B1,D2_ISRUC_TO_SLEEPEDF,17,C0,18,mean_set_size,2.410340792745356,2.410340792745356,0.0,1e-12,True
B1,D2_ISRUC_TO_SLEEPEDF,17,C0,19,macro-F1,0.7441952693239435,0.7441952693239435,0.0,1e-12,True
B1,D2_ISRUC_TO_SLEEPEDF,17,C0,19,NLL,0.5825299321302105,0.5825299321302105,0.0,1e-12,True
B1,D2_ISRUC_TO_SLEEPEDF,17,C0,19,Brier,0.31747983319445217,0.31747983319445217,0.0,1e-12,True
B1,D2_ISRUC_TO_SLEEPEDF,17,C0,19,ECE,0.01210636135438943,0.012106361354389507,7.632783294297951e-17,1e-12,True
B1,D2_ISRUC_TO_SLEEPEDF,17,C0,19,ERROR_AUROC,0.8097280198714683,0.8097280198714683,0.0,1e-12,True
B1,D2_ISRUC_TO_SLEEPEDF,17,C0,19,ERROR_AUPRC,0.5122489880282157,0.5122489880282164,6.661338147750939e-16,1e-12,True
B1,D2_ISRUC_TO_SLEEPEDF,17,C0,19,AURC,0.07970116545594466,0.0797011654559446,5.551115123125783e-17,1e-12,True
B1,D2_ISRUC_TO_SLEEPEDF,17,C0,19,coverage,0.9653682770537836,0.9653682770537836,0.0,1e-12,True
B1,D2_ISRUC_TO_SLEEPEDF,17,C0,19,mean_set_size,2.396500827993376,2.396500827993376,0.0,1e-12,True
B1,D2_ISRUC_TO_SLEEPEDF,17,C3,0,macro-F1,0.4916872420785358,0.4916872420785358,0.0,1e-12,True
B1,D2_ISRUC_TO_SLEEPEDF,17,C3,0,NLL,1.113591344942509,1.113591344942509,0.0,1e-12,True
B1,D2_ISRUC_TO_SLEEPEDF,17,C3,0,Brier,0.46297973115733637,0.4629797311573363,5.551115123125783e-17,1e-12,True
B1,D2_ISRUC_TO_SLEEPEDF,17,C3,0,ECE,0.1245210174586939,0.1245210174586939,0.0,1e-12,True
B1,D2_ISRUC_TO_SLEEPEDF,17,C3,0,ERROR_AUROC,0.7511921575401072,0.7511921575401072,0.0,1e-12,True
B1,D2_ISRUC_TO_SLEEPEDF,17,C3,0,ERROR_AUPRC,0.5501732496584915,0.5501732496584926,1.1102230246251565e-15,1e-12,True
B1,D2_ISRUC_TO_SLEEPEDF,17,C3,0,AURC,0.16121193400495454,0.16121193400495393,6.106226635438361e-16,1e-12,True
B1,D2_ISRUC_TO_SLEEPEDF,17,C3,0,coverage,0.8949285237076503,0.8949285237076503,0.0,1e-12,True
B1,D2_ISRUC_TO_SLEEPEDF,17,C3,0,mean_set_size,2.673401461121576,2.673401461121576,0.0,1e-12,True
B1,D2_ISRUC_TO_SLEEPEDF,17,C3,1,macro-F1,0.4957922334756595,0.4957922334756595,0.0,1e-12,True
B1,D2_ISRUC_TO_SLEEPEDF,17,C3,1,NLL,1.0628296477982033,1.0628296477982033,0.0,1e-12,True
B1,D2_ISRUC_TO_SLEEPEDF,17,C3,1,Brier,0.44399952984099383,0.4439995298409939,5.551115123125783e-17,1e-12,True
B1,D2_ISRUC_TO_SLEEPEDF,17,C3,1,ECE,0.11208033061698208,0.11208033061698208,0.0,1e-12,True
B1,D2_ISRUC_TO_SLEEPEDF,17,C3,1,ERROR_AUROC,0.7450581055908873,0.7450581055908873,0.0,1e-12,True
B1,D2_ISRUC_TO_SLEEPEDF,17,C3,1,ERROR_AUPRC,0.5323672310529273,0.5323672310529334,6.106226635438361e-15,1e-12,True
B1,D2_ISRUC_TO_SLEEPEDF,17,C3,1,AURC,0.15867827772748658,0.15867827772748858,1.9984014443252818e-15,1e-12,True
B1,D2_ISRUC_TO_SLEEPEDF,17,C3,1,coverage,0.8990402273298409,0.8990402273298409,0.0,1e-12,True
B1,D2_ISRUC_TO_SLEEPEDF,17,C3,1,mean_set_size,2.724372233283718,2.724372233283718,0.0,1e-12,True
B1,D2_ISRUC_TO_SLEEPEDF,17,C3,2,macro-F1,0.512723998455858,0.512723998455858,0.0,1e-12,True
B1,D2_ISRUC_TO_SLEEPEDF,17,C3,2,NLL,1.0401515673625281,1.0401515673625281,0.0,1e-12,True
B1,D2_ISRUC_TO_SLEEPEDF,17,C3,2,Brier,0.4360415893561268,0.4360415893561267,1.1102230246251565e-16,1e-12,True
B1,D2_ISRUC_TO_SLEEPEDF,17,C3,2,ECE,0.10995560224477689,0.10995560224477692,2.7755575615628914e-17,1e-12,True
B1,D2_ISRUC_TO_SLEEPEDF,17,C3,2,ERROR_AUROC,0.7533895766263586,0.7533895766263586,0.0,1e-12,True
B1,D2_ISRUC_TO_SLEEPEDF,17,C3,2,ERROR_AUPRC,0.5331988567708196,0.5331988567708251,5.551115123125783e-15,1e-12,True
B1,D2_ISRUC_TO_SLEEPEDF,17,C3,2,AURC,0.14879704130607677,0.14879704130607227,4.496403249731884e-15,1e-12,True
B1,D2_ISRUC_TO_SLEEPEDF,17,C3,2,coverage,0.9049921873691414,0.9049921873691414,0.0,1e-12,True
B1,D2_ISRUC_TO_SLEEPEDF,17,C3,2,mean_set_size,2.7094443101793915,2.7094443101793915,0.0,1e-12,True
B1,D2_ISRUC_TO_SLEEPEDF,17,C3,3,macro-F1,0.49623691723026064,0.49623691723026064,0.0,1e-12,True
B1,D2_ISRUC_TO_SLEEPEDF,17,C3,3,NLL,1.040008365136863,1.040008365136863,0.0,1e-12,True
B1,D2_ISRUC_TO_SLEEPEDF,17,C3,3,Brier,0.4374988562799634,0.43749885627996343,5.551115123125783e-17,1e-12,True
B1,D2_ISRUC_TO_SLEEPEDF,17,C3,3,ECE,0.10979950682563838,0.10979950682563842,4.163336342344337e-17,1e-12,True
B1,D2_ISRUC_TO_SLEEPEDF,17,C3,3,ERROR_AUROC,0.751663294500941,0.751663294500941,0.0,1e-12,True
B1,D2_ISRUC_TO_SLEEPEDF,17,C3,3,ERROR_AUPRC,0.5356833983307344,0.5356833983307309,3.552713678800501e-15,1e-12,True
B1,D2_ISRUC_TO_SLEEPEDF,17,C3,3,AURC,0.15276338408085394,0.15276338408085144,2.4980018054066022e-15,1e-12,True
B1,D2_ISRUC_TO_SLEEPEDF,17,C3,3,coverage,0.9022345621682862,0.9022345621682862,0.0,1e-12,True
B1,D2_ISRUC_TO_SLEEPEDF,17,C3,3,mean_set_size,2.7165818565513686,2.7165818565513686,0.0,1e-12,True
B1,D2_ISRUC_TO_SLEEPEDF,17,C3,4,macro-F1,0.4829224529755802,0.4829224529755802,0.0,1e-12,True
B1,D2_ISRUC_TO_SLEEPEDF,17,C3,4,NLL,1.1511558783726066,1.1511558783726066,0.0,1e-12,True
B1,D2_ISRUC_TO_SLEEPEDF,17,C3,4,Brier,0.47964914970483563,0.4796491497048357,5.551115123125783e-17,1e-12,True
B1,D2_ISRUC_TO_SLEEPEDF,17,C3,4,ECE,0.1263071289408579,0.1263071289408579,0.0,1e-12,True
B1,D2_ISRUC_TO_SLEEPEDF,17,C3,4,ERROR_AUROC,0.7365337605361598,0.7365337605361598,0.0,1e-12,True
B1,D2_ISRUC_TO_SLEEPEDF,17,C3,4,ERROR_AUPRC,0.5489241615760605,0.5489241615760488,1.1657341758564144e-14,1e-12,True
B1,D2_ISRUC_TO_SLEEPEDF,17,C3,4,AURC,0.17726756810738242,0.17726756810738245,2.7755575615628914e-17,1e-12,True
B1,D2_ISRUC_TO_SLEEPEDF,17,C3,4,coverage,0.8930496045319795,0.8930496045319795,0.0,1e-12,True
B1,D2_ISRUC_TO_SLEEPEDF,17,C3,4,mean_set_size,2.7733194109386816,2.7733194109386816,0.0,1e-12,True
B1,D2_ISRUC_TO_SLEEPEDF,17,C3,5,macro-F1,0.4885964077775478,0.4885964077775478,0.0,1e-12,True
B1,D2_ISRUC_TO_SLEEPEDF,17,C3,5,NLL,1.1245718519039987,1.1245718519039987,0.0,1e-12,True
B1,D2_ISRUC_TO_SLEEPEDF,17,C3,5,Brier,0.46484709588357614,0.46484709588357614,0.0,1e-12,True
B1,D2_ISRUC_TO_SLEEPEDF,17,C3,5,ECE,0.12490170248138545,0.12490170248138541,4.163336342344337e-17,1e-12,True
B1,D2_ISRUC_TO_SLEEPEDF,17,C3,5,ERROR_AUROC,0.7542285204120212,0.7542285204120212,0.0,1e-12,True
B1,D2_ISRUC_TO_SLEEPEDF,17,C3,5,ERROR_AUPRC,0.5513070765403124,0.5513070765403052,7.216449660063518e-15,1e-12,True
B1,D2_ISRUC_TO_SLEEPEDF,17,C3,5,AURC,0.16103502703291953,0.1610350270329201,5.828670879282072e-16,1e-12,True
B1,D2_ISRUC_TO_SLEEPEDF,17,C3,5,coverage,0.8947340902123048,0.8947340902123048,0.0,1e-12,True
B1,D2_ISRUC_TO_SLEEPEDF,17,C3,5,mean_set_size,2.727502180562454,2.727502180562454,0.0,1e-12,True
B1,D2_ISRUC_TO_SLEEPEDF,17,C3,6,macro-F1,0.4706225573920381,0.4706225573920381,0.0,1e-12,True
B1,D2_ISRUC_TO_SLEEPEDF,17,C3,6,NLL,1.177028749746386,1.177028749746386,0.0,1e-12,True
B1,D2_ISRUC_TO_SLEEPEDF,17,C3,6,Brier,0.4813965127234175,0.4813965127234175,0.0,1e-12,True
B1,D2_ISRUC_TO_SLEEPEDF,17,C3,6,ECE,0.1383269054938308,0.13832690549383084,2.7755575615628914e-17,1e-12,True
B1,D2_ISRUC_TO_SLEEPEDF,17,C3,6,ERROR_AUROC,0.7534533973574261,0.7534533973574261,0.0,1e-12,True
B1,D2_ISRUC_TO_SLEEPEDF,17,C3,6,ERROR_AUPRC,0.5628736470557956,0.5628736470558013,5.773159728050814e-15,1e-12,True
B1,D2_ISRUC_TO_SLEEPEDF,17,C3,6,AURC,0.1666036721217014,0.16660367212170463,3.219646771412954e-15,1e-12,True
B1,D2_ISRUC_TO_SLEEPEDF,17,C3,6,coverage,0.8914811643835616,0.8914811643835616,0.0,1e-12,True
B1,D2_ISRUC_TO_SLEEPEDF,17,C3,6,mean_set_size,2.682973517278954,2.682973517278954,0.0,1e-12,True
B1,D2_ISRUC_TO_SLEEPEDF,17,C3,7,macro-F1,0.4890002949379757,0.4890002949379757,0.0,1e-12,True
B1,D2_ISRUC_TO_SLEEPEDF,17,C3,7,NLL,1.0243351124017193,1.0243351124017193,0.0,1e-12,True
B1,D2_ISRUC_TO_SLEEPEDF,17,C3,7,Brier,0.43850341822832584,0.4385034182283257,1.1102230246251565e-16,1e-12,True
B1,D2_ISRUC_TO_SLEEPEDF,17,C3,7,ECE,0.11412751946341156,0.11412751946341156,0.0,1e-12,True
B1,D2_ISRUC_TO_SLEEPEDF,17,C3,7,ERROR_AUROC,0.7624792904714849,0.7624792904714849,0.0,1e-12,True
B1,D2_ISRUC_TO_SLEEPEDF,17,C3,7,ERROR_AUPRC,0.5443974410961042,0.5443974410960996,4.6629367034256575e-15,1e-12,True
B1,D2_ISRUC_TO_SLEEPEDF,17,C3,7,AURC,0.14394523880844295,0.14394523880844454,1.582067810090848e-15,1e-12,True
B1,D2_ISRUC_TO_SLEEPEDF,17,C3,7,coverage,0.9053099306981273,0.9053099306981273,0.0,1e-12,True
B1,D2_ISRUC_TO_SLEEPEDF,17,C3,7,mean_set_size,2.6831873078294732,2.6831873078294732,0.0,1e-12,True
B1,D2_ISRUC_TO_SLEEPEDF,17,C3,8,macro-F1,0.47771946914772023,0.47771946914772023,0.0,1e-12,True
B1,D2_ISRUC_TO_SLEEPEDF,17,C3,8,NLL,1.0845372370476873,1.0845372370476873,0.0,1e-12,True
B1,D2_ISRUC_TO_SLEEPEDF,17,C3,8,Brier,0.45639542324156485,0.45639542324156485,0.0,1e-12,True
B1,D2_ISRUC_TO_SLEEPEDF,17,C3,8,ECE,0.1223529349644335,0.12235293496443339,1.1102230246251565e-16,1e-12,True
B1,D2_ISRUC_TO_SLEEPEDF,17,C3,8,ERROR_AUROC,0.7550332622216104,0.7550332622216104,0.0,1e-12,True
B1,D2_ISRUC_TO_SLEEPEDF,17,C3,8,ERROR_AUPRC,0.5487361089924787,0.5487361089924793,5.551115123125783e-16,1e-12,True
B1,D2_ISRUC_TO_SLEEPEDF,17,C3,8,AURC,0.15872530813108462,0.15872530813108393,6.938893903907228e-16,1e-12,True
B1,D2_ISRUC_TO_SLEEPEDF,17,C3,8,coverage,0.8945728072394389,0.8945728072394389,0.0,1e-12,True
B1,D2_ISRUC_TO_SLEEPEDF,17,C3,8,mean_set_size,2.690920632496337,2.690920632496337,0.0,1e-12,True
B1,D2_ISRUC_TO_SLEEPEDF,17,C3,9,macro-F1,0.46412190680335375,0.46412190680335375,0.0,1e-12,True
B1,D2_ISRUC_TO_SLEEPEDF,17,C3,9,NLL,1.1562426787521125,1.1562426787521127,2.220446049250313e-16,1e-12,True
B1,D2_ISRUC_TO_SLEEPEDF,17,C3,9,Brier,0.477147475876819,0.477147475876819,0.0,1e-12,True
B1,D2_ISRUC_TO_SLEEPEDF,17,C3,9,ECE,0.13138989713832586,0.13138989713832583,2.7755575615628914e-17,1e-12,True
B1,D2_ISRUC_TO_SLEEPEDF,17,C3,9,ERROR_AUROC,0.7461317870271543,0.7461317870271543,0.0,1e-12,True
B1,D2_ISRUC_TO_SLEEPEDF,17,C3,9,ERROR_AUPRC,0.5559094970155009,0.5559094970155012,3.3306690738754696e-16,1e-12,True
B1,D2_ISRUC_TO_SLEEPEDF,17,C3,9,AURC,0.17229185281554377,0.17229185281554138,2.3869795029440866e-15,1e-12,True
B1,D2_ISRUC_TO_SLEEPEDF,17,C3,9,coverage,0.8866428227030995,0.8866428227030995,0.0,1e-12,True
B1,D2_ISRUC_TO_SLEEPEDF,17,C3,9,mean_set_size,2.72935422198874,2.72935422198874,0.0,1e-12,True
