dataset,stage,class,count,proportion
isruc_s1,AFTER,Wake,264,0.003030094346119413
isruc_s1,AFTER,N1,73,0.0008378669972224135
isruc_s1,AFTER,N2,194,0.002226660239193811
isruc_s1,AFTER,N3,231,0.0026513325528544868
isruc_s1,AFTER,REM,118,0.0013543603516745861
isruc_s1,AFTER,Wake,195,0.0022381378692927483
isruc_s1,AFTER,N1,115,0.0013199274613777748
isruc_s1,AFTER,N2,345,0.003959782384133324
isruc_s1,AFTER,N3,157,0.001801987925533136
isruc_s1,AFTER,REM,102,0.0011707182700915915
isruc_s1,AFTER,Wake,132,0.0015150471730597066
isruc_s1,AFTER,N1,165,0.0018938089663246332
isruc_s1,AFTER,N2,246,0.002823497004338544
isruc_s1,AFTER,N3,173,0.0019856300071161305
isruc_s1,AFTER,REM,227,0.002605422032458738
isruc_s1,AFTER,Wake,28,0.0003213736427702408
isruc_s1,AFTER,N1,65,0.0007460459564309161
isruc_s1,AFTER,N2,426,0.004889470422147235
isruc_s1,AFTER,N3,214,0.0024562128411725545
isruc_s1,AFTER,REM,230,0.0026398549227555496
isruc_s1,AFTER,Wake,206,0.0023643918003810574
isruc_s1,AFTER,N1,108,0.0012395840506852144
isruc_s1,AFTER,N2,265,0.0030415719762183504
isruc_s1,AFTER,N3,164,0.001882331336225696
isruc_s1,AFTER,REM,42,0.0004820604641553612
isruc_s1,AFTER,Wake,124,0.0014232261322682093
isruc_s1,AFTER,N1,16,0.00018364208158299476
isruc_s1,AFTER,N2,60,0.0006886578059362303
isruc_s1,AFTER,N3,99,0.00113628537979478
isruc_s1,AFTER,REM,0,0.0
isruc_s1,AFTER,Wake,134,0.001538002433257581
isruc_s1,AFTER,N1,171,0.001962674746918256
isruc_s1,AFTER,N2,205,0.0023529141702821202
isruc_s1,AFTER,N3,234,0.0026857654431512983
isruc_s1,AFTER,REM,189,0.0021692720886991256
isruc_s1,AFTER,Wake,221,0.002536556251865115
isruc_s1,AFTER,N1,126,0.0014461813924660837
isruc_s1,AFTER,N2,281,0.003225214057801345
isruc_s1,AFTER,N3,214,0.0024562128411725545
isruc_s1,AFTER,REM,62,0.0007116130661341046
isruc_s1,AFTER,Wake,150,0.0017216445148405758
isruc_s1,AFTER,N1,173,0.0019856300071161305
isruc_s1,AFTER,N2,341,0.003913871863737576
isruc_s1,AFTER,N3,159,0.0018249431857310103
isruc_s1,AFTER,REM,146,0.001675733994444827
isruc_s1,AFTER,Wake,294,0.0033744232490875285
isruc_s1,AFTER,N1,90,0.0010329867089043454
isruc_s1,AFTER,N2,308,0.0035351100704726487
isruc_s1,AFTER,N3,96,0.0011018524894979684
isruc_s1,AFTER,REM,28,0.0003213736427702408
isruc_s1,AFTER,Wake,303,0.0034777219199779628
isruc_s1,AFTER,N1,96,0.0011018524894979684
isruc_s1,AFTER,N2,274,0.003144870647108785
isruc_s1,AFTER,N3,209,0.002398824690677869
isruc_s1,AFTER,REM,87,0.0009985538186075339
isruc_s1,AFTER,Wake,167,0.0019167642265225076
isruc_s1,AFTER,N1,79,0.0009067327778160366
isruc_s1,AFTER,N2,149,0.0017101668847416386
isruc_s1,AFTER,N3,334,0.0038335284530450152
isruc_s1,AFTER,REM,121,0.0013887932419713977
isruc_s1,AFTER,Wake,493,0.005658471638776025
isruc_s1,AFTER,N1,111,0.001274016940982026
isruc_s1,AFTER,N2,39,0.0004476275738585497
isruc_s1,AFTER,N3,64,0.000734568326331979
isruc_s1,AFTER,REM,17,0.00019511971168193192
isruc_s1,AFTER,Wake,380,0.004361499437596125
isruc_s1,AFTER,N1,112,0.0012854945710809632
isruc_s1,AFTER,N2,181,0.002077451047907628
isruc_s1,AFTER,N3,104,0.001193673530289466
isruc_s1,AFTER,REM,49,0.0005624038748479214
isruc_s1,AFTER,Wake,188,0.0021577944586001884
isruc_s1,AFTER,N1,85,0.0009755985584096596
isruc_s1,AFTER,N2,158,0.0018134655556320731
isruc_s1,AFTER,N3,181,0.002077451047907628
isruc_s1,AFTER,REM,169,0.001939719486720382
isruc_s1,AFTER,Wake,157,0.001801987925533136
isruc_s1,AFTER,N1,154,0.0017675550352363244
isruc_s1,AFTER,N2,329,0.0037761403025503293
isruc_s1,AFTER,N3,120,0.0013773156118724605
isruc_s1,AFTER,REM,123,0.001411748502169272
isruc_s1,AFTER,Wake,376,0.004315588917200377
isruc_s1,AFTER,N1,159,0.0018249431857310103
isruc_s1,AFTER,N2,212,0.0024332575809746806
isruc_s1,AFTER,N3,55,0.0006312696554415444
isruc_s1,AFTER,REM,49,0.0005624038748479214
isruc_s1,AFTER,Wake,136,0.0015609576934554554
isruc_s1,AFTER,N1,108,0.0012395840506852144
isruc_s1,AFTER,N2,438,0.005027201983334481
isruc_s1,AFTER,N3,154,0.0017675550352363244
isruc_s1,AFTER,REM,163,0.0018708537061267589
isruc_s1,AFTER,Wake,338,0.003879438973440764
isruc_s1,AFTER,N1,150,0.0017216445148405758
isruc_s1,AFTER,N2,191,0.0021922273488969996
isruc_s1,AFTER,N3,68,0.0007804788467277277
isruc_s1,AFTER,REM,81,0.0009296880380139109
isruc_s1,AFTER,Wake,271,0.0031104377568119735
isruc_s1,AFTER,N1,98,0.0011248077496958428
isruc_s1,AFTER,N2,152,0.00174459977503845
isruc_s1,AFTER,N3,309,0.003546587700571586
isruc_s1,AFTER,REM,120,0.0013773156118724605
isruc_s1,AFTER,Wake,377,0.004327066547299314
isruc_s1,AFTER,N1,137,0.0015724353235543925
isruc_s1,AFTER,N2,180,0.002065973417808691
isruc_s1,AFTER,N3,141,0.001618345843950141
isruc_s1,AFTER,REM,219,0.0025136009916672405
isruc_s1,AFTER,Wake,227,0.002605422032458738
isruc_s1,AFTER,N1,67,0.0007690012166287905
isruc_s1,AFTER,N2,301,0.003454766659780089
isruc_s1,AFTER,N3,107,0.0012281064205862773
isruc_s1,AFTER,REM,68,0.0007804788467277277
isruc_s1,AFTER,Wake,259,0.0029727061956247272
isruc_s1,AFTER,N1,114,0.0013084498312788376
isruc_s1,AFTER,N2,312,0.0035810205908683975
isruc_s1,AFTER,N3,65,0.0007460459564309161
isruc_s1,AFTER,REM,135,0.0015494800633565182
isruc_s1,AFTER,Wake,200,0.0022955260197874343
isruc_s1,AFTER,N1,85,0.0009755985584096596
isruc_s1,AFTER,N2,244,0.00280054174414067
isruc_s1,AFTER,N3,134,0.001538002433257581
isruc_s1,AFTER,REM,167,0.0019167642265225076
isruc_s1,AFTER,Wake,136,0.0015609576934554554
isruc_s1,AFTER,N1,61,0.0007001354360351674
isruc_s1,AFTER,N2,294,0.0033744232490875285
isruc_s1,AFTER,N3,134,0.001538002433257581
isruc_s1,AFTER,REM,296,0.003397378509285403
isruc_s1,AFTER,Wake,303,0.0034777219199779628
isruc_s1,AFTER,N1,215,0.0024676904712714917
isruc_s1,AFTER,N2,208,0.002387347060578932
isruc_s1,AFTER,N3,165,0.0018938089663246332
isruc_s1,AFTER,REM,171,0.001962674746918256
isruc_s1,AFTER,Wake,289,0.0033170350985928425
isruc_s1,AFTER,N1,57,0.0006542249156394188
isruc_s1,AFTER,N2,218,0.0025021233615683033
isruc_s1,AFTER,N3,239,0.002743153593645984
isruc_s1,AFTER,REM,104,0.001193673530289466
isruc_s1,AFTER,Wake,61,0.0007001354360351674
isruc_s1,AFTER,N1,97,0.0011133301195969056
isruc_s1,AFTER,N2,174,0.0019971076372150677
isruc_s1,AFTER,N3,217,0.002490645731469366
isruc_s1,AFTER,REM,333,0.003822050822946078
isruc_s1,AFTER,Wake,241,0.0027661088538438582
isruc_s1,AFTER,N1,203,0.002329958910084246
isruc_s1,AFTER,N2,259,0.0029727061956247272
isruc_s1,AFTER,N3,174,0.0019971076372150677
isruc_s1,AFTER,REM,35,0.000401717053462801
isruc_s1,AFTER,Wake,271,0.0031104377568119735
isruc_s1,AFTER,N1,124,0.0014232261322682093
isruc_s1,AFTER,N2,344,0.003948304754034387
isruc_s1,AFTER,N3,72,0.0008263893671234763
isruc_s1,AFTER,REM,71,0.0008149117370245391
isruc_s1,AFTER,Wake,91,0.0010444643390032826
isruc_s1,AFTER,N1,154,0.0017675550352363244
isruc_s1,AFTER,N2,401,0.004602529669673806
isruc_s1,AFTER,N3,118,0.0013543603516745861
isruc_s1,AFTER,REM,113,0.0012969722011799004
isruc_s1,AFTER,Wake,52,0.000596836765144733
isruc_s1,AFTER,N1,224,0.0025709891421619264
isruc_s1,AFTER,N2,466,0.005348575626104722
isruc_s1,AFTER,N3,130,0.0014920919128618322
isruc_s1,AFTER,REM,138,0.0015839129536533297
isruc_s1,AFTER,Wake,244,0.00280054174414067
isruc_s1,AFTER,N1,54,0.0006197920253426072
isruc_s1,AFTER,N2,267,0.0030645272364162248
isruc_s1,AFTER,N3,90,0.0010329867089043454
isruc_s1,AFTER,REM,55,0.0006312696554415444
isruc_s1,AFTER,Wake,78,0.0008952551477170994
isruc_s1,AFTER,N1,163,0.0018708537061267589
isruc_s1,AFTER,N2,331,0.0037990955627482037
isruc_s1,AFTER,N3,175,0.002008585267314005
isruc_s1,AFTER,REM,124,0.0014232261322682093
isruc_s1,AFTER,Wake,306,0.0035121548102747743
isruc_s1,AFTER,N1,88,0.001010031448706471
isruc_s1,AFTER,N2,173,0.0019856300071161305
isruc_s1,AFTER,N3,138,0.0015839129536533297
isruc_s1,AFTER,REM,45,0.0005164933544521727
isruc_s1,AFTER,Wake,287,0.003294079838394968
isruc_s1,AFTER,N1,116,0.001331405091476712
isruc_s1,AFTER,N2,210,0.002410302320776806
isruc_s1,AFTER,N3,131,0.0015035695429607694
isruc_s1,AFTER,REM,233,0.002674287813052361
isruc_s1,AFTER,Wake,198,0.00227257075958956
isruc_s1,AFTER,N1,120,0.0013773156118724605
isruc_s1,AFTER,N2,250,0.002869407524734293
isruc_s1,AFTER,N3,119,0.0013658379817735233
isruc_s1,AFTER,REM,119,0.0013658379817735233
isruc_s1,AFTER,Wake,112,0.0012854945710809632
isruc_s1,AFTER,N1,224,0.0025709891421619264
isruc_s1,AFTER,N2,368,0.004223767876408879
isruc_s1,AFTER,N3,76,0.000872299887519225
isruc_s1,AFTER,REM,152,0.00174459977503845
isruc_s1,AFTER,Wake,318,0.0036498863714620206
isruc_s1,AFTER,N1,140,0.001606868213851204
isruc_s1,AFTER,N2,208,0.002387347060578932
isruc_s1,AFTER,N3,130,0.0014920919128618322
isruc_s1,AFTER,REM,85,0.0009755985584096596
isruc_s1,AFTER,Wake,210,0.002410302320776806
isruc_s1,AFTER,N1,81,0.0009296880380139109
isruc_s1,AFTER,N2,337,0.003867961343341827
isruc_s1,AFTER,N3,228,0.002616899662557675
isruc_s1,AFTER,REM,118,0.0013543603516745861
isruc_s1,AFTER,Wake,260,0.0029841838257236644
isruc_s1,AFTER,N1,111,0.001274016940982026
isruc_s1,AFTER,N2,233,0.002674287813052361
isruc_s1,AFTER,N3,42,0.0004820604641553612
isruc_s1,AFTER,REM,38,0.0004361499437596125
isruc_s1,AFTER,Wake,71,0.0008149117370245391
isruc_s1,AFTER,N1,176,0.002020062897412942
isruc_s1,AFTER,N2,263,0.003018616716020476
isruc_s1,AFTER,N3,144,0.0016527787342469527
isruc_s1,AFTER,REM,93,0.001067419599201157
isruc_s1,AFTER,Wake,90,0.0010329867089043454
isruc_s1,AFTER,N1,135,0.0015494800633565182
isruc_s1,AFTER,N2,365,0.004189334986112067
isruc_s1,AFTER,N3,173,0.0019856300071161305
isruc_s1,AFTER,REM,169,0.001939719486720382
isruc_s1,AFTER,Wake,138,0.0015839129536533297
isruc_s1,AFTER,N1,101,0.0011592406399926543
isruc_s1,AFTER,N2,300,0.0034432890296811516
isruc_s1,AFTER,N3,193,0.002215182609094874
isruc_s1,AFTER,REM,170,0.0019511971168193192
isruc_s1,AFTER,Wake,138,0.0015839129536533297
isruc_s1,AFTER,N1,67,0.0007690012166287905
isruc_s1,AFTER,N2,386,0.004430365218189748
isruc_s1,AFTER,N3,129,0.001480614282762895
isruc_s1,AFTER,REM,143,0.0016413011041480155
isruc_s1,AFTER,Wake,264,0.003030094346119413
isruc_s1,AFTER,N1,168,0.0019282418566214448
isruc_s1,AFTER,N2,211,0.0024217799508757434
isruc_s1,AFTER,N3,115,0.0013199274613777748
isruc_s1,AFTER,REM,58,0.000665702545738356
isruc_s1,AFTER,Wake,206,0.0023643918003810574
isruc_s1,AFTER,N1,71,0.0008149117370245391
isruc_s1,AFTER,N2,212,0.0024332575809746806
isruc_s1,AFTER,N3,206,0.0023643918003810574
isruc_s1,AFTER,REM,145,0.0016642563643458899
isruc_s1,AFTER,Wake,175,0.002008585267314005
isruc_s1,AFTER,N1,84,0.0009641209283107224
isruc_s1,AFTER,N2,244,0.00280054174414067
isruc_s1,AFTER,N3,222,0.002548033881964052
isruc_s1,AFTER,REM,68,0.0007804788467277277
isruc_s1,AFTER,Wake,107,0.0012281064205862773
isruc_s1,AFTER,N1,38,0.0004361499437596125
isruc_s1,AFTER,N2,327,0.003753185042352455
isruc_s1,AFTER,N3,206,0.0023643918003810574
isruc_s1,AFTER,REM,227,0.002605422032458738
isruc_s1,AFTER,Wake,197,0.0022610931294906227
isruc_s1,AFTER,N1,69,0.0007919564768266649
isruc_s1,AFTER,N2,345,0.003959782384133324
isruc_s1,AFTER,N3,148,0.0016986892546427014
isruc_s1,AFTER,REM,97,0.0011133301195969056
isruc_s1,AFTER,Wake,162,0.0018593760760278219
isruc_s1,AFTER,N1,101,0.0011592406399926543
isruc_s1,AFTER,N2,279,0.003202258797603471
isruc_s1,AFTER,N3,276,0.0031678259073066595
isruc_s1,AFTER,REM,94,0.0010788972293000942
isruc_s1,AFTER,Wake,29,0.000332851272869178
isruc_s1,AFTER,N1,74,0.0008493446273213507
isruc_s1,AFTER,N2,373,0.004281156026903565
isruc_s1,AFTER,N3,257,0.0029497509354268533
isruc_s1,AFTER,REM,177,0.0020315405275118793
isruc_s1,AFTER,Wake,189,0.0021692720886991256
isruc_s1,AFTER,N1,81,0.0009296880380139109
isruc_s1,AFTER,N2,204,0.002341436540183183
isruc_s1,AFTER,N3,307,0.0035236324403737115
isruc_s1,AFTER,REM,0,0.0
isruc_s1,AFTER,Wake,94,0.0010788972293000942
isruc_s1,AFTER,N1,88,0.001010031448706471
isruc_s1,AFTER,N2,364,0.0041778573560131305
isruc_s1,AFTER,N3,199,0.002284048389688497
isruc_s1,AFTER,REM,134,0.001538002433257581
isruc_s1,AFTER,Wake,231,0.0026513325528544868
isruc_s1,AFTER,N1,126,0.0014461813924660837
isruc_s1,AFTER,N2,315,0.003615453481165209
isruc_s1,AFTER,N3,150,0.0017216445148405758
isruc_s1,AFTER,REM,129,0.001480614282762895
isruc_s1,AFTER,Wake,101,0.0011592406399926543
isruc_s1,AFTER,N1,69,0.0007919564768266649
isruc_s1,AFTER,N2,281,0.003225214057801345
isruc_s1,AFTER,N3,401,0.004602529669673806
isruc_s1,AFTER,REM,105,0.001205151160388403
isruc_s1,AFTER,Wake,94,0.0010788972293000942
isruc_s1,AFTER,N1,196,0.0022496154993916855
isruc_s1,AFTER,N2,421,0.004832082271652549
isruc_s1,AFTER,N3,131,0.0015035695429607694
isruc_s1,AFTER,REM,123,0.001411748502169272
isruc_s1,AFTER,Wake,122,0.001400270872070335
isruc_s1,AFTER,N1,175,0.002008585267314005
isruc_s1,AFTER,N2,217,0.002490645731469366
isruc_s1,AFTER,N3,277,0.0031793035374055967
isruc_s1,AFTER,REM,151,0.0017331221449395128
isruc_s1,AFTER,Wake,169,0.001939719486720382
isruc_s1,AFTER,N1,89,0.0010215090788054083
isruc_s1,AFTER,N2,292,0.003351467988889654
isruc_s1,AFTER,N3,233,0.002674287813052361
isruc_s1,AFTER,REM,133,0.0015265248031586438
isruc_s1,AFTER,Wake,202,0.0023184812799853086
isruc_s1,AFTER,N1,103,0.0011821959001905287
isruc_s1,AFTER,N2,249,0.0028579298946353558
isruc_s1,AFTER,N3,221,0.002536556251865115
isruc_s1,AFTER,REM,77,0.0008837775176181622
isruc_s1,AFTER,Wake,87,0.0009985538186075339
isruc_s1,AFTER,N1,116,0.001331405091476712
isruc_s1,AFTER,N2,320,0.003672841631659895
isruc_s1,AFTER,N3,216,0.002479168101370429
isruc_s1,AFTER,REM,125,0.0014347037623671465
isruc_s1,AFTER,Wake,217,0.002490645731469366
isruc_s1,AFTER,N1,154,0.0017675550352363244
isruc_s1,AFTER,N2,317,0.0036384087413630834
isruc_s1,AFTER,N3,101,0.0011592406399926543
isruc_s1,AFTER,REM,81,0.0009296880380139109
isruc_s1,AFTER,Wake,212,0.0024332575809746806
isruc_s1,AFTER,N1,245,0.002812019374239607
isruc_s1,AFTER,N2,171,0.001962674746918256
isruc_s1,AFTER,N3,179,0.0020544957877097537
isruc_s1,AFTER,REM,85,0.0009755985584096596
isruc_s1,AFTER,Wake,98,0.0011248077496958428
isruc_s1,AFTER,N1,50,0.0005738815049468586
isruc_s1,AFTER,N2,225,0.0025824667722608636
isruc_s1,AFTER,N3,417,0.0047861717512568
isruc_s1,AFTER,REM,134,0.001538002433257581
isruc_s1,AFTER,Wake,258,0.00296122856552579
isruc_s1,AFTER,N1,152,0.00174459977503845
isruc_s1,AFTER,N2,198,0.00227257075958956
isruc_s1,AFTER,N3,147,0.0016872116245437642
isruc_s1,AFTER,REM,90,0.0010329867089043454
isruc_s1,AFTER,Wake,77,0.0008837775176181622
isruc_s1,AFTER,N1,132,0.0015150471730597066
isruc_s1,AFTER,N2,279,0.003202258797603471
isruc_s1,AFTER,N3,193,0.002215182609094874
isruc_s1,AFTER,REM,181,0.002077451047907628
isruc_s1,AFTER,Wake,130,0.0014920919128618322
isruc_s1,AFTER,N1,159,0.0018249431857310103
isruc_s1,AFTER,N2,335,0.0038450060831439524
isruc_s1,AFTER,N3,193,0.002215182609094874
isruc_s1,AFTER,REM,139,0.001595390583752267
isruc_s1,AFTER,Wake,33,0.00037876179326492665
isruc_s1,AFTER,N1,27,0.0003098960126713036
isruc_s1,AFTER,N2,223,0.0025595115120629892
isruc_s1,AFTER,N3,298,0.0034203337694832772
isruc_s1,AFTER,REM,234,0.0026857654431512983
isruc_s1,AFTER,Wake,259,0.0029727061956247272
isruc_s1,AFTER,N1,199,0.002284048389688497
isruc_s1,AFTER,N2,248,0.0028464522645364186
isruc_s1,AFTER,N3,76,0.000872299887519225
isruc_s1,AFTER,REM,111,0.001274016940982026
isruc_s1,AFTER,Wake,109,0.0012510616807841516
isruc_s1,AFTER,N1,165,0.0018938089663246332
isruc_s1,AFTER,N2,382,0.004384454697793999
isruc_s1,AFTER,N3,81,0.0009296880380139109
isruc_s1,AFTER,REM,92,0.0010559419691022198
isruc_s1,AFTER,Wake,277,0.0031793035374055967
isruc_s1,AFTER,N1,115,0.0013199274613777748
isruc_s1,AFTER,N2,224,0.0025709891421619264
isruc_s1,AFTER,N3,135,0.0015494800633565182
isruc_s1,AFTER,REM,121,0.0013887932419713977
isruc_s1,AFTER,Wake,223,0.0025595115120629892
isruc_s1,AFTER,N1,177,0.0020315405275118793
isruc_s1,AFTER,N2,319,0.003661364001560958
isruc_s1,AFTER,N3,167,0.0019167642265225076
isruc_s1,AFTER,REM,111,0.001274016940982026
isruc_s1,AFTER,Wake,371,0.0042582007667056904
isruc_s1,AFTER,N1,85,0.0009755985584096596
isruc_s1,AFTER,N2,275,0.0031563482772077223
isruc_s1,AFTER,N3,81,0.0009296880380139109
isruc_s1,AFTER,REM,81,0.0009296880380139109
isruc_s1,AFTER,Wake,254,0.0029153180451300417
isruc_s1,AFTER,N1,165,0.0018938089663246332
isruc_s1,AFTER,N2,234,0.0026857654431512983
isruc_s1,AFTER,N3,168,0.0019282418566214448
isruc_s1,AFTER,REM,77,0.0008837775176181622
isruc_s1,AFTER,Wake,34,0.00039023942336386384
isruc_s1,AFTER,N1,41,0.000470582834056424
isruc_s1,AFTER,N2,457,0.005245276955214287
isruc_s1,AFTER,N3,188,0.0021577944586001884
isruc_s1,AFTER,REM,130,0.0014920919128618322
isruc_s1,AFTER,Wake,82,0.000941165668112848
isruc_s1,AFTER,N1,149,0.0017101668847416386
isruc_s1,AFTER,N2,352,0.004040125794825884
isruc_s1,AFTER,N3,168,0.0019282418566214448
isruc_s1,AFTER,REM,54,0.0006197920253426072
isruc_s1,AFTER,Wake,234,0.0026857654431512983
isruc_s1,AFTER,N1,69,0.0007919564768266649
isruc_s1,AFTER,N2,252,0.0028923627849321673
isruc_s1,AFTER,N3,205,0.0023529141702821202
isruc_s1,AFTER,REM,134,0.001538002433257581
isruc_s1,AFTER,Wake,58,0.000665702545738356
isruc_s1,AFTER,N1,151,0.0017331221449395128
isruc_s1,AFTER,N2,377,0.004327066547299314
isruc_s1,AFTER,N3,150,0.0017216445148405758
isruc_s1,AFTER,REM,144,0.0016527787342469527
isruc_s1,AFTER,Wake,119,0.0013658379817735233
isruc_s1,AFTER,N1,171,0.001962674746918256
isruc_s1,AFTER,N2,362,0.004154902095815256
isruc_s1,AFTER,N3,179,0.0020544957877097537
isruc_s1,AFTER,REM,58,0.000665702545738356
isruc_s1,AFTER,Wake,367,0.004212290246309942
isruc_s1,AFTER,N1,96,0.0011018524894979684
isruc_s1,AFTER,N2,208,0.002387347060578932
isruc_s1,AFTER,N3,187,0.0021463168285012512
isruc_s1,AFTER,REM,53,0.0006083143952436701
isruc_s1,AFTER,Wake,162,0.0018593760760278219
isruc_s1,AFTER,N1,111,0.001274016940982026
isruc_s1,AFTER,N2,282,0.003236691687900282
isruc_s1,AFTER,N3,205,0.0023529141702821202
isruc_s1,AFTER,REM,122,0.001400270872070335
isruc_s1,AFTER,Wake,227,0.002605422032458738
isruc_s1,AFTER,N1,93,0.001067419599201157
isruc_s1,AFTER,N2,350,0.00401717053462801
isruc_s1,AFTER,N3,115,0.0013199274613777748
isruc_s1,AFTER,REM,140,0.001606868213851204
isruc_s1,AFTER,Wake,121,0.0013887932419713977
isruc_s1,AFTER,N1,56,0.0006427472855404816
isruc_s1,AFTER,N2,292,0.003351467988889654
isruc_s1,AFTER,N3,345,0.003959782384133324
isruc_s1,AFTER,REM,149,0.0017101668847416386
isruc_s1,AFTER,Wake,130,0.0014920919128618322
isruc_s1,AFTER,N1,85,0.0009755985584096596
isruc_s1,AFTER,N2,358,0.004108991575419507
isruc_s1,AFTER,N3,196,0.0022496154993916855
isruc_s1,AFTER,REM,127,0.0014576590225650209
isruc_s1,AFTER,Wake,180,0.002065973417808691
isruc_s1,AFTER,N1,137,0.0015724353235543925
isruc_s1,AFTER,N2,390,0.004476275738585497
isruc_s1,AFTER,N3,128,0.001469136652663958
isruc_s1,AFTER,REM,129,0.001480614282762895
isruc_s1,AFTER,Wake,180,0.002065973417808691
isruc_s1,AFTER,N1,64,0.000734568326331979
isruc_s1,AFTER,N2,344,0.003948304754034387
isruc_s1,AFTER,N3,180,0.002065973417808691
isruc_s1,AFTER,REM,158,0.0018134655556320731
isruc_s1,AFTER,Wake,203,0.002329958910084246
isruc_s1,AFTER,N1,123,0.001411748502169272
isruc_s1,AFTER,N2,354,0.004063081055023759
isruc_s1,AFTER,N3,255,0.002926795675228979
isruc_s1,AFTER,REM,8,9.182104079149738e-05
isruc_s1,AFTER,Wake,333,0.003822050822946078
isruc_s1,AFTER,N1,87,0.0009985538186075339
isruc_s1,AFTER,N2,269,0.003087482496614099
isruc_s1,AFTER,N3,172,0.0019741523770171934
isruc_s1,AFTER,REM,91,0.0010444643390032826
isruc_s1,AFTER,Wake,59,0.0006771801758372931
isruc_s1,AFTER,N1,167,0.0019167642265225076
isruc_s1,AFTER,N2,408,0.004682873080366366
isruc_s1,AFTER,N3,197,0.0022610931294906227
isruc_s1,AFTER,REM,102,0.0011707182700915915
isruc_s1,AFTER,Wake,143,0.0016413011041480155
isruc_s1,AFTER,N1,124,0.0014232261322682093
isruc_s1,AFTER,N2,352,0.004040125794825884
isruc_s1,AFTER,N3,177,0.0020315405275118793
isruc_s1,AFTER,REM,194,0.002226660239193811
isruc_s1,AFTER,Wake,93,0.001067419599201157
isruc_s1,AFTER,N1,54,0.0006197920253426072
isruc_s1,AFTER,N2,375,0.004304111287101439
isruc_s1,AFTER,N3,209,0.002398824690677869
isruc_s1,AFTER,REM,73,0.0008378669972224135
isruc_s1,AFTER,Wake,56,0.0006427472855404816
isruc_s1,AFTER,N1,152,0.00174459977503845
isruc_s1,AFTER,N2,372,0.004269678396804628
isruc_s1,AFTER,N3,158,0.0018134655556320731
isruc_s1,AFTER,REM,132,0.0015150471730597066
isruc_s1,AFTER,Wake,215,0.0024676904712714917
isruc_s1,AFTER,N1,75,0.0008608222574202879
isruc_s1,AFTER,N2,308,0.0035351100704726487
isruc_s1,AFTER,N3,129,0.001480614282762895
isruc_s1,AFTER,REM,119,0.0013658379817735233
isruc_s1,AFTER,Wake,152,0.00174459977503845
isruc_s1,AFTER,N1,176,0.002020062897412942
isruc_s1,AFTER,N2,245,0.002812019374239607
isruc_s1,AFTER,N3,132,0.0015150471730597066
isruc_s1,AFTER,REM,160,0.0018364208158299475
isruc_s1,AFTER,Wake,148,0.0016986892546427014
isruc_s1,AFTER,N1,58,0.000665702545738356
isruc_s1,AFTER,N2,317,0.0036384087413630834
isruc_s1,AFTER,N3,199,0.002284048389688497
isruc_s1,AFTER,REM,136,0.0015609576934554554
isruc_s1,AFTER,Wake,199,0.002284048389688497
isruc_s1,AFTER,N1,92,0.0010559419691022198
isruc_s1,AFTER,N2,212,0.0024332575809746806
isruc_s1,AFTER,N3,261,0.0029956614558226016
isruc_s1,AFTER,REM,148,0.0016986892546427014
isruc_s1,AFTER,Wake,142,0.0016298234740490783
isruc_s1,AFTER,N1,147,0.0016872116245437642
isruc_s1,AFTER,N2,333,0.003822050822946078
isruc_s1,AFTER,N3,141,0.001618345843950141
isruc_s1,AFTER,REM,136,0.0015609576934554554
isruc_s1,AFTER,Wake,64,0.000734568326331979
isruc_s1,AFTER,N1,20,0.00022955260197874344
isruc_s1,AFTER,N2,327,0.003753185042352455
isruc_s1,AFTER,N3,229,0.0026283772926566124
isruc_s1,AFTER,REM,195,0.0022381378692927483
isruc_s1,AFTER,Wake,77,0.0008837775176181622
isruc_s1,AFTER,N1,151,0.0017331221449395128
isruc_s1,AFTER,N2,329,0.0037761403025503293
isruc_s1,AFTER,N3,173,0.0019856300071161305
isruc_s1,AFTER,REM,131,0.0015035695429607694
isruc_s1,BEFORE,Wake,264,0.0029559297742744535
isruc_s1,BEFORE,N1,73,0.0008173593694016482
isruc_s1,BEFORE,N2,194,0.0021721605159441063
isruc_s1,BEFORE,N3,231,0.002586438552490147
isruc_s1,BEFORE,REM,118,0.0013212110354711573
isruc_s1,BEFORE,Wake,245,0.0027431924041562165
isruc_s1,BEFORE,N1,115,0.0012876209243998567
isruc_s1,BEFORE,N2,345,0.0038628627731995702
isruc_s1,BEFORE,N3,157,0.0017578824793980652
isruc_s1,BEFORE,REM,102,0.0011420637764242207
isruc_s1,BEFORE,Wake,132,0.0014779648871372268
isruc_s1,BEFORE,N1,165,0.0018474561089215334
isruc_s1,BEFORE,N2,246,0.00275438910784665
isruc_s1,BEFORE,N3,173,0.0019370297384450018
isruc_s1,BEFORE,REM,227,0.002541651737728413
isruc_s1,BEFORE,Wake,28,0.00031350770333213904
isruc_s1,BEFORE,N1,65,0.0007277857398781799
isruc_s1,BEFORE,N2,426,0.0047697957721246865
isruc_s1,BEFORE,N3,214,0.0023960945897527767
isruc_s1,BEFORE,REM,230,0.0025752418487997135
isruc_s1,BEFORE,Wake,296,0.0033142242923683268
isruc_s1,BEFORE,N1,108,0.001209243998566822
isruc_s1,BEFORE,N2,265,0.0029671264779648873
isruc_s1,BEFORE,N3,164,0.0018362594052311
isruc_s1,BEFORE,REM,42,0.00047026155499820855
isruc_s1,BEFORE,Wake,722,0.008084020064493012
isruc_s1,BEFORE,N1,16,0.00017914725904693657
isruc_s1,BEFORE,N2,60,0.0006718022214260122
isruc_s1,BEFORE,N3,99,0.0011084736653529201
isruc_s1,BEFORE,REM,0,0.0
isruc_s1,BEFORE,Wake,134,0.001500358294518094
isruc_s1,BEFORE,N1,171,0.0019146363310641348
isruc_s1,BEFORE,N2,205,0.002295324256538875
isruc_s1,BEFORE,N3,234,0.0026200286635614475
isruc_s1,BEFORE,REM,189,0.0021161769974919384
isruc_s1,BEFORE,Wake,221,0.0024744715155858117
isruc_s1,BEFORE,N1,126,0.0014107846649946256
isruc_s1,BEFORE,N2,281,0.0031462737370118237
isruc_s1,BEFORE,N3,214,0.0023960945897527767
isruc_s1,BEFORE,REM,62,0.0006941956288068793
isruc_s1,BEFORE,Wake,150,0.0016795055535650304
isruc_s1,BEFORE,N1,173,0.0019370297384450018
isruc_s1,BEFORE,N2,341,0.003818075958437836
isruc_s1,BEFORE,N3,159,0.0017802758867789322
isruc_s1,BEFORE,REM,146,0.0016347187388032964
isruc_s1,BEFORE,Wake,320,0.0035829451809387316
isruc_s1,BEFORE,N1,90,0.0010077033321390183
isruc_s1,BEFORE,N2,308,0.003448584736653529
isruc_s1,BEFORE,N3,96,0.0010748835542816195
isruc_s1,BEFORE,REM,28,0.00031350770333213904
isruc_s1,BEFORE,Wake,331,0.0037061089215335006
isruc_s1,BEFORE,N1,96,0.0010748835542816195
isruc_s1,BEFORE,N2,274,0.003067896811178789
isruc_s1,BEFORE,N3,209,0.0023401110713006093
isruc_s1,BEFORE,REM,87,0.0009741132210677177
isruc_s1,BEFORE,Wake,167,0.0018698495163024006
isruc_s1,BEFORE,N1,79,0.0008845395915442494
isruc_s1,BEFORE,N2,149,0.001668308849874597
isruc_s1,BEFORE,N3,334,0.003739699032604801
isruc_s1,BEFORE,REM,121,0.001354801146542458
isruc_s1,BEFORE,Wake,651,0.007289054102472232
isruc_s1,BEFORE,N1,111,0.0012428341096381225
isruc_s1,BEFORE,N2,39,0.0004366714439269079
isruc_s1,BEFORE,N3,64,0.0007165890361877463
isruc_s1,BEFORE,REM,17,0.00019034396273737012
isruc_s1,BEFORE,Wake,460,0.005150483697599427
isruc_s1,BEFORE,N1,112,0.0012540308133285561
isruc_s1,BEFORE,N2,181,0.00202660336796847
isruc_s1,BEFORE,N3,104,0.0011644571838050877
isruc_s1,BEFORE,REM,49,0.0005486384808312433
isruc_s1,BEFORE,Wake,193,0.0021609638122536724
isruc_s1,BEFORE,N1,85,0.0009517198136868506
isruc_s1,BEFORE,N2,158,0.0017690791830884988
isruc_s1,BEFORE,N3,181,0.00202660336796847
isruc_s1,BEFORE,REM,169,0.0018922429236832676
isruc_s1,BEFORE,Wake,157,0.0017578824793980652
isruc_s1,BEFORE,N1,154,0.0017242923683267646
isruc_s1,BEFORE,N2,329,0.0036837155141526334
isruc_s1,BEFORE,N3,120,0.0013436044428520243
isruc_s1,BEFORE,REM,123,0.001377194553923325
isruc_s1,BEFORE,Wake,376,0.00420996058760301
isruc_s1,BEFORE,N1,159,0.0017802758867789322
isruc_s1,BEFORE,N2,212,0.00237370118237191
isruc_s1,BEFORE,N3,55,0.0006158187029738445
isruc_s1,BEFORE,REM,49,0.0005486384808312433
isruc_s1,BEFORE,Wake,136,0.001522751701898961
isruc_s1,BEFORE,N1,108,0.001209243998566822
isruc_s1,BEFORE,N2,438,0.004904156216409889
isruc_s1,BEFORE,N3,154,0.0017242923683267646
isruc_s1,BEFORE,REM,163,0.0018250627015406664
isruc_s1,BEFORE,Wake,338,0.003784485847366535
isruc_s1,BEFORE,N1,150,0.0016795055535650304
isruc_s1,BEFORE,N2,191,0.0021385704048728056
isruc_s1,BEFORE,N3,68,0.0007613758509494805
isruc_s1,BEFORE,REM,81,0.0009069329989251164
isruc_s1,BEFORE,Wake,271,0.0030343067001074885
isruc_s1,BEFORE,N1,98,0.0010972769616624865
isruc_s1,BEFORE,N2,152,0.0017018989609458976
isruc_s1,BEFORE,N3,309,0.0034597814403439626
isruc_s1,BEFORE,REM,120,0.0013436044428520243
isruc_s1,BEFORE,Wake,377,0.004221157291293443
isruc_s1,BEFORE,N1,137,0.0015339484055893946
isruc_s1,BEFORE,N2,180,0.0020154066642780366
isruc_s1,BEFORE,N3,141,0.0015787352203511286
isruc_s1,BEFORE,REM,219,0.0024520781082049445
isruc_s1,BEFORE,Wake,306,0.003426191329272662
isruc_s1,BEFORE,N1,67,0.000750179147259047
isruc_s1,BEFORE,N2,301,0.0033702078108204946
isruc_s1,BEFORE,N3,107,0.0011980472948763883
isruc_s1,BEFORE,REM,68,0.0007613758509494805
isruc_s1,BEFORE,Wake,266,0.0029783231816553207
isruc_s1,BEFORE,N1,114,0.0012764242207094231
isruc_s1,BEFORE,N2,312,0.003493371551415263
isruc_s1,BEFORE,N3,65,0.0007277857398781799
isruc_s1,BEFORE,REM,135,0.0015115549982085274
isruc_s1,BEFORE,Wake,200,0.0022393407380867075
isruc_s1,BEFORE,N1,85,0.0009517198136868506
isruc_s1,BEFORE,N2,244,0.0027319957004657827
isruc_s1,BEFORE,N3,134,0.001500358294518094
isruc_s1,BEFORE,REM,167,0.0018698495163024006
isruc_s1,BEFORE,Wake,136,0.001522751701898961
isruc_s1,BEFORE,N1,61,0.0006829989251164457
isruc_s1,BEFORE,N2,294,0.0032918308849874595
isruc_s1,BEFORE,N3,134,0.001500358294518094
isruc_s1,BEFORE,REM,296,0.0033142242923683268
isruc_s1,BEFORE,Wake,303,0.0033926012182013614
isruc_s1,BEFORE,N1,215,0.0024072912934432105
isruc_s1,BEFORE,N2,208,0.0023289143676101754
isruc_s1,BEFORE,N3,165,0.0018474561089215334
isruc_s1,BEFORE,REM,171,0.0019146363310641348
isruc_s1,BEFORE,Wake,300,0.0033590111071300608
isruc_s1,BEFORE,N1,57,0.0006382121103547116
isruc_s1,BEFORE,N2,218,0.002440881404514511
isruc_s1,BEFORE,N3,239,0.0026760121820136153
isruc_s1,BEFORE,REM,104,0.0011644571838050877
isruc_s1,BEFORE,Wake,61,0.0006829989251164457
isruc_s1,BEFORE,N1,97,0.0010860802579720531
isruc_s1,BEFORE,N2,174,0.0019482264421354354
isruc_s1,BEFORE,N3,217,0.0024296847008240773
isruc_s1,BEFORE,REM,333,0.003728502328914368
isruc_s1,BEFORE,Wake,241,0.002698405589394482
isruc_s1,BEFORE,N1,203,0.002272930849158008
isruc_s1,BEFORE,N2,259,0.002899946255822286
isruc_s1,BEFORE,N3,174,0.0019482264421354354
isruc_s1,BEFORE,REM,35,0.0003918846291651738
isruc_s1,BEFORE,Wake,271,0.0030343067001074885
isruc_s1,BEFORE,N1,124,0.0013883912576137586
isruc_s1,BEFORE,N2,344,0.0038516660695091364
isruc_s1,BEFORE,N3,72,0.0008061626657112146
isruc_s1,BEFORE,REM,71,0.0007949659620207811
isruc_s1,BEFORE,Wake,91,0.0010189000358294517
isruc_s1,BEFORE,N1,154,0.0017242923683267646
isruc_s1,BEFORE,N2,401,0.004489878179863848
isruc_s1,BEFORE,N3,118,0.0013212110354711573
isruc_s1,BEFORE,REM,113,0.0012652275170189895
isruc_s1,BEFORE,Wake,52,0.0005822285919025439
isruc_s1,BEFORE,N1,224,0.0025080616266571123
isruc_s1,BEFORE,N2,466,0.005217663919742028
isruc_s1,BEFORE,N3,130,0.0014555714797563598
isruc_s1,BEFORE,REM,138,0.001545145109279828
isruc_s1,BEFORE,Wake,454,0.005083303475456826
isruc_s1,BEFORE,N1,54,0.000604621999283411
isruc_s1,BEFORE,N2,267,0.002989519885345754
isruc_s1,BEFORE,N3,90,0.0010077033321390183
isruc_s1,BEFORE,REM,55,0.0006158187029738445
isruc_s1,BEFORE,Wake,78,0.0008733428878538158
isruc_s1,BEFORE,N1,163,0.0018250627015406664
isruc_s1,BEFORE,N2,331,0.0037061089215335006
isruc_s1,BEFORE,N3,175,0.001959423145825869
isruc_s1,BEFORE,REM,124,0.0013883912576137586
isruc_s1,BEFORE,Wake,344,0.0038516660695091364
isruc_s1,BEFORE,N1,88,0.000985309924758151
isruc_s1,BEFORE,N2,173,0.0019370297384450018
isruc_s1,BEFORE,N3,138,0.001545145109279828
isruc_s1,BEFORE,REM,45,0.0005038516660695092
isruc_s1,BEFORE,Wake,297,0.00332542099605876
isruc_s1,BEFORE,N1,116,0.0012988176280902901
isruc_s1,BEFORE,N2,210,0.0023513077749910427
isruc_s1,BEFORE,N3,131,0.0014667681834467934
isruc_s1,BEFORE,REM,233,0.002608831959871014
isruc_s1,BEFORE,Wake,198,0.0022169473307058402
isruc_s1,BEFORE,N1,120,0.0013436044428520243
isruc_s1,BEFORE,N2,250,0.002799175922608384
isruc_s1,BEFORE,N3,119,0.0013324077391615907
isruc_s1,BEFORE,REM,119,0.0013324077391615907
isruc_s1,BEFORE,Wake,112,0.0012540308133285561
isruc_s1,BEFORE,N1,224,0.0025080616266571123
isruc_s1,BEFORE,N2,368,0.004120386958079541
isruc_s1,BEFORE,N3,76,0.0008509494804729488
isruc_s1,BEFORE,REM,152,0.0017018989609458976
isruc_s1,BEFORE,Wake,337,0.003773289143676102
isruc_s1,BEFORE,N1,140,0.0015675385166606952
isruc_s1,BEFORE,N2,208,0.0023289143676101754
isruc_s1,BEFORE,N3,130,0.0014555714797563598
isruc_s1,BEFORE,REM,85,0.0009517198136868506
isruc_s1,BEFORE,Wake,210,0.0023513077749910427
isruc_s1,BEFORE,N1,81,0.0009069329989251164
isruc_s1,BEFORE,N2,337,0.003773289143676102
isruc_s1,BEFORE,N3,228,0.0025528484414188463
isruc_s1,BEFORE,REM,118,0.0013212110354711573
isruc_s1,BEFORE,Wake,388,0.0043443210318882125
isruc_s1,BEFORE,N1,111,0.0012428341096381225
isruc_s1,BEFORE,N2,233,0.002608831959871014
isruc_s1,BEFORE,N3,42,0.00047026155499820855
isruc_s1,BEFORE,REM,38,0.0004254747402364744
isruc_s1,BEFORE,Wake,71,0.0007949659620207811
isruc_s1,BEFORE,N1,176,0.001970619849516302
isruc_s1,BEFORE,N2,263,0.00294473307058402
isruc_s1,BEFORE,N3,144,0.0016123253314224292
isruc_s1,BEFORE,REM,93,0.001041293443210319
isruc_s1,BEFORE,Wake,90,0.0010077033321390183
isruc_s1,BEFORE,N1,135,0.0015115549982085274
isruc_s1,BEFORE,N2,365,0.004086796847008241
isruc_s1,BEFORE,N3,173,0.0019370297384450018
isruc_s1,BEFORE,REM,169,0.0018922429236832676
isruc_s1,BEFORE,Wake,142,0.0015899319240415622
isruc_s1,BEFORE,N1,101,0.0011308670727337871
isruc_s1,BEFORE,N2,300,0.0033590111071300608
isruc_s1,BEFORE,N3,193,0.0021609638122536724
isruc_s1,BEFORE,REM,170,0.0019034396273737012
isruc_s1,BEFORE,Wake,138,0.001545145109279828
isruc_s1,BEFORE,N1,67,0.000750179147259047
isruc_s1,BEFORE,N2,386,0.004321927624507345
isruc_s1,BEFORE,N3,129,0.0014443747760659262
isruc_s1,BEFORE,REM,143,0.0016011286277319958
isruc_s1,BEFORE,Wake,286,0.0032022572554639916
isruc_s1,BEFORE,N1,168,0.0018810462199928342
isruc_s1,BEFORE,N2,211,0.002362504478681476
isruc_s1,BEFORE,N3,115,0.0012876209243998567
isruc_s1,BEFORE,REM,58,0.0006494088140451451
isruc_s1,BEFORE,Wake,347,0.003885256180580437
isruc_s1,BEFORE,N1,71,0.0007949659620207811
isruc_s1,BEFORE,N2,212,0.00237370118237191
isruc_s1,BEFORE,N3,206,0.0023065209602293087
isruc_s1,BEFORE,REM,145,0.0016235220351128628
isruc_s1,BEFORE,Wake,175,0.001959423145825869
isruc_s1,BEFORE,N1,84,0.0009405231099964171
isruc_s1,BEFORE,N2,244,0.0027319957004657827
isruc_s1,BEFORE,N3,222,0.002485668219276245
isruc_s1,BEFORE,REM,68,0.0007613758509494805
isruc_s1,BEFORE,Wake,107,0.0011980472948763883
isruc_s1,BEFORE,N1,38,0.0004254747402364744
isruc_s1,BEFORE,N2,327,0.003661322106771766
isruc_s1,BEFORE,N3,206,0.0023065209602293087
isruc_s1,BEFORE,REM,227,0.002541651737728413
isruc_s1,BEFORE,Wake,197,0.002205750627015407
isruc_s1,BEFORE,N1,69,0.000772572554639914
isruc_s1,BEFORE,N2,345,0.0038628627731995702
isruc_s1,BEFORE,N3,148,0.0016571121461841634
isruc_s1,BEFORE,REM,97,0.0010860802579720531
isruc_s1,BEFORE,Wake,162,0.0018138659978502328
isruc_s1,BEFORE,N1,101,0.0011308670727337871
isruc_s1,BEFORE,N2,279,0.0031238803296309565
isruc_s1,BEFORE,N3,276,0.003090290218559656
isruc_s1,BEFORE,REM,94,0.0010524901469007525
isruc_s1,BEFORE,Wake,29,0.00032470440702257253
isruc_s1,BEFORE,N1,74,0.0008285560730920817
isruc_s1,BEFORE,N2,373,0.0041763704765317095
isruc_s1,BEFORE,N3,257,0.002877552848441419
isruc_s1,BEFORE,REM,177,0.001981816553206736
isruc_s1,BEFORE,Wake,222,0.002485668219276245
isruc_s1,BEFORE,N1,81,0.0009069329989251164
isruc_s1,BEFORE,N2,204,0.0022841275528484415
isruc_s1,BEFORE,N3,307,0.003437388032963096
isruc_s1,BEFORE,REM,0,0.0
isruc_s1,BEFORE,Wake,94,0.0010524901469007525
isruc_s1,BEFORE,N1,88,0.000985309924758151
isruc_s1,BEFORE,N2,364,0.004075600143317807
isruc_s1,BEFORE,N3,199,0.0022281440343962736
isruc_s1,BEFORE,REM,134,0.001500358294518094
isruc_s1,BEFORE,Wake,236,0.0026424220709423147
isruc_s1,BEFORE,N1,126,0.0014107846649946256
isruc_s1,BEFORE,N2,315,0.0035269616624865638
isruc_s1,BEFORE,N3,150,0.0016795055535650304
isruc_s1,BEFORE,REM,129,0.0014443747760659262
isruc_s1,BEFORE,Wake,151,0.001690702257255464
isruc_s1,BEFORE,N1,69,0.000772572554639914
isruc_s1,BEFORE,N2,281,0.0031462737370118237
isruc_s1,BEFORE,N3,401,0.004489878179863848
isruc_s1,BEFORE,REM,105,0.0011756538874955213
isruc_s1,BEFORE,Wake,94,0.0010524901469007525
isruc_s1,BEFORE,N1,196,0.002194553923324973
isruc_s1,BEFORE,N2,421,0.004713812253672519
isruc_s1,BEFORE,N3,131,0.0014667681834467934
isruc_s1,BEFORE,REM,123,0.001377194553923325
isruc_s1,BEFORE,Wake,122,0.0013659978502328913
isruc_s1,BEFORE,N1,175,0.001959423145825869
isruc_s1,BEFORE,N2,217,0.0024296847008240773
isruc_s1,BEFORE,N3,277,0.0031014869222500898
isruc_s1,BEFORE,REM,151,0.001690702257255464
isruc_s1,BEFORE,Wake,169,0.0018922429236832676
isruc_s1,BEFORE,N1,89,0.0009965066284485847
isruc_s1,BEFORE,N2,292,0.0032694374776065928
isruc_s1,BEFORE,N3,233,0.002608831959871014
isruc_s1,BEFORE,REM,133,0.0014891615908276604
isruc_s1,BEFORE,Wake,202,0.0022617341454675742
isruc_s1,BEFORE,N1,103,0.0011532604801146543
isruc_s1,BEFORE,N2,249,0.0027879792189179505
isruc_s1,BEFORE,N3,221,0.0024744715155858117
isruc_s1,BEFORE,REM,77,0.0008621461841633823
isruc_s1,BEFORE,Wake,87,0.0009741132210677177
isruc_s1,BEFORE,N1,116,0.0012988176280902901
isruc_s1,BEFORE,N2,320,0.0035829451809387316
isruc_s1,BEFORE,N3,216,0.002418487997133644
isruc_s1,BEFORE,REM,125,0.001399587961304192
isruc_s1,BEFORE,Wake,301,0.0033702078108204946
isruc_s1,BEFORE,N1,154,0.0017242923683267646
isruc_s1,BEFORE,N2,317,0.003549355069867431
isruc_s1,BEFORE,N3,101,0.0011308670727337871
isruc_s1,BEFORE,REM,81,0.0009069329989251164
isruc_s1,BEFORE,Wake,212,0.00237370118237191
isruc_s1,BEFORE,N1,245,0.0027431924041562165
isruc_s1,BEFORE,N2,171,0.0019146363310641348
isruc_s1,BEFORE,N3,179,0.002004209960587603
isruc_s1,BEFORE,REM,85,0.0009517198136868506
isruc_s1,BEFORE,Wake,188,0.002104980293801505
isruc_s1,BEFORE,N1,50,0.0005598351845216769
isruc_s1,BEFORE,N2,225,0.0025192583303475457
isruc_s1,BEFORE,N3,417,0.004669025438910785
isruc_s1,BEFORE,REM,134,0.001500358294518094
isruc_s1,BEFORE,Wake,258,0.0028887495521318523
isruc_s1,BEFORE,N1,152,0.0017018989609458976
isruc_s1,BEFORE,N2,198,0.0022169473307058402
isruc_s1,BEFORE,N3,147,0.0016459154424937298
isruc_s1,BEFORE,REM,90,0.0010077033321390183
isruc_s1,BEFORE,Wake,77,0.0008621461841633823
isruc_s1,BEFORE,N1,132,0.0014779648871372268
isruc_s1,BEFORE,N2,279,0.0031238803296309565
isruc_s1,BEFORE,N3,193,0.0021609638122536724
isruc_s1,BEFORE,REM,181,0.00202660336796847
isruc_s1,BEFORE,Wake,130,0.0014555714797563598
isruc_s1,BEFORE,N1,159,0.0017802758867789322
isruc_s1,BEFORE,N2,335,0.0037508957362952346
isruc_s1,BEFORE,N3,193,0.0021609638122536724
isruc_s1,BEFORE,REM,139,0.0015563418129702616
isruc_s1,BEFORE,Wake,33,0.0003694912217843067
isruc_s1,BEFORE,N1,27,0.0003023109996417055
isruc_s1,BEFORE,N2,223,0.0024968649229666785
isruc_s1,BEFORE,N3,298,0.003336617699749194
isruc_s1,BEFORE,REM,234,0.0026200286635614475
isruc_s1,BEFORE,Wake,259,0.002899946255822286
isruc_s1,BEFORE,N1,199,0.0022281440343962736
isruc_s1,BEFORE,N2,248,0.002776782515227517
isruc_s1,BEFORE,N3,76,0.0008509494804729488
isruc_s1,BEFORE,REM,111,0.0012428341096381225
isruc_s1,BEFORE,Wake,109,0.0012204407022572555
isruc_s1,BEFORE,N1,165,0.0018474561089215334
isruc_s1,BEFORE,N2,382,0.004277140809745611
isruc_s1,BEFORE,N3,81,0.0009069329989251164
isruc_s1,BEFORE,REM,92,0.0010300967395198853
isruc_s1,BEFORE,Wake,277,0.0031014869222500898
isruc_s1,BEFORE,N1,115,0.0012876209243998567
isruc_s1,BEFORE,N2,224,0.0025080616266571123
isruc_s1,BEFORE,N3,135,0.0015115549982085274
isruc_s1,BEFORE,REM,121,0.001354801146542458
isruc_s1,BEFORE,Wake,223,0.0024968649229666785
isruc_s1,BEFORE,N1,177,0.001981816553206736
isruc_s1,BEFORE,N2,319,0.003571748477248298
isruc_s1,BEFORE,N3,167,0.0018698495163024006
isruc_s1,BEFORE,REM,111,0.0012428341096381225
isruc_s1,BEFORE,Wake,375,0.004198763883912576
isruc_s1,BEFORE,N1,85,0.0009517198136868506
isruc_s1,BEFORE,N2,275,0.0030790935148692225
isruc_s1,BEFORE,N3,81,0.0009069329989251164
isruc_s1,BEFORE,REM,81,0.0009069329989251164
isruc_s1,BEFORE,Wake,254,0.0028439627373701183
isruc_s1,BEFORE,N1,165,0.0018474561089215334
isruc_s1,BEFORE,N2,234,0.0026200286635614475
isruc_s1,BEFORE,N3,168,0.0018810462199928342
isruc_s1,BEFORE,REM,77,0.0008621461841633823
isruc_s1,BEFORE,Wake,34,0.00038068792547474024
isruc_s1,BEFORE,N1,41,0.000459064851307775
isruc_s1,BEFORE,N2,457,0.005116893586528126
isruc_s1,BEFORE,N3,188,0.002104980293801505
isruc_s1,BEFORE,REM,130,0.0014555714797563598
isruc_s1,BEFORE,Wake,82,0.00091812970261555
isruc_s1,BEFORE,N1,149,0.001668308849874597
isruc_s1,BEFORE,N2,352,0.003941239699032604
isruc_s1,BEFORE,N3,168,0.0018810462199928342
isruc_s1,BEFORE,REM,54,0.000604621999283411
isruc_s1,BEFORE,Wake,234,0.0026200286635614475
isruc_s1,BEFORE,N1,69,0.000772572554639914
isruc_s1,BEFORE,N2,252,0.002821569329989251
isruc_s1,BEFORE,N3,205,0.002295324256538875
isruc_s1,BEFORE,REM,134,0.001500358294518094
isruc_s1,BEFORE,Wake,58,0.0006494088140451451
isruc_s1,BEFORE,N1,151,0.001690702257255464
isruc_s1,BEFORE,N2,377,0.004221157291293443
isruc_s1,BEFORE,N3,150,0.0016795055535650304
isruc_s1,BEFORE,REM,144,0.0016123253314224292
isruc_s1,BEFORE,Wake,119,0.0013324077391615907
isruc_s1,BEFORE,N1,171,0.0019146363310641348
isruc_s1,BEFORE,N2,362,0.00405320673593694
isruc_s1,BEFORE,N3,179,0.002004209960587603
isruc_s1,BEFORE,REM,58,0.0006494088140451451
isruc_s1,BEFORE,Wake,367,0.004109190254389107
isruc_s1,BEFORE,N1,96,0.0010748835542816195
isruc_s1,BEFORE,N2,208,0.0023289143676101754
isruc_s1,BEFORE,N3,187,0.0020937835901110712
isruc_s1,BEFORE,REM,53,0.0005934252955929775
isruc_s1,BEFORE,Wake,162,0.0018138659978502328
isruc_s1,BEFORE,N1,111,0.0012428341096381225
isruc_s1,BEFORE,N2,282,0.003157470440702257
isruc_s1,BEFORE,N3,205,0.002295324256538875
isruc_s1,BEFORE,REM,122,0.0013659978502328913
isruc_s1,BEFORE,Wake,227,0.002541651737728413
isruc_s1,BEFORE,N1,93,0.001041293443210319
isruc_s1,BEFORE,N2,350,0.003918846291651738
isruc_s1,BEFORE,N3,115,0.0012876209243998567
isruc_s1,BEFORE,REM,140,0.0015675385166606952
isruc_s1,BEFORE,Wake,121,0.001354801146542458
isruc_s1,BEFORE,N1,56,0.0006270154066642781
isruc_s1,BEFORE,N2,292,0.0032694374776065928
isruc_s1,BEFORE,N3,345,0.0038628627731995702
isruc_s1,BEFORE,REM,149,0.001668308849874597
isruc_s1,BEFORE,Wake,130,0.0014555714797563598
isruc_s1,BEFORE,N1,85,0.0009517198136868506
isruc_s1,BEFORE,N2,358,0.004008419921175206
isruc_s1,BEFORE,N3,196,0.002194553923324973
isruc_s1,BEFORE,REM,127,0.0014219813686850592
isruc_s1,BEFORE,Wake,180,0.0020154066642780366
isruc_s1,BEFORE,N1,137,0.0015339484055893946
isruc_s1,BEFORE,N2,390,0.004366714439269079
isruc_s1,BEFORE,N3,128,0.0014331780723754925
isruc_s1,BEFORE,REM,129,0.0014443747760659262
isruc_s1,BEFORE,Wake,180,0.0020154066642780366
isruc_s1,BEFORE,N1,64,0.0007165890361877463
isruc_s1,BEFORE,N2,344,0.0038516660695091364
isruc_s1,BEFORE,N3,180,0.0020154066642780366
isruc_s1,BEFORE,REM,158,0.0017690791830884988
isruc_s1,BEFORE,Wake,262,0.0029335363668935867
isruc_s1,BEFORE,N1,123,0.001377194553923325
isruc_s1,BEFORE,N2,354,0.003963633106413472
isruc_s1,BEFORE,N3,255,0.0028551594410605517
isruc_s1,BEFORE,REM,8,8.957362952346828e-05
isruc_s1,BEFORE,Wake,417,0.004669025438910785
isruc_s1,BEFORE,N1,87,0.0009741132210677177
isruc_s1,BEFORE,N2,269,0.0030119132927266213
isruc_s1,BEFORE,N3,172,0.0019258330347545682
isruc_s1,BEFORE,REM,91,0.0010189000358294517
isruc_s1,BEFORE,Wake,59,0.0006606055177355787
isruc_s1,BEFORE,N1,167,0.0018698495163024006
isruc_s1,BEFORE,N2,408,0.004568255105696883
isruc_s1,BEFORE,N3,197,0.002205750627015407
isruc_s1,BEFORE,REM,102,0.0011420637764242207
isruc_s1,BEFORE,Wake,143,0.0016011286277319958
isruc_s1,BEFORE,N1,124,0.0013883912576137586
isruc_s1,BEFORE,N2,352,0.003941239699032604
isruc_s1,BEFORE,N3,177,0.001981816553206736
isruc_s1,BEFORE,REM,194,0.0021721605159441063
isruc_s1,BEFORE,Wake,166,0.001858652812611967
isruc_s1,BEFORE,N1,54,0.000604621999283411
isruc_s1,BEFORE,N2,375,0.004198763883912576
isruc_s1,BEFORE,N3,209,0.0023401110713006093
isruc_s1,BEFORE,REM,73,0.0008173593694016482
isruc_s1,BEFORE,Wake,56,0.0006270154066642781
isruc_s1,BEFORE,N1,152,0.0017018989609458976
isruc_s1,BEFORE,N2,372,0.004165173772841276
isruc_s1,BEFORE,N3,158,0.0017690791830884988
isruc_s1,BEFORE,REM,132,0.0014779648871372268
isruc_s1,BEFORE,Wake,215,0.0024072912934432105
isruc_s1,BEFORE,N1,75,0.0008397527767825152
isruc_s1,BEFORE,N2,308,0.003448584736653529
isruc_s1,BEFORE,N3,129,0.0014443747760659262
isruc_s1,BEFORE,REM,119,0.0013324077391615907
isruc_s1,BEFORE,Wake,152,0.0017018989609458976
isruc_s1,BEFORE,N1,176,0.001970619849516302
isruc_s1,BEFORE,N2,245,0.0027431924041562165
isruc_s1,BEFORE,N3,132,0.0014779648871372268
isruc_s1,BEFORE,REM,160,0.0017914725904693658
isruc_s1,BEFORE,Wake,148,0.0016571121461841634
isruc_s1,BEFORE,N1,58,0.0006494088140451451
isruc_s1,BEFORE,N2,317,0.003549355069867431
isruc_s1,BEFORE,N3,199,0.0022281440343962736
isruc_s1,BEFORE,REM,136,0.001522751701898961
isruc_s1,BEFORE,Wake,199,0.0022281440343962736
isruc_s1,BEFORE,N1,92,0.0010300967395198853
isruc_s1,BEFORE,N2,212,0.00237370118237191
isruc_s1,BEFORE,N3,261,0.002922339663203153
isruc_s1,BEFORE,REM,148,0.0016571121461841634
isruc_s1,BEFORE,Wake,142,0.0015899319240415622
isruc_s1,BEFORE,N1,147,0.0016459154424937298
isruc_s1,BEFORE,N2,333,0.003728502328914368
isruc_s1,BEFORE,N3,141,0.0015787352203511286
isruc_s1,BEFORE,REM,136,0.001522751701898961
isruc_s1,BEFORE,Wake,64,0.0007165890361877463
isruc_s1,BEFORE,N1,20,0.00022393407380867072
isruc_s1,BEFORE,N2,327,0.003661322106771766
isruc_s1,BEFORE,N3,229,0.0025640451451092797
isruc_s1,BEFORE,REM,195,0.0021833572196345396
isruc_s1,BEFORE,Wake,77,0.0008621461841633823
isruc_s1,BEFORE,N1,151,0.001690702257255464
isruc_s1,BEFORE,N2,329,0.0036837155141526334
isruc_s1,BEFORE,N3,173,0.0019370297384450018
isruc_s1,BEFORE,REM,131,0.0014667681834467934
sleep_edf_sc,BEFORE,Wake,1997,0.004812500451849692
sleep_edf_sc,BEFORE,N1,58,0.00013977217136068208
sleep_edf_sc,BEFORE,N2,250,0.000602466255865009
sleep_edf_sc,BEFORE,N3,220,0.0005301703051612079
sleep_edf_sc,BEFORE,REM,125,0.0003012331279325045
sleep_edf_sc,BEFORE,Wake,1885,0.004542595569222168
sleep_edf_sc,BEFORE,N1,59,0.00014218203638414212
sleep_edf_sc,BEFORE,N2,373,0.0008988796537505935
sleep_edf_sc,BEFORE,N3,297,0.0007157299119676307
sleep_edf_sc,BEFORE,REM,215,0.0005181209800439077
sleep_edf_sc,BEFORE,Wake,1856,0.004472709483541826
sleep_edf_sc,BEFORE,N1,109,0.0002626752875571439
sleep_edf_sc,BEFORE,N2,562,0.0013543441431845401
sleep_edf_sc,BEFORE,N3,105,0.0002530358274633038
sleep_edf_sc,BEFORE,REM,170,0.0004096770539882061
sleep_edf_sc,BEFORE,Wake,1824,0.004395593802791106
sleep_edf_sc,BEFORE,N1,92,0.0002217075821583233
sleep_edf_sc,BEFORE,N2,660,0.0015905109154836239
sleep_edf_sc,BEFORE,N3,96,0.00023134704225216346
sleep_edf_sc,BEFORE,REM,176,0.0004241362441289663
sleep_edf_sc,BEFORE,Wake,1907,0.004595612599738288
sleep_edf_sc,BEFORE,N1,94,0.0002265273122052434
sleep_edf_sc,BEFORE,N2,545,0.0013133764377857196
sleep_edf_sc,BEFORE,N3,95,0.0002289371772287034
sleep_edf_sc,BEFORE,REM,163,0.0003928079988239859
sleep_edf_sc,BEFORE,Wake,1871,0.0045088574588937275
sleep_edf_sc,BEFORE,N1,184,0.0004434151643166466
sleep_edf_sc,BEFORE,N2,402,0.0009687657394309345
sleep_edf_sc,BEFORE,N3,119,0.00028677393779174426
sleep_edf_sc,BEFORE,REM,179,0.0004313658391993464
sleep_edf_sc,BEFORE,Wake,2008,0.004839008967107752
sleep_edf_sc,BEFORE,N1,61,0.0001470017664310622
sleep_edf_sc,BEFORE,N2,485,0.0011687845363781175
sleep_edf_sc,BEFORE,N3,57,0.00013736230633722206
sleep_edf_sc,BEFORE,REM,209,0.0005036617899031475
sleep_edf_sc,BEFORE,Wake,1957,0.00471610585091129
sleep_edf_sc,BEFORE,N1,45,0.00010844392605570162
sleep_edf_sc,BEFORE,N2,400,0.0009639460093840144
sleep_edf_sc,BEFORE,N3,131,0.00031569231807326473
sleep_edf_sc,BEFORE,REM,199,0.00047956313966854714
sleep_edf_sc,BEFORE,Wake,1534,0.003696732945987695
sleep_edf_sc,BEFORE,N1,166,0.000400037593894366
sleep_edf_sc,BEFORE,N2,620,0.0014941163145452223
sleep_edf_sc,BEFORE,N3,53,0.0001277228462433819
sleep_edf_sc,BEFORE,REM,196,0.00047233354459816704
sleep_edf_sc,BEFORE,Wake,1773,0.004272690686594644
sleep_edf_sc,BEFORE,N1,137,0.00033015150821402494
sleep_edf_sc,BEFORE,N2,514,0.0012386706220584584
sleep_edf_sc,BEFORE,N3,94,0.0002265273122052434
sleep_edf_sc,BEFORE,REM,270,0.0006506635563342097
sleep_edf_sc,BEFORE,Wake,2258,0.005441475222972761
sleep_edf_sc,BEFORE,N1,44,0.00010603406103224158
sleep_edf_sc,BEFORE,N2,217,0.0005229407100908278
sleep_edf_sc,BEFORE,N3,135,0.00032533177816710486
sleep_edf_sc,BEFORE,REM,68,0.00016387082159528244
sleep_edf_sc,BEFORE,Wake,1780,0.0042895597417588645
sleep_edf_sc,BEFORE,N1,114,0.0002747246126744441
sleep_edf_sc,BEFORE,N2,616,0.0014844768544513822
sleep_edf_sc,BEFORE,N3,114,0.0002747246126744441
sleep_edf_sc,BEFORE,REM,180,0.0004337757042228065
sleep_edf_sc,BEFORE,Wake,2069,0.004986010733538815
sleep_edf_sc,BEFORE,N1,56,0.00013495244131376201
sleep_edf_sc,BEFORE,N2,407,0.0009808150645482347
sleep_edf_sc,BEFORE,N3,136,0.0003277416431905649
sleep_edf_sc,BEFORE,REM,102,0.0002458062323929237
sleep_edf_sc,BEFORE,Wake,2007,0.004836599102084292
sleep_edf_sc,BEFORE,N1,90,0.00021688785211140325
sleep_edf_sc,BEFORE,N2,417,0.001004913714782835
sleep_edf_sc,BEFORE,N3,129,0.00031087258802634465
sleep_edf_sc,BEFORE,REM,187,0.0004506447593870267
sleep_edf_sc,BEFORE,Wake,1958,0.00471851571593475
sleep_edf_sc,BEFORE,N1,89,0.0002144779870879432
sleep_edf_sc,BEFORE,N2,403,0.0009711756044543945
sleep_edf_sc,BEFORE,N3,162,0.0003903981338005258
sleep_edf_sc,BEFORE,REM,198,0.0004771532746450871
sleep_edf_sc,BEFORE,Wake,1904,0.004588383004667908
sleep_edf_sc,BEFORE,N1,84,0.00020242866197064304
sleep_edf_sc,BEFORE,N2,392,0.0009446670891963341
sleep_edf_sc,BEFORE,N3,222,0.000534990035208128
sleep_edf_sc,BEFORE,REM,168,0.00040485732394128607
sleep_edf_sc,BEFORE,Wake,1985,0.004783582071568171
sleep_edf_sc,BEFORE,N1,68,0.00016387082159528244
sleep_edf_sc,BEFORE,N2,262,0.0006313846361465295
sleep_edf_sc,BEFORE,N3,350,0.0008434527582110126
sleep_edf_sc,BEFORE,REM,131,0.00031569231807326473
sleep_edf_sc,BEFORE,Wake,1724,0.004154607300445102
sleep_edf_sc,BEFORE,N1,39,9.39847359149414e-05
sleep_edf_sc,BEFORE,N2,329,0.0007928455927183519
sleep_edf_sc,BEFORE,N3,282,0.0006795819366157301
sleep_edf_sc,BEFORE,REM,260,0.0006265649060996093
sleep_edf_sc,BEFORE,Wake,1739,0.004190755275797002
sleep_edf_sc,BEFORE,N1,19,4.5787435445740684e-05
sleep_edf_sc,BEFORE,N2,561,0.0013519342781610803
sleep_edf_sc,BEFORE,N3,170,0.0004096770539882061
sleep_edf_sc,BEFORE,REM,232,0.0005590886854427283
sleep_edf_sc,BEFORE,Wake,1079,0.0026002443603133788
sleep_edf_sc,BEFORE,N1,81,0.0001951990669002629
sleep_edf_sc,BEFORE,N2,512,0.0012338508920115385
sleep_edf_sc,BEFORE,N3,107,0.00025785555751022384
sleep_edf_sc,BEFORE,REM,265,0.0006386142312169096
sleep_edf_sc,BEFORE,Wake,1770,0.004265461091524264
sleep_edf_sc,BEFORE,N1,65,0.00015664122652490233
sleep_edf_sc,BEFORE,N2,671,0.0016170194307416842
sleep_edf_sc,BEFORE,N3,6,1.4459190140760216e-05
sleep_edf_sc,BEFORE,REM,207,0.0004988420598562275
sleep_edf_sc,BEFORE,Wake,1909,0.0046004323297852085
sleep_edf_sc,BEFORE,N1,117,0.0002819542077448242
sleep_edf_sc,BEFORE,N2,607,0.0014627880692402418
sleep_edf_sc,BEFORE,N3,25,6.02466255865009e-05
sleep_edf_sc,BEFORE,REM,199,0.00047956313966854714
sleep_edf_sc,BEFORE,Wake,1839,0.004431741778143006
sleep_edf_sc,BEFORE,N1,13,3.1328245304980466e-05
sleep_edf_sc,BEFORE,N2,502,0.001209752241776938
sleep_edf_sc,BEFORE,N3,129,0.00031087258802634465
sleep_edf_sc,BEFORE,REM,158,0.0003807586737066857
sleep_edf_sc,BEFORE,Wake,2104,0.0050703560093599154
sleep_edf_sc,BEFORE,N1,18,4.3377570422280647e-05
sleep_edf_sc,BEFORE,N2,396,0.0009543065492901743
sleep_edf_sc,BEFORE,N3,111,0.000267495017604064
sleep_edf_sc,BEFORE,REM,151,0.00036388961854246546
sleep_edf_sc,BEFORE,Wake,1809,0.004359445827439205
sleep_edf_sc,BEFORE,N1,48,0.00011567352112608173
sleep_edf_sc,BEFORE,N2,463,0.0011157675058619968
sleep_edf_sc,BEFORE,N3,107,0.00025785555751022384
sleep_edf_sc,BEFORE,REM,258,0.0006217451760526893
sleep_edf_sc,BEFORE,Wake,1919,0.004624530980019809
sleep_edf_sc,BEFORE,N1,121,0.00029159366783866435
sleep_edf_sc,BEFORE,N2,287,0.0006916312617330304
sleep_edf_sc,BEFORE,N3,80,0.00019278920187680289
sleep_edf_sc,BEFORE,REM,199,0.00047956313966854714
sleep_edf_sc,BEFORE,Wake,1941,0.00467754801053593
sleep_edf_sc,BEFORE,N1,57,0.00013736230633722206
sleep_edf_sc,BEFORE,N2,497,0.0011977029166596379
sleep_edf_sc,BEFORE,N3,147,0.0003542501584486253
sleep_edf_sc,BEFORE,REM,172,0.0004144967840351262
sleep_edf_sc,BEFORE,Wake,1939,0.00467272828048901
sleep_edf_sc,BEFORE,N1,29,6.988608568034104e-05
sleep_edf_sc,BEFORE,N2,404,0.0009735854694778545
sleep_edf_sc,BEFORE,N3,151,0.00036388961854246546
sleep_edf_sc,BEFORE,REM,233,0.0005614985504661884
sleep_edf_sc,BEFORE,Wake,2003,0.004826959641990452
sleep_edf_sc,BEFORE,N1,27,6.506635563342098e-05
sleep_edf_sc,BEFORE,N2,386,0.0009302078990555739
sleep_edf_sc,BEFORE,N3,145,0.00034943042840170524
sleep_edf_sc,BEFORE,REM,213,0.0005133012499969877
sleep_edf_sc,BEFORE,Wake,1836,0.004424512183072626
sleep_edf_sc,BEFORE,N1,41,9.880446596186147e-05
sleep_edf_sc,BEFORE,N2,354,0.0008530922183048528
sleep_edf_sc,BEFORE,N3,177,0.0004265461091524264
sleep_edf_sc,BEFORE,REM,208,0.0005012519248796875
sleep_edf_sc,BEFORE,Wake,1904,0.004588383004667908
sleep_edf_sc,BEFORE,N1,47,0.0001132636561026217
sleep_edf_sc,BEFORE,N2,438,0.0010555208802754958
sleep_edf_sc,BEFORE,N3,178,0.0004289559741758864
sleep_edf_sc,BEFORE,REM,292,0.0007036805868503305
sleep_edf_sc,BEFORE,Wake,1693,0.004079901484717841
sleep_edf_sc,BEFORE,N1,55,0.00013254257629030197
sleep_edf_sc,BEFORE,N2,448,0.0010796195305100961
sleep_edf_sc,BEFORE,N3,165,0.00039762772887090597
sleep_edf_sc,BEFORE,REM,260,0.0006265649060996093
sleep_edf_sc,BEFORE,Wake,1926,0.00464140003518403
sleep_edf_sc,BEFORE,N1,42,0.00010121433098532152
sleep_edf_sc,BEFORE,N2,459,0.0011061280457681565
sleep_edf_sc,BEFORE,N3,128,0.00030846272300288463
sleep_edf_sc,BEFORE,REM,195,0.000469923679574707
sleep_edf_sc,BEFORE,Wake,1915,0.004614891519925969
sleep_edf_sc,BEFORE,N1,21,5.060716549266076e-05
sleep_edf_sc,BEFORE,N2,328,0.0007904357276948918
sleep_edf_sc,BEFORE,N3,215,0.0005181209800439077
sleep_edf_sc,BEFORE,REM,262,0.0006313846361465295
sleep_edf_sc,BEFORE,Wake,1636,0.0039425391783806185
sleep_edf_sc,BEFORE,N1,44,0.00010603406103224158
sleep_edf_sc,BEFORE,N2,687,0.0016555772711170447
sleep_edf_sc,BEFORE,N3,188,0.0004530546244104868
sleep_edf_sc,BEFORE,REM,165,0.00039762772887090597
sleep_edf_sc,BEFORE,Wake,1930,0.004651039495277869
sleep_edf_sc,BEFORE,N1,29,6.988608568034104e-05
sleep_edf_sc,BEFORE,N2,388,0.000935027629102494
sleep_edf_sc,BEFORE,N3,291,0.0007012707218268705
sleep_edf_sc,BEFORE,REM,118,0.00028436407276828424
sleep_edf_sc,BEFORE,Wake,2069,0.004986010733538815
sleep_edf_sc,BEFORE,N1,151,0.00036388961854246546
sleep_edf_sc,BEFORE,N2,290,0.0006988608568034105
sleep_edf_sc,BEFORE,N3,216,0.0005205308450673678
sleep_edf_sc,BEFORE,REM,116,0.00027954434272136415
sleep_edf_sc,BEFORE,Wake,1427,0.0034388773884774715
sleep_edf_sc,BEFORE,N1,118,0.00028436407276828424
sleep_edf_sc,BEFORE,N2,833,0.00200741756454221
sleep_edf_sc,BEFORE,N3,110,0.00026508515258060394
sleep_edf_sc,BEFORE,REM,286,0.0006892213967095703
sleep_edf_sc,BEFORE,Wake,1707,0.004113639595046282
sleep_edf_sc,BEFORE,N1,72,0.00017351028168912259
sleep_edf_sc,BEFORE,N2,434,0.0010458814201816556
sleep_edf_sc,BEFORE,N3,60,0.00014459190140760216
sleep_edf_sc,BEFORE,REM,332,0.000800075187788732
sleep_edf_sc,BEFORE,Wake,2044,0.004925764107952314
sleep_edf_sc,BEFORE,N1,39,9.39847359149414e-05
sleep_edf_sc,BEFORE,N2,539,0.0012989172476449594
sleep_edf_sc,BEFORE,N3,4,9.639460093840145e-06
sleep_edf_sc,BEFORE,REM,177,0.0004265461091524264
sleep_edf_sc,BEFORE,Wake,1864,0.004491988403729507
sleep_edf_sc,BEFORE,N1,120,0.00028918380281520433
sleep_edf_sc,BEFORE,N2,479,0.0011543253462373572
sleep_edf_sc,BEFORE,N3,0,0.0
sleep_edf_sc,BEFORE,REM,207,0.0004988420598562275
sleep_edf_sc,BEFORE,Wake,1972,0.004752253826263191
sleep_edf_sc,BEFORE,N1,106,0.0002554456924867638
sleep_edf_sc,BEFORE,N2,527,0.001269998867363439
sleep_edf_sc,BEFORE,N3,49,0.00011808338614954176
sleep_edf_sc,BEFORE,REM,151,0.00036388961854246546
sleep_edf_sc,BEFORE,Wake,2075,0.005000469923679575
sleep_edf_sc,BEFORE,N1,87,0.00020965825704102314
sleep_edf_sc,BEFORE,N2,402,0.0009687657394309345
sleep_edf_sc,BEFORE,N3,43,0.00010362419600878155
sleep_edf_sc,BEFORE,REM,87,0.00020965825704102314
sleep_edf_sc,BEFORE,Wake,1774,0.004275100551618104
sleep_edf_sc,BEFORE,N1,221,0.000532580170184668
sleep_edf_sc,BEFORE,N2,461,0.0011109477758150766
sleep_edf_sc,BEFORE,N3,62,0.00014941163145452223
sleep_edf_sc,BEFORE,REM,182,0.00043859543426972653
sleep_edf_sc,BEFORE,Wake,1819,0.0043835444776738055
sleep_edf_sc,BEFORE,N1,90,0.00021688785211140325
sleep_edf_sc,BEFORE,N2,497,0.0011977029166596379
sleep_edf_sc,BEFORE,N3,134,0.00032292191314364484
sleep_edf_sc,BEFORE,REM,220,0.0005301703051612079
sleep_edf_sc,BEFORE,Wake,1966,0.004737794636122431
sleep_edf_sc,BEFORE,N1,139,0.000334971238260945
sleep_edf_sc,BEFORE,N2,414,0.000997684119712455
sleep_edf_sc,BEFORE,N3,12,2.8918380281520432e-05
sleep_edf_sc,BEFORE,REM,212,0.0005108913849735276
sleep_edf_sc,BEFORE,Wake,1822,0.004390774072744186
sleep_edf_sc,BEFORE,N1,382,0.0009205684389617338
sleep_edf_sc,BEFORE,N2,213,0.0005133012499969877
sleep_edf_sc,BEFORE,N3,1,2.409865023460036e-06
sleep_edf_sc,BEFORE,REM,217,0.0005229407100908278
sleep_edf_sc,BEFORE,Wake,1873,0.004513677188940648
sleep_edf_sc,BEFORE,N1,85,0.00020483852699410305
sleep_edf_sc,BEFORE,N2,514,0.0012386706220584584
sleep_edf_sc,BEFORE,N3,44,0.00010603406103224158
sleep_edf_sc,BEFORE,REM,184,0.0004434151643166466
sleep_edf_sc,BEFORE,Wake,1879,0.004528136379081408
sleep_edf_sc,BEFORE,N1,94,0.0002265273122052434
sleep_edf_sc,BEFORE,N2,556,0.00133988495304378
sleep_edf_sc,BEFORE,N3,5,1.204932511730018e-05
sleep_edf_sc,BEFORE,REM,176,0.0004241362441289663
sleep_edf_sc,BEFORE,Wake,1921,0.004629350710066729
sleep_edf_sc,BEFORE,N1,102,0.0002458062323929237
sleep_edf_sc,BEFORE,N2,569,0.0013712131983487604
sleep_edf_sc,BEFORE,N3,22,5.301703051612079e-05
sleep_edf_sc,BEFORE,REM,146,0.00035184029342516526
sleep_edf_sc,BEFORE,Wake,1855,0.004470299618518366
sleep_edf_sc,BEFORE,N1,113,0.00027231474765098405
sleep_edf_sc,BEFORE,N2,425,0.0010241926349705153
sleep_edf_sc,BEFORE,N3,98,0.00023616677229908352
sleep_edf_sc,BEFORE,REM,174,0.0004193165140820463
sleep_edf_sc,BEFORE,Wake,1830,0.004410052992931866
sleep_edf_sc,BEFORE,N1,245,0.0005904169307477088
sleep_edf_sc,BEFORE,N2,405,0.0009759953345013146
sleep_edf_sc,BEFORE,N3,94,0.0002265273122052434
sleep_edf_sc,BEFORE,REM,226,0.0005446294953019681
sleep_edf_sc,BEFORE,Wake,1907,0.004595612599738288
sleep_edf_sc,BEFORE,N1,77,0.00018555960680642278
sleep_edf_sc,BEFORE,N2,464,0.0011181773708854566
sleep_edf_sc,BEFORE,N3,79,0.00019037933685334284
sleep_edf_sc,BEFORE,REM,193,0.00046510394952778693
sleep_edf_sc,BEFORE,Wake,1556,0.003749749976503816
sleep_edf_sc,BEFORE,N1,72,0.00017351028168912259
sleep_edf_sc,BEFORE,N2,475,0.0011446858861435172
sleep_edf_sc,BEFORE,N3,163,0.0003928079988239859
sleep_edf_sc,BEFORE,REM,174,0.0004193165140820463
sleep_edf_sc,BEFORE,Wake,2003,0.004826959641990452
sleep_edf_sc,BEFORE,N1,87,0.00020965825704102314
sleep_edf_sc,BEFORE,N2,379,0.0009133388438913537
sleep_edf_sc,BEFORE,N3,178,0.0004289559741758864
sleep_edf_sc,BEFORE,REM,223,0.000537399900231588
sleep_edf_sc,BEFORE,Wake,1854,0.004467889753494907
sleep_edf_sc,BEFORE,N1,76,0.00018314974178296274
sleep_edf_sc,BEFORE,N2,530,0.0012772284624338191
sleep_edf_sc,BEFORE,N3,159,0.0003831685387301457
sleep_edf_sc,BEFORE,REM,169,0.0004072671889647461
sleep_edf_sc,BEFORE,Wake,1948,0.00469441706570015
sleep_edf_sc,BEFORE,N1,81,0.0001951990669002629
sleep_edf_sc,BEFORE,N2,474,0.001142276021120057
sleep_edf_sc,BEFORE,N3,145,0.00034943042840170524
sleep_edf_sc,BEFORE,REM,166,0.000400037593894366
sleep_edf_sc,BEFORE,Wake,1869,0.004504037728846807
sleep_edf_sc,BEFORE,N1,181,0.0004361855692462665
sleep_edf_sc,BEFORE,N2,427,0.0010290123650174353
sleep_edf_sc,BEFORE,N3,104,0.00025062596243984373
sleep_edf_sc,BEFORE,REM,175,0.0004217263791055063
sleep_edf_sc,BEFORE,Wake,1935,0.0046630888203951695
sleep_edf_sc,BEFORE,N1,49,0.00011808338614954176
sleep_edf_sc,BEFORE,N2,457,0.0011013083157212365
sleep_edf_sc,BEFORE,N3,146,0.00035184029342516526
sleep_edf_sc,BEFORE,REM,220,0.0005301703051612079
sleep_edf_sc,BEFORE,Wake,1926,0.00464140003518403
sleep_edf_sc,BEFORE,N1,109,0.0002626752875571439
sleep_edf_sc,BEFORE,N2,457,0.0011013083157212365
sleep_edf_sc,BEFORE,N3,30,7.229595070380108e-05
sleep_edf_sc,BEFORE,REM,122,0.0002940035328621244
sleep_edf_sc,BEFORE,Wake,2127,0.005125782904899496
sleep_edf_sc,BEFORE,N1,96,0.00023134704225216346
sleep_edf_sc,BEFORE,N2,418,0.001007323579806295
sleep_edf_sc,BEFORE,N3,32,7.711568075072116e-05
sleep_edf_sc,BEFORE,REM,135,0.00032533177816710486
sleep_edf_sc,BEFORE,Wake,1974,0.004757073556310111
sleep_edf_sc,BEFORE,N1,79,0.00019037933685334284
sleep_edf_sc,BEFORE,N2,362,0.000872371138492533
sleep_edf_sc,BEFORE,N3,113,0.00027231474765098405
sleep_edf_sc,BEFORE,REM,142,0.00034220083333132514
sleep_edf_sc,BEFORE,Wake,1832,0.004414872722978786
sleep_edf_sc,BEFORE,N1,152,0.00036629948356592547
sleep_edf_sc,BEFORE,N2,334,0.000804894917835652
sleep_edf_sc,BEFORE,N3,191,0.0004602842194808669
sleep_edf_sc,BEFORE,REM,191,0.0004602842194808669
sleep_edf_sc,BEFORE,Wake,1775,0.004277510416641564
sleep_edf_sc,BEFORE,N1,204,0.0004916124647858474
sleep_edf_sc,BEFORE,N2,424,0.0010217827699470553
sleep_edf_sc,BEFORE,N3,0,0.0
sleep_edf_sc,BEFORE,REM,286,0.0006892213967095703
sleep_edf_sc,BEFORE,Wake,1755,0.0042293131161723636
sleep_edf_sc,BEFORE,N1,144,0.00034702056337824517
sleep_edf_sc,BEFORE,N2,475,0.0011446858861435172
sleep_edf_sc,BEFORE,N3,1,2.409865023460036e-06
sleep_edf_sc,BEFORE,REM,241,0.0005807774706538687
sleep_edf_sc,BEFORE,Wake,1976,0.0047618932863570315
sleep_edf_sc,BEFORE,N1,212,0.0005108913849735276
sleep_edf_sc,BEFORE,N2,453,0.0010916688556273963
sleep_edf_sc,BEFORE,N3,0,0.0
sleep_edf_sc,BEFORE,REM,168,0.00040485732394128607
sleep_edf_sc,BEFORE,Wake,1881,0.004532956109128327
sleep_edf_sc,BEFORE,N1,91,0.00021929771713486326
sleep_edf_sc,BEFORE,N2,648,0.0015615925352021032
sleep_edf_sc,BEFORE,N3,0,0.0
sleep_edf_sc,BEFORE,REM,138,0.00033256137323748496
sleep_edf_sc,BEFORE,Wake,1867,0.004499217998799887
sleep_edf_sc,BEFORE,N1,150,0.0003614797535190054
sleep_edf_sc,BEFORE,N2,561,0.0013519342781610803
sleep_edf_sc,BEFORE,N3,0,0.0
sleep_edf_sc,BEFORE,REM,172,0.0004144967840351262
sleep_edf_sc,BEFORE,Wake,1892,0.004559464624386388
sleep_edf_sc,BEFORE,N1,136,0.0003277416431905649
sleep_edf_sc,BEFORE,N2,596,0.0014362795539821815
sleep_edf_sc,BEFORE,N3,0,0.0
sleep_edf_sc,BEFORE,REM,166,0.000400037593894366
sleep_edf_sc,BEFORE,Wake,2085,0.005024568573914175
sleep_edf_sc,BEFORE,N1,78,0.0001879694718298828
sleep_edf_sc,BEFORE,N2,419,0.0010097334448297551
sleep_edf_sc,BEFORE,N3,104,0.00025062596243984373
sleep_edf_sc,BEFORE,REM,24,5.7836760563040864e-05
sleep_edf_sc,BEFORE,Wake,1789,0.004311248526970004
sleep_edf_sc,BEFORE,N1,66,0.00015905109154836238
sleep_edf_sc,BEFORE,N2,498,0.001200112781683098
sleep_edf_sc,BEFORE,N3,105,0.0002530358274633038
sleep_edf_sc,BEFORE,REM,72,0.00017351028168912259
sleep_edf_sc,BEFORE,Wake,1598,0.0038509643074891376
sleep_edf_sc,BEFORE,N1,53,0.0001277228462433819
sleep_edf_sc,BEFORE,N2,499,0.001202522646706558
sleep_edf_sc,BEFORE,N3,48,0.00011567352112608173
sleep_edf_sc,BEFORE,REM,68,0.00016387082159528244
sleep_edf_sc,BEFORE,Wake,2076,0.005002879788703034
sleep_edf_sc,BEFORE,N1,234,0.0005639084154896484
sleep_edf_sc,BEFORE,N2,484,0.0011663746713546574
sleep_edf_sc,BEFORE,N3,11,2.6508515258060395e-05
sleep_edf_sc,BEFORE,REM,45,0.00010844392605570162
sleep_edf_sc,BEFORE,Wake,2013,0.004851058292225052
sleep_edf_sc,BEFORE,N1,282,0.0006795819366157301
sleep_edf_sc,BEFORE,N2,433,0.0010434715551581955
sleep_edf_sc,BEFORE,N3,6,1.4459190140760216e-05
sleep_edf_sc,BEFORE,REM,106,0.0002554456924867638
sleep_edf_sc,BEFORE,Wake,1867,0.004499217998799887
sleep_edf_sc,BEFORE,N1,95,0.0002289371772287034
sleep_edf_sc,BEFORE,N2,612,0.001474837394357542
sleep_edf_sc,BEFORE,N3,16,3.855784037536058e-05
sleep_edf_sc,BEFORE,REM,160,0.00038557840375360577
sleep_edf_sc,BEFORE,Wake,1878,0.004525726514057948
sleep_edf_sc,BEFORE,N1,103,0.0002482160974163837
sleep_edf_sc,BEFORE,N2,583,0.001404951308677201
sleep_edf_sc,BEFORE,N3,37,8.916500586802134e-05
sleep_edf_sc,BEFORE,REM,169,0.0004072671889647461
sleep_edf_sc,BEFORE,Wake,1976,0.0047618932863570315
sleep_edf_sc,BEFORE,N1,163,0.0003928079988239859
sleep_edf_sc,BEFORE,N2,377,0.0009085191138444335
sleep_edf_sc,BEFORE,N3,4,9.639460093840145e-06
sleep_edf_sc,BEFORE,REM,110,0.00026508515258060394
sleep_edf_sc,BEFORE,Wake,1927,0.00464380990020749
sleep_edf_sc,BEFORE,N1,92,0.0002217075821583233
sleep_edf_sc,BEFORE,N2,375,0.0009036993837975135
sleep_edf_sc,BEFORE,N3,142,0.00034220083333132514
sleep_edf_sc,BEFORE,REM,254,0.0006121057159588491
sleep_edf_sc,BEFORE,Wake,1831,0.0044124628579553255
sleep_edf_sc,BEFORE,N1,145,0.00034943042840170524
sleep_edf_sc,BEFORE,N2,502,0.001209752241776938
sleep_edf_sc,BEFORE,N3,46,0.00011085379107916165
sleep_edf_sc,BEFORE,REM,204,0.0004916124647858474
sleep_edf_sc,BEFORE,Wake,2019,0.004865517482365813
sleep_edf_sc,BEFORE,N1,64,0.00015423136150144231
sleep_edf_sc,BEFORE,N2,356,0.0008579119483517728
sleep_edf_sc,BEFORE,N3,226,0.0005446294953019681
sleep_edf_sc,BEFORE,REM,100,0.0002409865023460036
sleep_edf_sc,BEFORE,Wake,2126,0.005123373039876036
sleep_edf_sc,BEFORE,N1,34,8.193541079764122e-05
sleep_edf_sc,BEFORE,N2,283,0.0006819918016391902
sleep_edf_sc,BEFORE,N3,163,0.0003928079988239859
sleep_edf_sc,BEFORE,REM,158,0.0003807586737066857
sleep_edf_sc,BEFORE,Wake,2013,0.004851058292225052
sleep_edf_sc,BEFORE,N1,159,0.0003831685387301457
sleep_edf_sc,BEFORE,N2,298,0.0007181397769910907
sleep_edf_sc,BEFORE,N3,124,0.00029882326290904445
sleep_edf_sc,BEFORE,REM,88,0.00021206812206448316
sleep_edf_sc,BEFORE,Wake,2166,0.005219767640814438
sleep_edf_sc,BEFORE,N1,63,0.00015182149647798227
sleep_edf_sc,BEFORE,N2,331,0.0007976653227652719
sleep_edf_sc,BEFORE,N3,82,0.00019760893192372295
sleep_edf_sc,BEFORE,REM,81,0.0001951990669002629
sleep_edf_sc,BEFORE,Wake,1968,0.004742614366169351
sleep_edf_sc,BEFORE,N1,41,9.880446596186147e-05
sleep_edf_sc,BEFORE,N2,430,0.0010362419600878155
sleep_edf_sc,BEFORE,N3,144,0.00034702056337824517
sleep_edf_sc,BEFORE,REM,197,0.0004747434096216271
sleep_edf_sc,BEFORE,Wake,1841,0.004436561508189926
sleep_edf_sc,BEFORE,N1,183,0.0004410052992931866
sleep_edf_sc,BEFORE,N2,405,0.0009759953345013146
sleep_edf_sc,BEFORE,N3,91,0.00021929771713486326
sleep_edf_sc,BEFORE,REM,100,0.0002409865023460036
sleep_edf_sc,BEFORE,Wake,1968,0.004742614366169351
sleep_edf_sc,BEFORE,N1,92,0.0002217075821583233
sleep_edf_sc,BEFORE,N2,530,0.0012772284624338191
sleep_edf_sc,BEFORE,N3,92,0.0002217075821583233
sleep_edf_sc,BEFORE,REM,96,0.00023134704225216346
sleep_edf_sc,BEFORE,Wake,1851,0.004460660158424527
sleep_edf_sc,BEFORE,N1,235,0.0005663182805131084
sleep_edf_sc,BEFORE,N2,258,0.0006217451760526893
sleep_edf_sc,BEFORE,N3,307,0.000739828562202231
sleep_edf_sc,BEFORE,REM,139,0.000334971238260945
sleep_edf_sc,BEFORE,Wake,1695,0.004084721214764761
sleep_edf_sc,BEFORE,N1,162,0.0003903981338005258
sleep_edf_sc,BEFORE,N2,358,0.0008627316783986928
sleep_edf_sc,BEFORE,N3,267,0.0006434339612638296
sleep_edf_sc,BEFORE,REM,188,0.0004530546244104868
sleep_edf_sc,BEFORE,Wake,1908,0.004598022464761748
sleep_edf_sc,BEFORE,N1,118,0.00028436407276828424
sleep_edf_sc,BEFORE,N2,484,0.0011663746713546574
sleep_edf_sc,BEFORE,N3,9,2.1688785211140323e-05
sleep_edf_sc,BEFORE,REM,176,0.0004241362441289663
sleep_edf_sc,BEFORE,Wake,1979,0.004769122881427411
sleep_edf_sc,BEFORE,N1,198,0.0004771532746450871
sleep_edf_sc,BEFORE,N2,472,0.001137456291073137
sleep_edf_sc,BEFORE,N3,19,4.5787435445740684e-05
sleep_edf_sc,BEFORE,REM,186,0.0004482348943635667
sleep_edf_sc,BEFORE,Wake,1917,0.004619711249972889
sleep_edf_sc,BEFORE,N1,78,0.0001879694718298828
sleep_edf_sc,BEFORE,N2,349,0.0008410428931875525
sleep_edf_sc,BEFORE,N3,275,0.0006627128814515099
sleep_edf_sc,BEFORE,REM,120,0.00028918380281520433
sleep_edf_sc,BEFORE,Wake,2065,0.004976371273444974
sleep_edf_sc,BEFORE,N1,161,0.0003879882687770658
sleep_edf_sc,BEFORE,N2,299,0.0007205496420145508
sleep_edf_sc,BEFORE,N3,144,0.00034702056337824517
sleep_edf_sc,BEFORE,REM,120,0.00028918380281520433
sleep_edf_sc,BEFORE,Wake,1779,0.004287149876735404
sleep_edf_sc,BEFORE,N1,299,0.0007205496420145508
sleep_edf_sc,BEFORE,N2,471,0.0011350464260496769
sleep_edf_sc,BEFORE,N3,95,0.0002289371772287034
sleep_edf_sc,BEFORE,REM,236,0.0005687281455365685
sleep_edf_sc,BEFORE,Wake,1938,0.00467031841546555
sleep_edf_sc,BEFORE,N1,146,0.00035184029342516526
sleep_edf_sc,BEFORE,N2,520,0.0012531298121992186
sleep_edf_sc,BEFORE,N3,116,0.00027954434272136415
sleep_edf_sc,BEFORE,REM,160,0.00038557840375360577
sleep_edf_sc,BEFORE,Wake,1909,0.0046004323297852085
sleep_edf_sc,BEFORE,N1,149,0.00035906988849554537
sleep_edf_sc,BEFORE,N2,512,0.0012338508920115385
sleep_edf_sc,BEFORE,N3,14,3.3738110328440504e-05
sleep_edf_sc,BEFORE,REM,216,0.0005205308450673678
sleep_edf_sc,BEFORE,Wake,1402,0.0033786307628909705
sleep_edf_sc,BEFORE,N1,157,0.00037834880868322567
sleep_edf_sc,BEFORE,N2,416,0.001002503849759375
sleep_edf_sc,BEFORE,N3,27,6.506635563342098e-05
sleep_edf_sc,BEFORE,REM,133,0.00032051204812018477
sleep_edf_sc,BEFORE,Wake,1963,0.004730565041052051
sleep_edf_sc,BEFORE,N1,190,0.0004578743544574068
sleep_edf_sc,BEFORE,N2,402,0.0009687657394309345
sleep_edf_sc,BEFORE,N3,2,4.819730046920072e-06
sleep_edf_sc,BEFORE,REM,193,0.00046510394952778693
sleep_edf_sc,BEFORE,Wake,1966,0.004737794636122431
sleep_edf_sc,BEFORE,N1,78,0.0001879694718298828
sleep_edf_sc,BEFORE,N2,493,0.0011880634565657978
sleep_edf_sc,BEFORE,N3,42,0.00010121433098532152
sleep_edf_sc,BEFORE,REM,191,0.0004602842194808669
sleep_edf_sc,BEFORE,Wake,1776,0.004279920281665024
sleep_edf_sc,BEFORE,N1,409,0.0009856347945951546
sleep_edf_sc,BEFORE,N2,398,0.0009591262793370943
sleep_edf_sc,BEFORE,N3,3,7.229595070380108e-06
sleep_edf_sc,BEFORE,REM,126,0.00030364299295596454
sleep_edf_sc,BEFORE,Wake,2022,0.004872747077436193
sleep_edf_sc,BEFORE,N1,179,0.0004313658391993464
sleep_edf_sc,BEFORE,N2,435,0.0010482912852051156
sleep_edf_sc,BEFORE,N3,2,4.819730046920072e-06
sleep_edf_sc,BEFORE,REM,112,0.00026990488262752403
sleep_edf_sc,BEFORE,Wake,2060,0.004964321948327674
sleep_edf_sc,BEFORE,N1,89,0.0002144779870879432
sleep_edf_sc,BEFORE,N2,530,0.0012772284624338191
sleep_edf_sc,BEFORE,N3,11,2.6508515258060395e-05
sleep_edf_sc,BEFORE,REM,84,0.00020242866197064304
sleep_edf_sc,BEFORE,Wake,1748,0.004212444061008143
sleep_edf_sc,BEFORE,N1,124,0.00029882326290904445
sleep_edf_sc,BEFORE,N2,465,0.0011205872359089167
sleep_edf_sc,BEFORE,N3,85,0.00020483852699410305
sleep_edf_sc,BEFORE,REM,180,0.0004337757042228065
sleep_edf_sc,BEFORE,Wake,1863,0.004489578538706047
sleep_edf_sc,BEFORE,N1,147,0.0003542501584486253
sleep_edf_sc,BEFORE,N2,543,0.0013085567077387996
sleep_edf_sc,BEFORE,N3,21,5.060716549266076e-05
sleep_edf_sc,BEFORE,REM,170,0.0004096770539882061
sleep_edf_sc,BEFORE,Wake,1843,0.004441381238236846
sleep_edf_sc,BEFORE,N1,199,0.00047956313966854714
sleep_edf_sc,BEFORE,N2,557,0.00134229481806724
sleep_edf_sc,BEFORE,N3,5,1.204932511730018e-05
sleep_edf_sc,BEFORE,REM,135,0.00032533177816710486
sleep_edf_sc,BEFORE,Wake,1813,0.004369085287533045
sleep_edf_sc,BEFORE,N1,208,0.0005012519248796875
sleep_edf_sc,BEFORE,N2,461,0.0011109477758150766
sleep_edf_sc,BEFORE,N3,78,0.0001879694718298828
sleep_edf_sc,BEFORE,REM,120,0.00028918380281520433
sleep_edf_sc,BEFORE,Wake,2039,0.004913714782835013
sleep_edf_sc,BEFORE,N1,91,0.00021929771713486326
sleep_edf_sc,BEFORE,N2,487,0.0011736042664250376
sleep_edf_sc,BEFORE,N3,48,0.00011567352112608173
sleep_edf_sc,BEFORE,REM,107,0.00025785555751022384
sleep_edf_sc,BEFORE,Wake,2054,0.004949862758186914
sleep_edf_sc,BEFORE,N1,115,0.00027713447769790413
sleep_edf_sc,BEFORE,N2,395,0.0009518966842667142
sleep_edf_sc,BEFORE,N3,1,2.409865023460036e-06
sleep_edf_sc,BEFORE,REM,245,0.0005904169307477088
sleep_edf_sc,BEFORE,Wake,1746,0.004207624330961223
sleep_edf_sc,BEFORE,N1,521,0.0012555396772226787
sleep_edf_sc,BEFORE,N2,272,0.0006554832863811297
sleep_edf_sc,BEFORE,N3,50,0.0001204932511730018
sleep_edf_sc,BEFORE,REM,113,0.00027231474765098405
sleep_edf_sc,BEFORE,Wake,1935,0.0046630888203951695
sleep_edf_sc,BEFORE,N1,365,0.0008796007335629131
sleep_edf_sc,BEFORE,N2,335,0.0008073047828591121
sleep_edf_sc,BEFORE,N3,28,6.747622065688101e-05
sleep_edf_sc,BEFORE,REM,137,0.00033015150821402494
sleep_edf_sc,BEFORE,Wake,1887,0.004547415299269088
sleep_edf_sc,BEFORE,N1,186,0.0004482348943635667
sleep_edf_sc,BEFORE,N2,513,0.0012362607570349984
sleep_edf_sc,BEFORE,N3,0,0.0
sleep_edf_sc,BEFORE,REM,250,0.000602466255865009
sleep_edf_sc,BEFORE,Wake,1953,0.004706466390817451
sleep_edf_sc,BEFORE,N1,104,0.00025062596243984373
sleep_edf_sc,BEFORE,N2,569,0.0013712131983487604
sleep_edf_sc,BEFORE,N3,29,6.988608568034104e-05
sleep_edf_sc,BEFORE,REM,218,0.0005253505751142878
sleep_edf_sc,BEFORE,Wake,1837,0.004426922048096086
sleep_edf_sc,BEFORE,N1,152,0.00036629948356592547
sleep_edf_sc,BEFORE,N2,578,0.0013929019835599008
sleep_edf_sc,BEFORE,N3,10,2.409865023460036e-05
sleep_edf_sc,BEFORE,REM,161,0.0003879882687770658
sleep_edf_sc,BEFORE,Wake,1804,0.004347396502321905
sleep_edf_sc,BEFORE,N1,195,0.000469923679574707
sleep_edf_sc,BEFORE,N2,543,0.0013085567077387996
sleep_edf_sc,BEFORE,N3,6,1.4459190140760216e-05
sleep_edf_sc,BEFORE,REM,86,0.0002072483920175631
sleep_edf_sc,BEFORE,Wake,1842,0.004438971373213386
sleep_edf_sc,BEFORE,N1,199,0.00047956313966854714
sleep_edf_sc,BEFORE,N2,363,0.0008747810035159931
sleep_edf_sc,BEFORE,N3,157,0.00037834880868322567
sleep_edf_sc,BEFORE,REM,258,0.0006217451760526893
sleep_edf_sc,BEFORE,Wake,1313,0.0031641527758030272
sleep_edf_sc,BEFORE,N1,194,0.000467513814551247
sleep_edf_sc,BEFORE,N2,277,0.00066753261149843
sleep_edf_sc,BEFORE,N3,101,0.00024339636736946362
sleep_edf_sc,BEFORE,REM,155,0.0003735290786363056
sleep_edf_sc,BEFORE,Wake,1982,0.004776352476497791
sleep_edf_sc,BEFORE,N1,38,9.157487089148137e-05
sleep_edf_sc,BEFORE,N2,252,0.0006072859859119291
sleep_edf_sc,BEFORE,N3,288,0.0006940411267564903
sleep_edf_sc,BEFORE,REM,170,0.0004096770539882061
sleep_edf_sc,BEFORE,Wake,1868,0.004501627863823347
sleep_edf_sc,BEFORE,N1,223,0.000537399900231588
sleep_edf_sc,BEFORE,N2,264,0.0006362043661934495
sleep_edf_sc,BEFORE,N3,196,0.00047233354459816704
sleep_edf_sc,BEFORE,REM,249,0.000600056390841549
sleep_edf_sc,BEFORE,Wake,1707,0.004113639595046282
sleep_edf_sc,BEFORE,N1,123,0.00029641339788558443
sleep_edf_sc,BEFORE,N2,276,0.0006651227464749699
sleep_edf_sc,BEFORE,N3,139,0.000334971238260945
sleep_edf_sc,BEFORE,REM,399,0.0009615361443605544
sleep_edf_sc,BEFORE,Wake,1876,0.004520906784011028
sleep_edf_sc,BEFORE,N1,96,0.00023134704225216346
sleep_edf_sc,BEFORE,N2,479,0.0011543253462373572
sleep_edf_sc,BEFORE,N3,65,0.00015664122652490233
sleep_edf_sc,BEFORE,REM,214,0.0005157111150204477
sleep_edf_sc,BEFORE,Wake,1499,0.003612387670166594
sleep_edf_sc,BEFORE,N1,276,0.0006651227464749699
sleep_edf_sc,BEFORE,N2,745,0.0017953494424777269
sleep_edf_sc,BEFORE,N3,14,3.3738110328440504e-05
sleep_edf_sc,BEFORE,REM,78,0.0001879694718298828
sleep_edf_sc,BEFORE,Wake,1959,0.00472092558095821
sleep_edf_sc,BEFORE,N1,347,0.0008362231631406325
sleep_edf_sc,BEFORE,N2,431,0.0010386518251112756
sleep_edf_sc,BEFORE,N3,4,9.639460093840145e-06
sleep_edf_sc,BEFORE,REM,115,0.00027713447769790413
sleep_edf_sc,BEFORE,Wake,1987,0.0047884018016150914
sleep_edf_sc,BEFORE,N1,131,0.00031569231807326473
sleep_edf_sc,BEFORE,N2,481,0.0011591450762842774
sleep_edf_sc,BEFORE,N3,39,9.39847359149414e-05
sleep_edf_sc,BEFORE,REM,120,0.00028918380281520433
sleep_edf_sc,BEFORE,Wake,1965,0.004735384771098971
sleep_edf_sc,BEFORE,N1,157,0.00037834880868322567
sleep_edf_sc,BEFORE,N2,558,0.0013447046830907
sleep_edf_sc,BEFORE,N3,28,6.747622065688101e-05
sleep_edf_sc,BEFORE,REM,140,0.00033738110328440505
sleep_edf_sc,BEFORE,Wake,2041,0.0049185345128819336
sleep_edf_sc,BEFORE,N1,179,0.0004313658391993464
sleep_edf_sc,BEFORE,N2,382,0.0009205684389617338
sleep_edf_sc,BEFORE,N3,0,0.0
sleep_edf_sc,BEFORE,REM,78,0.0001879694718298828
sleep_edf_sc,BEFORE,Wake,1902,0.004583563274620989
sleep_edf_sc,BEFORE,N1,243,0.0005855972007007888
sleep_edf_sc,BEFORE,N2,518,0.0012483100821522987
sleep_edf_sc,BEFORE,N3,0,0.0
sleep_edf_sc,BEFORE,REM,127,0.00030605285797942456
sleep_edf_sc,BEFORE,Wake,1640,0.003952178638474459
sleep_edf_sc,BEFORE,N1,100,0.0002409865023460036
sleep_edf_sc,BEFORE,N2,821,0.0019784991842606895
sleep_edf_sc,BEFORE,N3,140,0.00033738110328440505
sleep_edf_sc,BEFORE,REM,159,0.0003831685387301457
sleep_edf_sc,BEFORE,Wake,1774,0.004275100551618104
sleep_edf_sc,BEFORE,N1,204,0.0004916124647858474
sleep_edf_sc,BEFORE,N2,463,0.0011157675058619968
sleep_edf_sc,BEFORE,N3,186,0.0004482348943635667
sleep_edf_sc,BEFORE,REM,211,0.0005084815199500676
sleep_edf_sc,BEFORE,Wake,1717,0.004137738245280882
sleep_edf_sc,BEFORE,N1,375,0.0009036993837975135
sleep_edf_sc,BEFORE,N2,422,0.0010169630399001351
sleep_edf_sc,BEFORE,N3,40,9.639460093840144e-05
sleep_edf_sc,BEFORE,REM,110,0.00026508515258060394
sleep_edf_sc,BEFORE,Wake,1843,0.004441381238236846
sleep_edf_sc,BEFORE,N1,235,0.0005663182805131084
sleep_edf_sc,BEFORE,N2,414,0.000997684119712455
sleep_edf_sc,BEFORE,N3,78,0.0001879694718298828
sleep_edf_sc,BEFORE,REM,250,0.000602466255865009
sleep_edf_sc,BEFORE,Wake,1751,0.004219673656078523
sleep_edf_sc,BEFORE,N1,356,0.0008579119483517728
sleep_edf_sc,BEFORE,N2,507,0.0012218015668942382
sleep_edf_sc,BEFORE,N3,17,4.096770539882061e-05
sleep_edf_sc,BEFORE,REM,149,0.00035906988849554537
sleep_edf_sc,BEFORE,Wake,1904,0.004588383004667908
sleep_edf_sc,BEFORE,N1,213,0.0005133012499969877
sleep_edf_sc,BEFORE,N2,339,0.0008169442429529522
sleep_edf_sc,BEFORE,N3,29,6.988608568034104e-05
sleep_edf_sc,BEFORE,REM,95,0.0002289371772287034
sleep_edf_sc,BEFORE,Wake,1698,0.004091950809835141
sleep_edf_sc,BEFORE,N1,143,0.00034461069835478516
sleep_edf_sc,BEFORE,N2,698,0.001682085786375105
sleep_edf_sc,BEFORE,N3,35,8.434527582110126e-05
sleep_edf_sc,BEFORE,REM,105,0.0002530358274633038
sleep_edf_sc,BEFORE,Wake,1816,0.004376314882603425
sleep_edf_sc,BEFORE,N1,233,0.0005614985504661884
sleep_edf_sc,BEFORE,N2,444,0.001069980070416256
sleep_edf_sc,BEFORE,N3,33,7.952554577418119e-05
sleep_edf_sc,BEFORE,REM,98,0.00023616677229908352
sleep_edf_sc,BEFORE,Wake,1769,0.004263051226500804
sleep_edf_sc,BEFORE,N1,234,0.0005639084154896484
sleep_edf_sc,BEFORE,N2,605,0.0014579683391933217
sleep_edf_sc,BEFORE,N3,4,9.639460093840145e-06
sleep_edf_sc,BEFORE,REM,118,0.00028436407276828424
sleep_edf_sc,BEFORE,Wake,2009,0.004841418832131212
sleep_edf_sc,BEFORE,N1,230,0.0005542689553958083
sleep_edf_sc,BEFORE,N2,446,0.001074799800463176
sleep_edf_sc,BEFORE,N3,0,0.0
sleep_edf_sc,BEFORE,REM,135,0.00032533177816710486
sleep_edf_sc,BEFORE,Wake,1568,0.0037786683567853363
sleep_edf_sc,BEFORE,N1,259,0.0006241550410761494
sleep_edf_sc,BEFORE,N2,341,0.0008217639729998723
sleep_edf_sc,BEFORE,N3,0,0.0
sleep_edf_sc,BEFORE,REM,174,0.0004193165140820463
sleep_edf_sc,BEFORE,Wake,1926,0.00464140003518403
sleep_edf_sc,BEFORE,N1,240,0.0005783676056304087
sleep_edf_sc,BEFORE,N2,444,0.001069980070416256
sleep_edf_sc,BEFORE,N3,0,0.0
sleep_edf_sc,BEFORE,REM,136,0.0003277416431905649
sleep_edf_sc,BEFORE,Wake,1953,0.004706466390817451
sleep_edf_sc,BEFORE,N1,222,0.000534990035208128
sleep_edf_sc,BEFORE,N2,470,0.0011326365610262168
sleep_edf_sc,BEFORE,N3,0,0.0
sleep_edf_sc,BEFORE,REM,135,0.00032533177816710486
sleep_edf_sc,BEFORE,Wake,1550,0.003735290786363056
sleep_edf_sc,BEFORE,N1,470,0.0011326365610262168
sleep_edf_sc,BEFORE,N2,363,0.0008747810035159931
sleep_edf_sc,BEFORE,N3,0,0.0
sleep_edf_sc,BEFORE,REM,136,0.0003277416431905649
sleep_edf_sc,BEFORE,Wake,1708,0.004116049460069741
sleep_edf_sc,BEFORE,N1,158,0.0003807586737066857
sleep_edf_sc,BEFORE,N2,610,0.001470017664310622
sleep_edf_sc,BEFORE,N3,0,0.0
sleep_edf_sc,BEFORE,REM,213,0.0005133012499969877
sleep_edf_sc,BEFORE,Wake,1895,0.004566694219456768
sleep_edf_sc,BEFORE,N1,207,0.0004988420598562275
sleep_edf_sc,BEFORE,N2,340,0.0008193541079764122
sleep_edf_sc,BEFORE,N3,0,0.0
sleep_edf_sc,BEFORE,REM,208,0.0005012519248796875
sleep_edf_sc,BEFORE,Wake,2064,0.004973961408421514
sleep_edf_sc,BEFORE,N1,102,0.0002458062323929237
sleep_edf_sc,BEFORE,N2,467,0.0011254069659558368
sleep_edf_sc,BEFORE,N3,0,0.0
sleep_edf_sc,BEFORE,REM,47,0.0001132636561026217
sleep_edf_sc,BEFORE,Wake,1799,0.004335347177204605
sleep_edf_sc,BEFORE,N1,143,0.00034461069835478516
sleep_edf_sc,BEFORE,N2,436,0.0010507011502285757
sleep_edf_sc,BEFORE,N3,20,4.819730046920072e-05
sleep_edf_sc,BEFORE,REM,72,0.00017351028168912259
sleep_edf_sc,BEFORE,Wake,1996,0.004810090586826232
sleep_edf_sc,BEFORE,N1,127,0.00030605285797942456
sleep_edf_sc,BEFORE,N2,425,0.0010241926349705153
sleep_edf_sc,BEFORE,N3,27,6.506635563342098e-05
sleep_edf_sc,BEFORE,REM,35,8.434527582110126e-05
sleep_edf_sc,BEFORE,Wake,1839,0.004431741778143006
sleep_edf_sc,BEFORE,N1,161,0.0003879882687770658
sleep_edf_sc,BEFORE,N2,268,0.0006458438262872897
sleep_edf_sc,BEFORE,N3,0,0.0
sleep_edf_sc,BEFORE,REM,394,0.0009494868192432542
sleep_edf_sc,BEFORE,Wake,1833,0.004417282588002246
sleep_edf_sc,BEFORE,N1,348,0.0008386330281640926
sleep_edf_sc,BEFORE,N2,461,0.0011109477758150766
sleep_edf_sc,BEFORE,N3,5,1.204932511730018e-05
sleep_edf_sc,BEFORE,REM,109,0.0002626752875571439
sleep_edf_sc,BEFORE,Wake,1671,0.00402688445420172
sleep_edf_sc,BEFORE,N1,111,0.000267495017604064
sleep_edf_sc,BEFORE,N2,240,0.0005783676056304087
sleep_edf_sc,BEFORE,N3,87,0.00020965825704102314
sleep_edf_sc,BEFORE,REM,133,0.00032051204812018477
sleep_edf_sc,BEFORE,Wake,1821,0.004388364207720726
sleep_edf_sc,BEFORE,N1,203,0.0004892025997623873
sleep_edf_sc,BEFORE,N2,595,0.0014338696889587214
sleep_edf_sc,BEFORE,N3,13,3.1328245304980466e-05
sleep_edf_sc,BEFORE,REM,142,0.00034220083333132514
sleep_edf_sc,BEFORE,Wake,1923,0.0046341704401136495
sleep_edf_sc,BEFORE,N1,204,0.0004916124647858474
sleep_edf_sc,BEFORE,N2,541,0.0013037369776918795
sleep_edf_sc,BEFORE,N3,6,1.4459190140760216e-05
sleep_edf_sc,BEFORE,REM,136,0.0003277416431905649
sleep_edf_sc,BEFORE,Wake,1469,0.0035400917194627927
sleep_edf_sc,BEFORE,N1,88,0.00021206812206448316
sleep_edf_sc,BEFORE,N2,528,0.001272408732386899
sleep_edf_sc,BEFORE,N3,121,0.00029159366783866435
sleep_edf_sc,BEFORE,REM,196,0.00047233354459816704
sleep_edf_sc,BEFORE,Wake,1689,0.004070262024624001
sleep_edf_sc,BEFORE,N1,138,0.00033256137323748496
sleep_edf_sc,BEFORE,N2,347,0.0008362231631406325
sleep_edf_sc,BEFORE,N3,102,0.0002458062323929237
sleep_edf_sc,BEFORE,REM,138,0.00033256137323748496
sleep_edf_sc,BEFORE,Wake,1858,0.004477529213588747
sleep_edf_sc,BEFORE,N1,66,0.00015905109154836238
sleep_edf_sc,BEFORE,N2,407,0.0009808150645482347
sleep_edf_sc,BEFORE,N3,162,0.0003903981338005258
sleep_edf_sc,BEFORE,REM,228,0.0005494492253488882
sleep_edf_sc,BEFORE,Wake,1954,0.00470887625584091
sleep_edf_sc,BEFORE,N1,121,0.00029159366783866435
sleep_edf_sc,BEFORE,N2,400,0.0009639460093840144
sleep_edf_sc,BEFORE,N3,156,0.0003759389436597656
sleep_edf_sc,BEFORE,REM,179,0.0004313658391993464
