dataset,subject_id,recording_id,source_role_contract,path,epoch_count,index_sha256,signal_reference_sha256,strictly_increasing,labels_finite,status
sleep_edf_sc,SC_00,SC4001E0,OVERLAY_ONLY,artifacts\remediation\ledger_repair\sleepedf_epoch_ledger_v2\sleep_edf_sc__SC4001E0__core_v1.npz,2650,1e8a39a02e29d2c8a08c76183b9784bd1442653719a2a32884e845afb4cad942,429174a1476eecfe2b6221b518002a4e35ab46239cb70dadd4ab03b099884aad,True,True,PASS
sleep_edf_sc,SC_00,SC4002E0,OVERLAY_ONLY,artifacts\remediation\ledger_repair\sleepedf_epoch_ledger_v2\sleep_edf_sc__SC4002E0__core_v1.npz,2829,2e6d04e55c3a677ff5cb4a17335d8c25d996247c5464369d5636dfba7eaa0f69,1a6983068fa5439f15e2c51c9a0aba7326e765d201af89b7cb015c067cb0eba3,True,True,PASS
sleep_edf_sc,SC_01,SC4011E0,OVERLAY_ONLY,artifacts\remediation\ledger_repair\sleepedf_epoch_ledger_v2\sleep_edf_sc__SC4011E0__core_v1.npz,2802,54ff0529c835a19c3593eeea3102e3c8c827e96909ec5b09f30d99e2d59bc51d,f6b8af930d093b07d7112fa9b8a41b1ecd111e6312c3603abcc38b8c2f4e12b1,True,True,PASS
sleep_edf_sc,SC_01,SC4012E0,OVERLAY_ONLY,artifacts\remediation\ledger_repair\sleepedf_epoch_ledger_v2\sleep_edf_sc__SC4012E0__core_v1.npz,2848,ac571fa0fd8358ef19bd0f26f6033c33d1d22b5d5d7433b7bb9f1b351bbc6b95,1dfe0dd73f9659835b1b47afd9813cdcf1177cf2425b6e6d9fc3b8dad235e829,True,True,PASS
sleep_edf_sc,SC_02,SC4021E0,OVERLAY_ONLY,artifacts\remediation\ledger_repair\sleepedf_epoch_ledger_v2\sleep_edf_sc__SC4021E0__core_v1.npz,2804,2b869eb5977c38c6d54e654e3fe1af1790a2f4a64c8e76cea263d1d026f3efef,9b0414a0a91ddb934d6f0a92abe3fc175fbbf46dff4645a8e7bae12857f4a054,True,True,PASS
sleep_edf_sc,SC_02,SC4022E0,OVERLAY_ONLY,artifacts\remediation\ledger_repair\sleepedf_epoch_ledger_v2\sleep_edf_sc__SC4022E0__core_v1.npz,2755,bca2551421d3ad340ff27badcf3c31d23414de5bd94670851ec5a2f85557158d,a1abcb1cc8ec1b4dbd44286b744b8a1524399cf2dbf2a747cf7480b669944ed9,True,True,PASS
sleep_edf_sc,SC_03,SC4031E0,OVERLAY_ONLY,artifacts\remediation\ledger_repair\sleepedf_epoch_ledger_v2\sleep_edf_sc__SC4031E0__core_v1.npz,2820,aff6c231c12e69f1704adb07c38b01a33cddf84dc28401d91b74faac66e82117,b20c482de4f55d752898f2918522c886b9a568df6bfbe802053694fe59ec8a26,True,True,PASS
sleep_edf_sc,SC_03,SC4032E0,OVERLAY_ONLY,artifacts\remediation\ledger_repair\sleepedf_epoch_ledger_v2\sleep_edf_sc__SC4032E0__core_v1.npz,2732,425aac88173311836ebfd5a942cf8f94c1c1f7894513c8dfe57ea002e6af0445,58076800b27fc77e5e8591e7f4ff786ca51a266aaea4da67468140f6d669d325,True,True,PASS
sleep_edf_sc,SC_04,SC4041E0,OVERLAY_ONLY,artifacts\remediation\ledger_repair\sleepedf_epoch_ledger_v2\sleep_edf_sc__SC4041E0__core_v1.npz,2569,49533ea33afe91652946de171b42a76134c9235fc270b87a2c5a6537d63e29ea,fcd24c47e18efca94e459161e8538f9d8c7ad3edd4b25a4c42ff55fd706b51f9,True,True,PASS
sleep_edf_sc,SC_04,SC4042E0,OVERLAY_ONLY,artifacts\remediation\ledger_repair\sleepedf_epoch_ledger_v2\sleep_edf_sc__SC4042E0__core_v1.npz,2788,b082b759d81c1ea74a1ce80b2bd49074a3e4d13e5a1a65ae8f74b59d86fdb377,5b205fc5fef30555b1912839a3af452ab88fc2cda82c4cfd04ee27967b2afb6e,True,True,PASS
sleep_edf_sc,SC_05,SC4051E0,OVERLAY_ONLY,artifacts\remediation\ledger_repair\sleepedf_epoch_ledger_v2\sleep_edf_sc__SC4051E0__core_v1.npz,2722,59572c9dddb7244978f89aa39efb6fed17f0bc90353758d84ef88a56c0fe6c86,78491986a5997d015fb9f0663244ca48aa470bbbb4e782495373aae16e97d9f4,True,True,PASS
sleep_edf_sc,SC_05,SC4052E0,OVERLAY_ONLY,artifacts\remediation\ledger_repair\sleepedf_epoch_ledger_v2\sleep_edf_sc__SC4052E0__core_v1.npz,2804,4533b04c4dd73aec4f38a0a0bb90f09a2d5ef8ebe118363d9b2ae9d452623efd,5f45f09f6750846fbf5cbf1711a5fd6ed25984b316f0d5d256f5c3e41ad999ef,True,True,PASS
sleep_edf_sc,SC_06,SC4061E0,OVERLAY_ONLY,artifacts\remediation\ledger_repair\sleepedf_epoch_ledger_v2\sleep_edf_sc__SC4061E0__core_v1.npz,2770,07e967c7fd0e3f1e7cc86cf932a78d6abea50153bac45be0ea288a743f2d9c4d,1491cd0f5a436646d6b3ab30232f66822217421e4685ad504e9556ac43a89b33,True,True,PASS
sleep_edf_sc,SC_06,SC4062E0,OVERLAY_ONLY,artifacts\remediation\ledger_repair\sleepedf_epoch_ledger_v2\sleep_edf_sc__SC4062E0__core_v1.npz,2830,851dc2daa59da72fb3449e1a55252fc6e141ba12e52b888bfcd020d6bd279192,efc59e606a713b1d647585b33b6e4fb5b6c64a61e139e08fe6c2e0a653d9518a,True,True,PASS
sleep_edf_sc,SC_07,SC4071E0,OVERLAY_ONLY,artifacts\remediation\ledger_repair\sleepedf_epoch_ledger_v2\sleep_edf_sc__SC4071E0__core_v1.npz,2810,3d0d0453a7b1b4038bf63ffff173aa5e29de0b47058288afa712ac52382b7d70,123a5fff5f6a20f36f3abbccc97b8c626fc613494f870e06476ccaf3a5822950,True,True,PASS
sleep_edf_sc,SC_07,SC4072E0,OVERLAY_ONLY,artifacts\remediation\ledger_repair\sleepedf_epoch_ledger_v2\sleep_edf_sc__SC4072E0__core_v1.npz,2770,07e967c7fd0e3f1e7cc86cf932a78d6abea50153bac45be0ea288a743f2d9c4d,512d63a101cbe31573b3e47b9c0d51104f62898b32d0497be011ae8746573f1d,True,True,PASS
sleep_edf_sc,SC_08,SC4081E0,OVERLAY_ONLY,artifacts\remediation\ledger_repair\sleepedf_epoch_ledger_v2\sleep_edf_sc__SC4081E0__core_v1.npz,2796,1ed844093941f47e3673b34ff49843ead3c6a1c806bf7048c58e876cbe92eedd,a094a879fa21fc7c9f42e6a39a52c9b640bf9ebd1bb9c0ef6c0e0dc969deea4f,True,True,PASS
sleep_edf_sc,SC_08,SC4082E0,OVERLAY_ONLY,artifacts\remediation\ledger_repair\sleepedf_epoch_ledger_v2\sleep_edf_sc__SC4082E0__core_v1.npz,2634,0608c2f83332ba9eb871c892fc5457425c1abd48703e2535cec96b634bd39391,99fa55fbd389150e24c011dce1509ce199e6f26bc7ca6fc421ec138d5b407a3e,True,True,PASS
sleep_edf_sc,SC_09,SC4091E0,OVERLAY_ONLY,artifacts\remediation\ledger_repair\sleepedf_epoch_ledger_v2\sleep_edf_sc__SC4091E0__core_v1.npz,2721,443ecacb1c4e951941fcf7eb79a10d67c42d349a334b7380cac743232b575340,ac34d80de09452af15a075455d7ba9a164f160998bd0f0bc455f288685a166f6,True,True,PASS
sleep_edf_sc,SC_09,SC4092E0,OVERLAY_ONLY,artifacts\remediation\ledger_repair\sleepedf_epoch_ledger_v2\sleep_edf_sc__SC4092E0__core_v1.npz,2044,28925a0bfa6d6bd27f2b2d88ef152e2ade936ce0853537d3f03139862a41445e,ef890eee068311675aefb361963dfa3ad4a75252ff6aa7e3a9ec077ccf689a37,True,True,PASS
sleep_edf_sc,SC_10,SC4101E0,OVERLAY_ONLY,artifacts\remediation\ledger_repair\sleepedf_epoch_ledger_v2\sleep_edf_sc__SC4101E0__core_v1.npz,2719,bbfb96c2aced2c9a2f34e2749a3335b38ffc7ca3d4acb4c341ab686f690deaa7,7b2a9be1a6e7f27493a537d02dae8371d7fe90e7109d5d4dc8eea90992e49048,True,True,PASS
sleep_edf_sc,SC_10,SC4102E0,OVERLAY_ONLY,artifacts\remediation\ledger_repair\sleepedf_epoch_ledger_v2\sleep_edf_sc__SC4102E0__core_v1.npz,2857,ea71d22e0a123c3931197ef0e79ceb016bfe6e9b241399eb8b140ae5b10df352,12a46e0ae4982bc092c554daa75544125dfbe274d4d9ad1794e288a1f8fc49c8,True,True,PASS
sleep_edf_sc,SC_11,SC4111E0,OVERLAY_ONLY,artifacts\remediation\ledger_repair\sleepedf_epoch_ledger_v2\sleep_edf_sc__SC4111E0__core_v1.npz,2641,77f0f129badf4c8d44f237b87336d3c2ad8d492e5b0f0c0f92456ca3806c1554,a6f97ef2eb9d467492ea49428896027a8d7fcdd9952ba04cade51f178267de26,True,True,PASS
sleep_edf_sc,SC_11,SC4112E0,OVERLAY_ONLY,artifacts\remediation\ledger_repair\sleepedf_epoch_ledger_v2\sleep_edf_sc__SC4112E0__core_v1.npz,2780,a8e360f18004db8b59a3fabab0ad44f5b4cddec5b008fad94993a511f8082f4a,70175fedcf6e90b9641f34db9d3d2392d7d8a69f2412583340e0b54866846acc,True,True,PASS
sleep_edf_sc,SC_12,SC4121E0,OVERLAY_ONLY,artifacts\remediation\ledger_repair\sleepedf_epoch_ledger_v2\sleep_edf_sc__SC4121E0__core_v1.npz,2685,bd76deeb56270ae5d0c1124772e03b46bce4e24965c96c836c911880181f4924,1b8c2e096737ad38df8c97cf71dfc948954b1f85593996b24974278862cae380,True,True,PASS
sleep_edf_sc,SC_12,SC4122E0,OVERLAY_ONLY,artifacts\remediation\ledger_repair\sleepedf_epoch_ledger_v2\sleep_edf_sc__SC4122E0__core_v1.npz,2606,fc385ae67a1ae67f6b3b5fa279e4b891ce778ec97ff9f62ee9c9f1e550e5dfd7,1a956c2b22f2d1554f05929e923e76477d391fae02eebf3391172c1f331f55a6,True,True,PASS
sleep_edf_sc,SC_13,SC4131E0,OVERLAY_ONLY,artifacts\remediation\ledger_repair\sleepedf_epoch_ledger_v2\sleep_edf_sc__SC4131E0__core_v1.npz,2814,430298533a8dcdb118b3dda061f53969ec156a65dab6edd215ec0651d0d8c43f,926fae92b4be161fd4f622da62f3908544fbb6b74b970deaf53467ee2fdcf4b5,True,True,PASS
sleep_edf_sc,SC_14,SC4141E0,OVERLAY_ONLY,artifacts\remediation\ledger_repair\sleepedf_epoch_ledger_v2\sleep_edf_sc__SC4141E0__core_v1.npz,2756,c6812a45074b1bf522aeaf528a155639e215a41a438b06dab168e1c160005436,92e66a2f5c4560d0f2e15bf89564e34415ebd17a53df4a27c92ef524ea447ef7,True,True,PASS
sleep_edf_sc,SC_14,SC4142E0,OVERLAY_ONLY,artifacts\remediation\ledger_repair\sleepedf_epoch_ledger_v2\sleep_edf_sc__SC4142E0__core_v1.npz,2774,6939793302332a893aac44bcb9b13dc8e0b1bbf342a08e35bc1560d2c52d3539,4d6533653ff0eec3f75f6786f3f32e18d82877599ddef82de87e1f63d5d901e4,True,True,PASS
sleep_edf_sc,SC_15,SC4151E0,OVERLAY_ONLY,artifacts\remediation\ledger_repair\sleepedf_epoch_ledger_v2\sleep_edf_sc__SC4151E0__core_v1.npz,2616,abed9dd51caee1ca3b46eef20e7a81d62e6846a0acf5895029dddf9f59db4028,0597e260ee55696d4ecb047bf068fe32752bb2c9bb0786f3453ee7057acaea77,True,True,PASS
sleep_edf_sc,SC_15,SC4152E0,OVERLAY_ONLY,artifacts\remediation\ledger_repair\sleepedf_epoch_ledger_v2\sleep_edf_sc__SC4152E0__core_v1.npz,2859,2ef31f264fb28135139a8e0de1501c330d3f386a2a4ba538ddcbe04cc0d93364,0e2875da24d4a292844f909904901961d3d71ed4eb9aba2d316be43fd25d9e8c,True,True,PASS
sleep_edf_sc,SC_16,SC4161E0,OVERLAY_ONLY,artifacts\remediation\ledger_repair\sleepedf_epoch_ledger_v2\sleep_edf_sc__SC4161E0__core_v1.npz,2621,37b7ffa0e730445325ad6181d2bfa0301379a93fc67afd8c5632ec646c63b4cb,8f91067184ea3d880e338293e152f506b2e046e4db5cb58ebc919846765dbefb,True,True,PASS
sleep_edf_sc,SC_16,SC4162E0,OVERLAY_ONLY,artifacts\remediation\ledger_repair\sleepedf_epoch_ledger_v2\sleep_edf_sc__SC4162E0__core_v1.npz,2750,1e00b8f5749f28d8b2d6837e6f0d99fc9e54435e44824c9b6237fd091d8b9779,137d26e3ff91574c47a07284810573540073ccecf723675d687e8838c5d2cbbf,True,True,PASS
sleep_edf_sc,SC_17,SC4171E0,OVERLAY_ONLY,artifacts\remediation\ledger_repair\sleepedf_epoch_ledger_v2\sleep_edf_sc__SC4171E0__core_v1.npz,2741,17fae6e56b6c3fc93c7f023ba503f0ae111bc55a71dad632ee1d6cb8d8b8e085,5f2aab0a727a0bf89666fe3266540481f9c18d13c05a96c17408bef540255512,True,True,PASS
sleep_edf_sc,SC_17,SC4172E0,OVERLAY_ONLY,artifacts\remediation\ledger_repair\sleepedf_epoch_ledger_v2\sleep_edf_sc__SC4172E0__core_v1.npz,2720,35e87e5a3b55c862b28169303f30a38be63107e4e9140f236fadd456da35047b,ff8b502e21d327ee98ec170534e92855784fec5cdd8e90eee343b8eaba8745ff,True,True,PASS
sleep_edf_sc,SC_18,SC4181E0,OVERLAY_ONLY,artifacts\remediation\ledger_repair\sleepedf_epoch_ledger_v2\sleep_edf_sc__SC4181E0__core_v1.npz,2756,c6812a45074b1bf522aeaf528a155639e215a41a438b06dab168e1c160005436,e3f58adbfd7932fa19ba9ce2cab9bdf79e10fc96bfbcc9c6334ddd970ed83ecf,True,True,PASS
sleep_edf_sc,SC_18,SC4182E0,OVERLAY_ONLY,artifacts\remediation\ledger_repair\sleepedf_epoch_ledger_v2\sleep_edf_sc__SC4182E0__core_v1.npz,2842,4a0c3d6c2badf1216b90fcf6209df73d64fb7bf8097a98d9591969b7b002b416,3c92c1a3b9269a2f53f6383b8c1df8b525ccf1af7259a165b8ec0a2cb4498afb,True,True,PASS
sleep_edf_sc,SC_19,SC4191E0,OVERLAY_ONLY,artifacts\remediation\ledger_repair\sleepedf_epoch_ledger_v2\sleep_edf_sc__SC4191E0__core_v1.npz,2774,6939793302332a893aac44bcb9b13dc8e0b1bbf342a08e35bc1560d2c52d3539,de5d7a0eed7718ea8e2959724c3afe4d0041f02c31621734d06db4db412c8036,True,True,PASS
sleep_edf_sc,SC_19,SC4192E0,OVERLAY_ONLY,artifacts\remediation\ledger_repair\sleepedf_epoch_ledger_v2\sleep_edf_sc__SC4192E0__core_v1.npz,2605,f95d05522d722a4e883d468a5adb9dc732727bed987bc9fc93d62362144690ea,299c21f0af1382c86688d1dc7309a2a90e71f4b6e3343f7afd019d146839e6ce,True,True,PASS
sleep_edf_sc,SC_20,SC4201E0,OVERLAY_ONLY,artifacts\remediation\ledger_repair\sleepedf_epoch_ledger_v2\sleep_edf_sc__SC4201E0__core_v1.npz,2803,2a4762d65253a3efeb7d2ea98c6c151c5cc7932b0c431ba8c52a7a8c48c6a559,c61cc498f1fc79d377cd384eee071008459aa48a086144fae6d2f268ee820584,True,True,PASS
sleep_edf_sc,SC_20,SC4202E0,OVERLAY_ONLY,artifacts\remediation\ledger_repair\sleepedf_epoch_ledger_v2\sleep_edf_sc__SC4202E0__core_v1.npz,2670,ffa9706c17a861df706f6677cb5683152b674e7822f67270f1c766865ff728e2,5b52f5167c8a7f4a174db702848a7dde3c16921f24f283e13d62c13004004d3c,True,True,PASS
sleep_edf_sc,SC_21,SC4211E0,OVERLAY_ONLY,artifacts\remediation\ledger_repair\sleepedf_epoch_ledger_v2\sleep_edf_sc__SC4211E0__core_v1.npz,2805,a9c2baf7279548674ab4f30816eeb09be1906b229fc4e848df009248e90b909f,6350ddf18e51176f589885dbc7dd9ae8c59d3af32faa5f7d268d9051969da5c4,True,True,PASS
sleep_edf_sc,SC_21,SC4212E0,OVERLAY_ONLY,artifacts\remediation\ledger_repair\sleepedf_epoch_ledger_v2\sleep_edf_sc__SC4212E0__core_v1.npz,2694,cc9d47f057b47bfa546b7687df69e9ae3846223b5950a224240aed95d2085baa,6f156fa8c48c7a07cfe1f3dfc7260a0146210055afaf7d198af85d6865bb5b53,True,True,PASS
sleep_edf_sc,SC_22,SC4221E0,OVERLAY_ONLY,artifacts\remediation\ledger_repair\sleepedf_epoch_ledger_v2\sleep_edf_sc__SC4221E0__core_v1.npz,2700,a3db0838cd13be8fc8f1936d7b27ce2330e1ee7a283095b573c3a289f6035c28,f14ddbbc550798123056c2ebd8d4f01fe56f024503234179d1c1822b4cd39700,True,True,PASS
sleep_edf_sc,SC_22,SC4222E0,OVERLAY_ONLY,artifacts\remediation\ledger_repair\sleepedf_epoch_ledger_v2\sleep_edf_sc__SC4222E0__core_v1.npz,2760,5f3a2d895596c271fcc9d674ead266287a1bd4d4a0c40c48368a4e248caf1aab,5b6c46e5bcb17eb43ca457e48f14975926247d67394f4e772d6df32929977726,True,True,PASS
sleep_edf_sc,SC_23,SC4231E0,OVERLAY_ONLY,artifacts\remediation\ledger_repair\sleepedf_epoch_ledger_v2\sleep_edf_sc__SC4231E0__core_v1.npz,2743,94c73e67d2b8a2b5244a307bddffc2393330a275f2115d678624207b0f2647df,c22ff084cadd0deb54bdaa7d8d043407c88c0ddf92104c96ec1845e713eb3f92,True,True,PASS
sleep_edf_sc,SC_23,SC4232E0,OVERLAY_ONLY,artifacts\remediation\ledger_repair\sleepedf_epoch_ledger_v2\sleep_edf_sc__SC4232E0__core_v1.npz,2635,2830a0037d30c52d5539f388d2954d170b90d2fd0f96ba0f2e6be9b41505a6b8,2d04902f3ba3f0b38b9ad1076cfda1e58171d794a967ba1806f61d9bb47ed647,True,True,PASS
sleep_edf_sc,SC_24,SC4241E0,OVERLAY_ONLY,artifacts\remediation\ledger_repair\sleepedf_epoch_ledger_v2\sleep_edf_sc__SC4241E0__core_v1.npz,2700,dac5cbadb9a462e94c335ab846e066c88fe7de1fd325ee1e46da3dfc6d18226b,486590eeaf6a3c3a6232fb1eeb41ec4ffc4dbd1a3ccc87332a0b0affae9efd32,True,True,PASS
sleep_edf_sc,SC_24,SC4242E0,OVERLAY_ONLY,artifacts\remediation\ledger_repair\sleepedf_epoch_ledger_v2\sleep_edf_sc__SC4242E0__core_v1.npz,2710,7fe58dd5143bcb65f8934f83e3544c3b28db837079f2e929c82f7b4c8a11d43c,6c125af04e4bdc7b4be2ae5f8019e2f201fbc6c13326da47dbe8b90bf16631f5,True,True,PASS
sleep_edf_sc,SC_25,SC4251E0,OVERLAY_ONLY,artifacts\remediation\ledger_repair\sleepedf_epoch_ledger_v2\sleep_edf_sc__SC4251E0__core_v1.npz,2760,5f3a2d895596c271fcc9d674ead266287a1bd4d4a0c40c48368a4e248caf1aab,a973f58cc9801091bf553d4ccb5e284777bd58f1156b462aaf2d852505ca2061,True,True,PASS
sleep_edf_sc,SC_25,SC4252E0,OVERLAY_ONLY,artifacts\remediation\ledger_repair\sleepedf_epoch_ledger_v2\sleep_edf_sc__SC4252E0__core_v1.npz,2665,9f6cdb06213e36306388d091459362af00ccf7ba550d1c5ec76c9bd301832cf7,d329e80c7db8770b558e13c7b200704d3d9903d46765dbb13e65de2f3f348f26,True,True,PASS
sleep_edf_sc,SC_26,SC4261F0,OVERLAY_ONLY,artifacts\remediation\ledger_repair\sleepedf_epoch_ledger_v2\sleep_edf_sc__SC4261F0__core_v1.npz,2800,7c803436bf0942e7def0bf97c05ddc2b5aed301260acbd3e3369c75b97ebe12b,50e212111e43d8161f57f450927078905a5ea36294264015048c47b5943a105e,True,True,PASS
sleep_edf_sc,SC_26,SC4262F0,OVERLAY_ONLY,artifacts\remediation\ledger_repair\sleepedf_epoch_ledger_v2\sleep_edf_sc__SC4262F0__core_v1.npz,2720,3aaa55cd79a89ec4546c701370251405aa5b0bae0e4675576d388a13e57a0983,f58062d0be105aa22c8d0df06cb8a4ad895e6e069104ae3468331b2b6705cb50,True,True,PASS
sleep_edf_sc,SC_27,SC4271F0,OVERLAY_ONLY,artifacts\remediation\ledger_repair\sleepedf_epoch_ledger_v2\sleep_edf_sc__SC4271F0__core_v1.npz,2440,4cd7cac36779f29c2134f526a38d6f8350bd31b2631dcb0959dd44d6ca54a8d9,d18a3e0096bb2afe4f6117b8eeada120ce85efc9b1cffacad27317dd8ef85a0e,True,True,PASS
sleep_edf_sc,SC_27,SC4272F0,OVERLAY_ONLY,artifacts\remediation\ledger_repair\sleepedf_epoch_ledger_v2\sleep_edf_sc__SC4272F0__core_v1.npz,2870,7cb9750b111eec08543bef7d74fe5b58653fdb93222bf7427fae6f4c05648104,8e4063aa29fad7bed0cf0d4707b83d2435ef29cd9d5a9e39f269a0c85790243f,True,True,PASS
sleep_edf_sc,SC_28,SC4281G0,OVERLAY_ONLY,artifacts\remediation\ledger_repair\sleepedf_epoch_ledger_v2\sleep_edf_sc__SC4281G0__core_v1.npz,2788,ab26abd92732dee20b6327e5bb3f93d0cb4e9707e798fbd9f6b5eabbb6363648,8f8028ca97056bcf855b09b1f6cbdf9449001d225ed69803b2fa21c14068b16b,True,True,PASS
sleep_edf_sc,SC_28,SC4282G0,OVERLAY_ONLY,artifacts\remediation\ledger_repair\sleepedf_epoch_ledger_v2\sleep_edf_sc__SC4282G0__core_v1.npz,2814,430298533a8dcdb118b3dda061f53969ec156a65dab6edd215ec0651d0d8c43f,247ccd158f0716eb076ec0f492dc96cd5204c4176d6190083e64e875981455e8,True,True,PASS
sleep_edf_sc,SC_29,SC4291G0,OVERLAY_ONLY,artifacts\remediation\ledger_repair\sleepedf_epoch_ledger_v2\sleep_edf_sc__SC4291G0__core_v1.npz,2756,c6812a45074b1bf522aeaf528a155639e215a41a438b06dab168e1c160005436,202bef7ecde8cdcd699223da3e66bde3fc2e4ce07c94cfe059a270835eaf3cd1,True,True,PASS
sleep_edf_sc,SC_29,SC4292G0,OVERLAY_ONLY,artifacts\remediation\ledger_repair\sleepedf_epoch_ledger_v2\sleep_edf_sc__SC4292G0__core_v1.npz,2807,ac58538fca456a9413588e5b3c9f0c9eb25d1cba29824d101a8b900fbb4bee18,66e4c662ac562be4e70f77e9c33fe5c311a27fda5d3c67c7eac91fd717698b1d,True,True,PASS
sleep_edf_sc,SC_30,SC4301E0,OVERLAY_ONLY,artifacts\remediation\ledger_repair\sleepedf_epoch_ledger_v2\sleep_edf_sc__SC4301E0__core_v1.npz,2644,a69cf8e992f2a2fb2030d8372c70502b98e4af6a151602eddba58d57c837c74c,6e592cc2256e1959738a69344291f7f2730fe509f43b086d0f9f5daa4759d371,True,True,PASS
sleep_edf_sc,SC_30,SC4302E0,OVERLAY_ONLY,artifacts\remediation\ledger_repair\sleepedf_epoch_ledger_v2\sleep_edf_sc__SC4302E0__core_v1.npz,2808,087b9da5d1ac093b1616db39f41bcf70120bbb2bc3a9139a89b9159626f4dcef,b49a8a677e82106a65ce53cbccb4d87f4d4fcb4edde601733d21e80511908d78,True,True,PASS
sleep_edf_sc,SC_31,SC4311E0,OVERLAY_ONLY,artifacts\remediation\ledger_repair\sleepedf_epoch_ledger_v2\sleep_edf_sc__SC4311E0__core_v1.npz,2670,ffa9706c17a861df706f6677cb5683152b674e7822f67270f1c766865ff728e2,5ce69b3f59a21e870a88698cd6e342193d95966da908f71dd2b3d15c06cbe490,True,True,PASS
sleep_edf_sc,SC_31,SC4312E0,OVERLAY_ONLY,artifacts\remediation\ledger_repair\sleepedf_epoch_ledger_v2\sleep_edf_sc__SC4312E0__core_v1.npz,2700,a3db0838cd13be8fc8f1936d7b27ce2330e1ee7a283095b573c3a289f6035c28,0b48ce403b8b744ed99e0a3a88c43e85df846e34638fccb0dd09ef209b8c51a4,True,True,PASS
sleep_edf_sc,SC_32,SC4321E0,OVERLAY_ONLY,artifacts\remediation\ledger_repair\sleepedf_epoch_ledger_v2\sleep_edf_sc__SC4321E0__core_v1.npz,2689,3eeba9230f06e5c8b039c4b8f72561dfb12506a85f0771d5f9dc1ac443f0626f,ec86a838d7c084af9b8507f267b15457267ea47c29c7cfece06bc4044b0af612,True,True,PASS
sleep_edf_sc,SC_32,SC4322E0,OVERLAY_ONLY,artifacts\remediation\ledger_repair\sleepedf_epoch_ledger_v2\sleep_edf_sc__SC4322E0__core_v1.npz,2616,ad4773a4f2c42913af691f5bb9df3d331bee6719dd35aa9dd2676bfd49fa1da1,597ae333e33257d4a0e2af83870ca1b552bdfcdcca1169fbd27d382bc0c8610d,True,True,PASS
sleep_edf_sc,SC_33,SC4331F0,OVERLAY_ONLY,artifacts\remediation\ledger_repair\sleepedf_epoch_ledger_v2\sleep_edf_sc__SC4331F0__core_v1.npz,2809,2704ebf2f59834827c749073eb1f85eb750ec6a57230daf16312aa04ec498bde,db631fb97b233a535223bcf23d3f4271cdd5aa200a20f90ca57fcf1487598795,True,True,PASS
sleep_edf_sc,SC_33,SC4332F0,OVERLAY_ONLY,artifacts\remediation\ledger_repair\sleepedf_epoch_ledger_v2\sleep_edf_sc__SC4332F0__core_v1.npz,2758,11cb00b1d1e827e352ed197667c252f7e17edc4f086aff698b9a0973d84eeb6d,db70c8a56fc9e29a671e74f6003706cb3948906742b8dab4380a4063c479c4d8,True,True,PASS
sleep_edf_sc,SC_34,SC4341F0,OVERLAY_ONLY,artifacts\remediation\ledger_repair\sleepedf_epoch_ledger_v2\sleep_edf_sc__SC4341F0__core_v1.npz,2750,2d396e68e61d48d141cc4a281c19726d19e9b0f0f70209d256fd34379b037eae,a5d4512755d5a3dda8b187b15b09964a1e5d819284e6e5b6254be1d82e4e42e3,True,True,PASS
sleep_edf_sc,SC_34,SC4342F0,OVERLAY_ONLY,artifacts\remediation\ledger_repair\sleepedf_epoch_ledger_v2\sleep_edf_sc__SC4342F0__core_v1.npz,2790,01cae217ac9dddb098ca02c665a51924f64e7dc6d64c4e673463c5860e7d267a,b4c1d1925b235d51ef8bcda803ee4258e0f1ee31766ef078b9d6f05ba33f2873,True,True,PASS
sleep_edf_sc,SC_35,SC4351F0,OVERLAY_ONLY,artifacts\remediation\ledger_repair\sleepedf_epoch_ledger_v2\sleep_edf_sc__SC4351F0__core_v1.npz,2710,7fe58dd5143bcb65f8934f83e3544c3b28db837079f2e929c82f7b4c8a11d43c,ac59ae2cd27ffe420a7f894e818c33b07db53e94d3af32c8fa4c893d530c2ae6,True,True,PASS
sleep_edf_sc,SC_35,SC4352F0,OVERLAY_ONLY,artifacts\remediation\ledger_repair\sleepedf_epoch_ledger_v2\sleep_edf_sc__SC4352F0__core_v1.npz,2530,0fceee80d9a954cb71775011fc04cebf291d72a862ade9ee52ab7bb7b0871361,be92630e53243041a5f38773c7f05ff42a0c38b5dd4022192da91f2f111cf490,True,True,PASS
sleep_edf_sc,SC_36,SC4362F0,OVERLAY_ONLY,artifacts\remediation\ledger_repair\sleepedf_epoch_ledger_v2\sleep_edf_sc__SC4362F0__core_v1.npz,2266,b3e171075ed050f6cd62d8406fb2ada529c840039b4c3243f4297971e301b1c6,86e5948ff7d1ddfbe6ad2379d0413dc66a550a8123333dcb173efb37c7344e5e,True,True,PASS
sleep_edf_sc,SC_37,SC4371F0,OVERLAY_ONLY,artifacts\remediation\ledger_repair\sleepedf_epoch_ledger_v2\sleep_edf_sc__SC4371F0__core_v1.npz,2850,1ed637c0986f13da15b1278613826aaa6072fb61438dd42e9964ed74ae09c487,9ba51de83b668cbf5bf2e86f3f8c1e4c18b8d593ffec075900f3ad720b9d01a2,True,True,PASS
sleep_edf_sc,SC_37,SC4372F0,OVERLAY_ONLY,artifacts\remediation\ledger_repair\sleepedf_epoch_ledger_v2\sleep_edf_sc__SC4372F0__core_v1.npz,2840,c6ab31aac69ff2261c57e243daded418961b8890950e7653dcc72a58193aa4fc,34fed647d1cb2f6fb21a6ea8c0c5d2ee6601a2ce1d839b82a30367a2ead070c9,True,True,PASS
sleep_edf_sc,SC_38,SC4381F0,OVERLAY_ONLY,artifacts\remediation\ledger_repair\sleepedf_epoch_ledger_v2\sleep_edf_sc__SC4381F0__core_v1.npz,2750,2d396e68e61d48d141cc4a281c19726d19e9b0f0f70209d256fd34379b037eae,eacfc61e90875a9184acf7a56fa47b62b87f269c44420e5193bf0dc3259a3d2e,True,True,PASS
sleep_edf_sc,SC_38,SC4382F0,OVERLAY_ONLY,artifacts\remediation\ledger_repair\sleepedf_epoch_ledger_v2\sleep_edf_sc__SC4382F0__core_v1.npz,2770,07e967c7fd0e3f1e7cc86cf932a78d6abea50153bac45be0ea288a743f2d9c4d,a9e6d9d84f34aaf0694635be660c23db17709de5e8d78ad0ed10723c5997fe5b,True,True,PASS
sleep_edf_sc,SC_40,SC4401E0,OVERLAY_ONLY,artifacts\remediation\ledger_repair\sleepedf_epoch_ledger_v2\sleep_edf_sc__SC4401E0__core_v1.npz,2630,174d55eb84a2a60c77b353b3f900dd48e196acba31a1493492681cddf023c61d,40102bc9757d9508939c7d0c01fc359393803dfd5c9ba6df7b522327899e82b1,True,True,PASS
sleep_edf_sc,SC_40,SC4402E0,OVERLAY_ONLY,artifacts\remediation\ledger_repair\sleepedf_epoch_ledger_v2\sleep_edf_sc__SC4402E0__core_v1.npz,2790,01cae217ac9dddb098ca02c665a51924f64e7dc6d64c4e673463c5860e7d267a,a2191bfe991fa0ca9c6013a156dbf6cf638db0ff5115f6631014a702a84c1706,True,True,PASS
sleep_edf_sc,SC_41,SC4411E0,OVERLAY_ONLY,artifacts\remediation\ledger_repair\sleepedf_epoch_ledger_v2\sleep_edf_sc__SC4411E0__core_v1.npz,2728,152810094bd7c1397d39a61ebfb60e880fd3d437a2cdf82abe29ef0f83c431e2,841883577b1579b60979d20d360e99a5b7310cf03ef65ae2d84bff4edc38d739,True,True,PASS
sleep_edf_sc,SC_41,SC4412E0,OVERLAY_ONLY,artifacts\remediation\ledger_repair\sleepedf_epoch_ledger_v2\sleep_edf_sc__SC4412E0__core_v1.npz,2765,5fedc3544af69ba64e7c02eaace83564f5b255cfeb32da1259e8baaa2e0397d4,694cae1dbb3b33a79c0f2513061d05bd12085a96acb79149a76942d3c384a358,True,True,PASS
sleep_edf_sc,SC_42,SC4421E0,OVERLAY_ONLY,artifacts\remediation\ledger_repair\sleepedf_epoch_ledger_v2\sleep_edf_sc__SC4421E0__core_v1.npz,2764,e32edd2fd08948e368136aff47820514afc0e46f0d7d012dbd584d6a2bcb5f85,1a5e60871b4a2e281dd36e40c244c70b8e9e28cc17e035d56ac3cfa3ac43c672,True,True,PASS
sleep_edf_sc,SC_42,SC4422E0,OVERLAY_ONLY,artifacts\remediation\ledger_repair\sleepedf_epoch_ledger_v2\sleep_edf_sc__SC4422E0__core_v1.npz,2682,6b84bf121d5017f6bbd4fd7c99958668921f44d5a238e129660e92b5c945501a,f30602d7b7f493bf17ef10b266750a9027b54c4b1361e6e7744a0f3cbd29d539,True,True,PASS
sleep_edf_sc,SC_43,SC4431E0,OVERLAY_ONLY,artifacts\remediation\ledger_repair\sleepedf_epoch_ledger_v2\sleep_edf_sc__SC4431E0__core_v1.npz,2723,0a58c65b4192ab1df004c576980579c5f635f2998ee989ad5b2c735d3dbc3ca3,f50dead1581d1660d76419223bb24d908db170cec16abac771860d50739adf35,True,True,PASS
sleep_edf_sc,SC_43,SC4432E0,OVERLAY_ONLY,artifacts\remediation\ledger_repair\sleepedf_epoch_ledger_v2\sleep_edf_sc__SC4432E0__core_v1.npz,2780,a8e360f18004db8b59a3fabab0ad44f5b4cddec5b008fad94993a511f8082f4a,826e21689cc015dac0e6f3aec300a34ac29bec20ccbdc00673864c722e6ec4c9,True,True,PASS
sleep_edf_sc,SC_44,SC4441E0,OVERLAY_ONLY,artifacts\remediation\ledger_repair\sleepedf_epoch_ledger_v2\sleep_edf_sc__SC4441E0__core_v1.npz,2620,ee6586dc13caceb7153858c9dab7fb9c844197bfc3571f8dcc50ea62270ea8f6,29a2601144a22c99e3bed07bf5a296de298eddf2449e2075c7780656ceefac86,True,True,PASS
sleep_edf_sc,SC_44,SC4442E0,OVERLAY_ONLY,artifacts\remediation\ledger_repair\sleepedf_epoch_ledger_v2\sleep_edf_sc__SC4442E0__core_v1.npz,2778,a5a0547ead4932cc03e9bc63ebac54b0bf714814e36cd2b4130ad5274c742699,724f627774ecd5e92bb1ba97508a4fc46cc918b0131d2f5720941fadc9d74806,True,True,PASS
sleep_edf_sc,SC_45,SC4451F0,OVERLAY_ONLY,artifacts\remediation\ledger_repair\sleepedf_epoch_ledger_v2\sleep_edf_sc__SC4451F0__core_v1.npz,2790,01cae217ac9dddb098ca02c665a51924f64e7dc6d64c4e673463c5860e7d267a,7c218bcd20769e2ee5f30c653faf85408ae95ee42b97bb130deaa0175eda4053,True,True,PASS
sleep_edf_sc,SC_45,SC4452F0,OVERLAY_ONLY,artifacts\remediation\ledger_repair\sleepedf_epoch_ledger_v2\sleep_edf_sc__SC4452F0__core_v1.npz,2670,ffa9706c17a861df706f6677cb5683152b674e7822f67270f1c766865ff728e2,99fd4ba065632b531285453ae06c21385c364f096ec659c4fe8fea252927d1cd,True,True,PASS
sleep_edf_sc,SC_46,SC4461F0,OVERLAY_ONLY,artifacts\remediation\ledger_repair\sleepedf_epoch_ledger_v2\sleep_edf_sc__SC4461F0__core_v1.npz,2695,4401dbf8813c27948a8606052be6be0507fae80bce3e43c0475452fc5a7892cd,5f47b9926561d57479bfaa8c695bab6e76fdcb33c6409623fde7dce16446120c,True,True,PASS
sleep_edf_sc,SC_46,SC4462F0,OVERLAY_ONLY,artifacts\remediation\ledger_repair\sleepedf_epoch_ledger_v2\sleep_edf_sc__SC4462F0__core_v1.npz,2854,d5101a58c17d71c1e4e26946a7301858af4be0912fa3d0c91c5887480a8a838c,e7f3774a57cd57c67416a559e713f9de375e0568c6ca25917c93f9c68e1a5489,True,True,PASS
sleep_edf_sc,SC_47,SC4471F0,OVERLAY_ONLY,artifacts\remediation\ledger_repair\sleepedf_epoch_ledger_v2\sleep_edf_sc__SC4471F0__core_v1.npz,2739,94302d4a3f90686441e49a1ea3de9f861f95ba42da125fd8ea784aee26462648,cb8722853b049f7bebce3d8903c2ec6d6d2f7f61a3744619f4061c5895b2af28,True,True,PASS
sleep_edf_sc,SC_47,SC4472F0,OVERLAY_ONLY,artifacts\remediation\ledger_repair\sleepedf_epoch_ledger_v2\sleep_edf_sc__SC4472F0__core_v1.npz,2789,6e0a19958c43ed4faec73721a9655387f23fc0de0e8e5ae2bed136e93f836d92,a54031c09ffe1a1d6b8edbf38a148b1afcd3d5b6413382a8f69f8df4d7c4a235,True,True,PASS
sleep_edf_sc,SC_48,SC4481F0,OVERLAY_ONLY,artifacts\remediation\ledger_repair\sleepedf_epoch_ledger_v2\sleep_edf_sc__SC4481F0__core_v1.npz,2880,f22dd8d75cfd412fbe59cfd3befb95bd9682be4b4f17f5528232332f5c61159a,db89d0798b927613a22bb5708b339d12946f4afd581592b8efb1d46ee2b46a36,True,True,PASS
sleep_edf_sc,SC_48,SC4482F0,OVERLAY_ONLY,artifacts\remediation\ledger_repair\sleepedf_epoch_ledger_v2\sleep_edf_sc__SC4482F0__core_v1.npz,2880,f22dd8d75cfd412fbe59cfd3befb95bd9682be4b4f17f5528232332f5c61159a,9e501e95103af46c20e363ac9900153e9bbcd33a2e6dba4cdecf355d093b9bcc,True,True,PASS
sleep_edf_sc,SC_49,SC4491G0,OVERLAY_ONLY,artifacts\remediation\ledger_repair\sleepedf_epoch_ledger_v2\sleep_edf_sc__SC4491G0__core_v1.npz,2800,7c803436bf0942e7def0bf97c05ddc2b5aed301260acbd3e3369c75b97ebe12b,d0810305035db107ed80bfc6d3190bbe3210d7cfbc0ace361e4b76509678fdeb,True,True,PASS
sleep_edf_sc,SC_49,SC4492G0,OVERLAY_ONLY,artifacts\remediation\ledger_repair\sleepedf_epoch_ledger_v2\sleep_edf_sc__SC4492G0__core_v1.npz,2135,cb311b7903a04cb58603b3f7f659f27c7f709edb94e901a2245d40fe484e7487,a7e80c6728c9f732465e8b17dc9fb61e924502a42dec67657c72bb7494db7177,True,True,PASS
sleep_edf_sc,SC_50,SC4501E0,OVERLAY_ONLY,artifacts\remediation\ledger_repair\sleepedf_epoch_ledger_v2\sleep_edf_sc__SC4501E0__core_v1.npz,2750,2d396e68e61d48d141cc4a281c19726d19e9b0f0f70209d256fd34379b037eae,64f26b4d48f0195bb9c9280ff3e7dfaf0e3f14c4681038b8969587f6dd67e6c9,True,True,PASS
sleep_edf_sc,SC_50,SC4502E0,OVERLAY_ONLY,artifacts\remediation\ledger_repair\sleepedf_epoch_ledger_v2\sleep_edf_sc__SC4502E0__core_v1.npz,2770,07e967c7fd0e3f1e7cc86cf932a78d6abea50153bac45be0ea288a743f2d9c4d,5d2461091bd74541132e2931fffd36d1815e095ef8a533567b8a8145bf150397,True,True,PASS
sleep_edf_sc,SC_51,SC4511E0,OVERLAY_ONLY,artifacts\remediation\ledger_repair\sleepedf_epoch_ledger_v2\sleep_edf_sc__SC4511E0__core_v1.npz,2712,968cb1945d911a550db214c110015b1595be3e06a7a3845250cbc43e9ebe7ded,87067a5f744c3815c557ce4655f93e8fee3402bad6da942112282a34b98be72e,True,True,PASS
sleep_edf_sc,SC_51,SC4512E0,OVERLAY_ONLY,artifacts\remediation\ledger_repair\sleepedf_epoch_ledger_v2\sleep_edf_sc__SC4512E0__core_v1.npz,2750,2d396e68e61d48d141cc4a281c19726d19e9b0f0f70209d256fd34379b037eae,6b0116fb59740ebc1c3467df0163dd0f86e4ee178a8973609c595955f3a034bf,True,True,PASS
sleep_edf_sc,SC_52,SC4522E0,OVERLAY_ONLY,artifacts\remediation\ledger_repair\sleepedf_epoch_ledger_v2\sleep_edf_sc__SC4522E0__core_v1.npz,2774,6939793302332a893aac44bcb9b13dc8e0b1bbf342a08e35bc1560d2c52d3539,eb656aec953953c25023e3e61906f53f3e6d4693f3eddd76c8bc344f68147ad6,True,True,PASS
sleep_edf_sc,SC_53,SC4531E0,OVERLAY_ONLY,artifacts\remediation\ledger_repair\sleepedf_epoch_ledger_v2\sleep_edf_sc__SC4531E0__core_v1.npz,2602,f577810528fe4afa0b9ec28ea0cea29bf8fee2f812ca791d683f1511092a3f88,f4a32e65c43b7c1e1864121289bed0ca37a7ff340bc088318b41b1a179435185,True,True,PASS
sleep_edf_sc,SC_53,SC4532E0,OVERLAY_ONLY,artifacts\remediation\ledger_repair\sleepedf_epoch_ledger_v2\sleep_edf_sc__SC4532E0__core_v1.npz,2744,0d4b49d306e986e3267b12c4ce874157e02ceb0ee5ee3a697cffc043850afac9,060f8c58f681c567e6b68f970dfbf3937fb15f815497ecc57599940857f7aa8d,True,True,PASS
sleep_edf_sc,SC_54,SC4541F0,OVERLAY_ONLY,artifacts\remediation\ledger_repair\sleepedf_epoch_ledger_v2\sleep_edf_sc__SC4541F0__core_v1.npz,2739,b936f1d55578bc40bfc58cbdba722bae10a4488adc23accae3d9fcb2059bd5a7,1a1bd31146c7c75ce1097d35008bed6d03518ea69e596f2730a25118e664dcfc,True,True,PASS
sleep_edf_sc,SC_54,SC4542F0,OVERLAY_ONLY,artifacts\remediation\ledger_repair\sleepedf_epoch_ledger_v2\sleep_edf_sc__SC4542F0__core_v1.npz,2680,a0db20482f0aec3067d2b4774901e1f0259d2775fe56257b20313738b883c16a,0cb1e318f0a19ae3be931216c4de52bdcc57f3128e767bccd0888afd62cf3684,True,True,PASS
sleep_edf_sc,SC_55,SC4551F0,OVERLAY_ONLY,artifacts\remediation\ledger_repair\sleepedf_epoch_ledger_v2\sleep_edf_sc__SC4551F0__core_v1.npz,2772,044d7587f52e348114acdc3318f62240068a7c63eea6e33dd1458a460547b1c8,a15b04969c7126b0f0b9a3bfe38409c2e7043f55c95169bc57d1ad8c63f70ff8,True,True,PASS
sleep_edf_sc,SC_55,SC4552F0,OVERLAY_ONLY,artifacts\remediation\ledger_repair\sleepedf_epoch_ledger_v2\sleep_edf_sc__SC4552F0__core_v1.npz,2810,3d0d0453a7b1b4038bf63ffff173aa5e29de0b47058288afa712ac52382b7d70,fed9219460b1b9ac67505f249360ff58adc777fdf95b4b97932866e830c4cbca,True,True,PASS
sleep_edf_sc,SC_56,SC4561F0,OVERLAY_ONLY,artifacts\remediation\ledger_repair\sleepedf_epoch_ledger_v2\sleep_edf_sc__SC4561F0__core_v1.npz,2702,e14c333d40ff3e78736d9778b5b5b215b88f55126dd2f2d2a6738a6f08203d7a,7f1c4b237cf96098299a641b83a282b868b8887af102d26a3097b7f2bfb8b3e1,True,True,PASS
sleep_edf_sc,SC_56,SC4562F0,OVERLAY_ONLY,artifacts\remediation\ledger_repair\sleepedf_epoch_ledger_v2\sleep_edf_sc__SC4562F0__core_v1.npz,2800,7c803436bf0942e7def0bf97c05ddc2b5aed301260acbd3e3369c75b97ebe12b,b82e103933fb6c44b337c44c915e1d4b17b8efa21b9759f9a9cbfbe595cc6ece,True,True,PASS
sleep_edf_sc,SC_57,SC4571F0,OVERLAY_ONLY,artifacts\remediation\ledger_repair\sleepedf_epoch_ledger_v2\sleep_edf_sc__SC4571F0__core_v1.npz,2836,3740d3cf7932dfaee3e15d379ca53552fa995f81c37fe65ba8cb845aa3e8952c,3d1641927ca1efb94fbb16b4f4282e1f315375036165f77fc7d8031248dd9435,True,True,PASS
sleep_edf_sc,SC_57,SC4572F0,OVERLAY_ONLY,artifacts\remediation\ledger_repair\sleepedf_epoch_ledger_v2\sleep_edf_sc__SC4572F0__core_v1.npz,2873,9778527b84e157906105d10d1fc16c5643be1696b937d73f943716fe0acf18b3,65a3a0393287b7f8e93e0c160f01598cfa8b8969850335d2bc5174c8fef4acc9,True,True,PASS
sleep_edf_sc,SC_58,SC4581G0,OVERLAY_ONLY,artifacts\remediation\ledger_repair\sleepedf_epoch_ledger_v2\sleep_edf_sc__SC4581G0__core_v1.npz,2738,1309fe2d3b0bc78c8a48a1cc5730c591fa22353881fdaa2cb6b0b016ec5f3dea,ea7b0a752f4177aa639b508dc5baf65b326706b5d59ef073cae1b3d003cada88,True,True,PASS
sleep_edf_sc,SC_58,SC4582G0,OVERLAY_ONLY,artifacts\remediation\ledger_repair\sleepedf_epoch_ledger_v2\sleep_edf_sc__SC4582G0__core_v1.npz,2634,0608c2f83332ba9eb871c892fc5457425c1abd48703e2535cec96b634bd39391,80905202cb0cadc1b6d898e72ed1ffe4b55baa8d78a97ef953da6158e5a38cc2,True,True,PASS
sleep_edf_sc,SC_59,SC4591G0,OVERLAY_ONLY,artifacts\remediation\ledger_repair\sleepedf_epoch_ledger_v2\sleep_edf_sc__SC4591G0__core_v1.npz,2819,0db4d5f15b9ea3e533c338ae54dd011701816a499a0308b8d2e17be37d4cddd7,cb2d5f09d4256a8ace308a2e1c834bebea7d13b6a98d42c543f481560e3327ce,True,True,PASS
sleep_edf_sc,SC_59,SC4592G0,OVERLAY_ONLY,artifacts\remediation\ledger_repair\sleepedf_epoch_ledger_v2\sleep_edf_sc__SC4592G0__core_v1.npz,2040,3035406d9bc98a25590190e980e6bedb5b4c46e834777a59e96ff6f88b64c3d3,7030fb881d20698bde9b303dee723ca4cd08aef3cbf3c75265317e20dd6a9d2c,True,True,PASS
sleep_edf_sc,SC_60,SC4601E0,OVERLAY_ONLY,artifacts\remediation\ledger_repair\sleepedf_epoch_ledger_v2\sleep_edf_sc__SC4601E0__core_v1.npz,2730,ae3f09599463614db0941fe7de257b4e9233cff34fa57906b2ba11ac4ddbd86f,d20032efc443836bf6af38c032349c9c12e1cb74a01cc34388b014d269ac64b1,True,True,PASS
sleep_edf_sc,SC_60,SC4602E0,OVERLAY_ONLY,artifacts\remediation\ledger_repair\sleepedf_epoch_ledger_v2\sleep_edf_sc__SC4602E0__core_v1.npz,2800,7c803436bf0942e7def0bf97c05ddc2b5aed301260acbd3e3369c75b97ebe12b,53a3c9b1514b567dd256c0f4c5df09260f82c4441130c9c4f9f09f82ba0d2459,True,True,PASS
sleep_edf_sc,SC_61,SC4611E0,OVERLAY_ONLY,artifacts\remediation\ledger_repair\sleepedf_epoch_ledger_v2\sleep_edf_sc__SC4611E0__core_v1.npz,2644,013aec0bfd9db457865e8139c1de39d4bf4c42153ddd48641684d2e44b4e45eb,bda86131ee2813318f730d4aa780d9f04f3b3ac34df31d6c8c1a1788edebc2ab,True,True,PASS
sleep_edf_sc,SC_61,SC4612E0,OVERLAY_ONLY,artifacts\remediation\ledger_repair\sleepedf_epoch_ledger_v2\sleep_edf_sc__SC4612E0__core_v1.npz,2730,ae3f09599463614db0941fe7de257b4e9233cff34fa57906b2ba11ac4ddbd86f,0786ee06294655d513402d9aaa754d4f181d1357b376fe9946f2477802ba6fef,True,True,PASS
sleep_edf_sc,SC_62,SC4621E0,OVERLAY_ONLY,artifacts\remediation\ledger_repair\sleepedf_epoch_ledger_v2\sleep_edf_sc__SC4621E0__core_v1.npz,2612,8e84f53f0ba1f74f1cf688cadcc5a0a4c44221fc057c448c2c231cb4520f8fea,05db469f1e5d6f274757c42407b100bfa35df1fc975c643b538c1a7cb89e60aa,True,True,PASS
sleep_edf_sc,SC_62,SC4622E0,OVERLAY_ONLY,artifacts\remediation\ledger_repair\sleepedf_epoch_ledger_v2\sleep_edf_sc__SC4622E0__core_v1.npz,2856,82d6a561d3479791990b5d233363ce7597b8b91166755f4df9e4ab1c2e95f195,19fcabdab0fc55b1354ef237fc38fc1306dce12907b7b3ae4bcdec9abc76c3bf,True,True,PASS
sleep_edf_sc,SC_63,SC4631E0,OVERLAY_ONLY,artifacts\remediation\ledger_repair\sleepedf_epoch_ledger_v2\sleep_edf_sc__SC4631E0__core_v1.npz,2758,4d077c08ca2b9f83364c4db91f38b38365a3ad44a12ebecebade2ce7146bb69d,e8f386a9afee7cfd07b5f7c5e27b47ebc327bab852cb4d83aa640444efca769e,True,True,PASS
sleep_edf_sc,SC_63,SC4632E0,OVERLAY_ONLY,artifacts\remediation\ledger_repair\sleepedf_epoch_ledger_v2\sleep_edf_sc__SC4632E0__core_v1.npz,2848,ac571fa0fd8358ef19bd0f26f6033c33d1d22b5d5d7433b7bb9f1b351bbc6b95,0691b94d284b192c859139c5b172354e7b3aa72781ac654819dd8ad7ce7246f8,True,True,PASS
sleep_edf_sc,SC_64,SC4641E0,OVERLAY_ONLY,artifacts\remediation\ledger_repair\sleepedf_epoch_ledger_v2\sleep_edf_sc__SC4641E0__core_v1.npz,2680,a0db20482f0aec3067d2b4774901e1f0259d2775fe56257b20313738b883c16a,ef709f8aca04e7fbb04456c5fc07588b9581d4b56f69aa7027cf7645ae6d01b2,True,True,PASS
sleep_edf_sc,SC_64,SC4642E0,OVERLAY_ONLY,artifacts\remediation\ledger_repair\sleepedf_epoch_ledger_v2\sleep_edf_sc__SC4642E0__core_v1.npz,2790,01cae217ac9dddb098ca02c665a51924f64e7dc6d64c4e673463c5860e7d267a,1917e4715c7b6f66359efe83bbe8a939076558c0a0a7c252515aeb7723707b7c,True,True,PASS
sleep_edf_sc,SC_65,SC4651E0,OVERLAY_ONLY,artifacts\remediation\ledger_repair\sleepedf_epoch_ledger_v2\sleep_edf_sc__SC4651E0__core_v1.npz,2860,ca76161401383a74fa915f4f1cbf3305636c34fc7d020a3af20e0d851182dc8d,f2c6b1d45ca4993f40a240e64460531ac77b149ec9f7605a6551ac660b52bf26,True,True,PASS
sleep_edf_sc,SC_65,SC4652E0,OVERLAY_ONLY,artifacts\remediation\ledger_repair\sleepedf_epoch_ledger_v2\sleep_edf_sc__SC4652E0__core_v1.npz,2838,d113286433c4eb4d2e168492b91fdf96e6003f97959682367224cb2336d3c62a,3d24b74ec39a7d693d8d152f54e497df08d8dcdb034bfccee296876634359e49,True,True,PASS
sleep_edf_sc,SC_66,SC4661E0,OVERLAY_ONLY,artifacts\remediation\ledger_repair\sleepedf_epoch_ledger_v2\sleep_edf_sc__SC4661E0__core_v1.npz,2664,0338551885fd41a5dfe453642afe7324fe95afddd5c90c417216560064f3927f,aab11a0562889e8e8f2097cdd8186d5d4963dd76ed6183d57adc975ea806c456,True,True,PASS
sleep_edf_sc,SC_66,SC4662E0,OVERLAY_ONLY,artifacts\remediation\ledger_repair\sleepedf_epoch_ledger_v2\sleep_edf_sc__SC4662E0__core_v1.npz,2820,aff6c231c12e69f1704adb07c38b01a33cddf84dc28401d91b74faac66e82117,2791e7fa672422b38fc693c78fa1fa36455782914b31dd672c4179f6f7be4de9,True,True,PASS
sleep_edf_sc,SC_67,SC4671G0,OVERLAY_ONLY,artifacts\remediation\ledger_repair\sleepedf_epoch_ledger_v2\sleep_edf_sc__SC4671G0__core_v1.npz,2780,a8e360f18004db8b59a3fabab0ad44f5b4cddec5b008fad94993a511f8082f4a,da85c36f702ff14ef7145a189cec6471cc693177d78ba136681993c13a169709,True,True,PASS
sleep_edf_sc,SC_67,SC4672G0,OVERLAY_ONLY,artifacts\remediation\ledger_repair\sleepedf_epoch_ledger_v2\sleep_edf_sc__SC4672G0__core_v1.npz,2580,4559e262626455657a9eb8f4c9fd215b067655eddaffd5dfaee2f23779d13dea,9eaa679dd7dd10f250400a9472205da80b1facd671123af409f34079d6b7ea25,True,True,PASS
sleep_edf_sc,SC_70,SC4701E0,OVERLAY_ONLY,artifacts\remediation\ledger_repair\sleepedf_epoch_ledger_v2\sleep_edf_sc__SC4701E0__core_v1.npz,2679,358e6bf6197b15dd8e0c68b438baba6b095d5c2584aed73ece6f73a87bb69a86,ba8b43af4d6afdce77488ade70c981d558d94eba48f8e36daaaa83dd0fc4c69a,True,True,PASS
sleep_edf_sc,SC_70,SC4702E0,OVERLAY_ONLY,artifacts\remediation\ledger_repair\sleepedf_epoch_ledger_v2\sleep_edf_sc__SC4702E0__core_v1.npz,2624,0315c97ead5792633a2817a6fc62b19c0b66dd5e1c3d13498af8e01a4d226ce8,fd4116e1ba093ceaafda7185cbd78dc42baa99944d627bfde6a8bc6b1735712f,True,True,PASS
sleep_edf_sc,SC_71,SC4711E0,OVERLAY_ONLY,artifacts\remediation\ledger_repair\sleepedf_epoch_ledger_v2\sleep_edf_sc__SC4711E0__core_v1.npz,2730,ae3f09599463614db0941fe7de257b4e9233cff34fa57906b2ba11ac4ddbd86f,fed2e2c150f5a0f2268433838a59b8549171259779b9d4fea756181bdbf36f37,True,True,PASS
sleep_edf_sc,SC_71,SC4712E0,OVERLAY_ONLY,artifacts\remediation\ledger_repair\sleepedf_epoch_ledger_v2\sleep_edf_sc__SC4712E0__core_v1.npz,2820,aff6c231c12e69f1704adb07c38b01a33cddf84dc28401d91b74faac66e82117,adc8259e2506207e4b3346939bb7bb371c51162872811406511b62c81bbdf7c5,True,True,PASS
sleep_edf_sc,SC_72,SC4721E0,OVERLAY_ONLY,artifacts\remediation\ledger_repair\sleepedf_epoch_ledger_v2\sleep_edf_sc__SC4721E0__core_v1.npz,2342,f30b04eeee36cc8921c737f3c48e61239bcd875d65ed9d21c0388e6317283eb4,77f83d1ee9bf5a54dfe185c2b87cd04a52d2270149e5a54e0d21d0764625e3a3,True,True,PASS
sleep_edf_sc,SC_72,SC4722E0,OVERLAY_ONLY,artifacts\remediation\ledger_repair\sleepedf_epoch_ledger_v2\sleep_edf_sc__SC4722E0__core_v1.npz,2746,7026c01037a161185b510f53f93bf9505a596dd60638ca3fe51838c75be19b8b,f61398e2aebd75d73f4c0003e483452e2ebe9b1e7400dde0d6185ea75a7af3b8,True,True,PASS
sleep_edf_sc,SC_73,SC4731E0,OVERLAY_ONLY,artifacts\remediation\ledger_repair\sleepedf_epoch_ledger_v2\sleep_edf_sc__SC4731E0__core_v1.npz,2780,a8e360f18004db8b59a3fabab0ad44f5b4cddec5b008fad94993a511f8082f4a,5c5d025cd093e9a87ad2b1f2cbd555af24040177353de2227b38cb92a65ff26d,True,True,PASS
sleep_edf_sc,SC_73,SC4732E0,OVERLAY_ONLY,artifacts\remediation\ledger_repair\sleepedf_epoch_ledger_v2\sleep_edf_sc__SC4732E0__core_v1.npz,2519,487ca48da58cdd84964cb97f9c6b61b2a988dd8722d3ab526c8797896e4e4110,d521d226722c6c4cc85a777a96fdcbe212d6b7b89068ddf0f1ccf8af05623a24,True,True,PASS
sleep_edf_sc,SC_74,SC4741E0,OVERLAY_ONLY,artifacts\remediation\ledger_repair\sleepedf_epoch_ledger_v2\sleep_edf_sc__SC4741E0__core_v1.npz,2689,6e2b2a93711683ad7131fd96ae2daa5e7b13b2c49aacfe143351f8ace5aeed86,6efdd855d24eb6026be909ea18033bb0cd83a93bfeda9b46c3f0901b68940083,True,True,PASS
sleep_edf_sc,SC_74,SC4742E0,OVERLAY_ONLY,artifacts\remediation\ledger_repair\sleepedf_epoch_ledger_v2\sleep_edf_sc__SC4742E0__core_v1.npz,2650,1e8a39a02e29d2c8a08c76183b9784bd1442653719a2a32884e845afb4cad942,e24d50db81aa57d7afccb9814e6d9f983d9993e71d1edef6a4a77796698f6898,True,True,PASS
sleep_edf_sc,SC_75,SC4751E0,OVERLAY_ONLY,artifacts\remediation\ledger_repair\sleepedf_epoch_ledger_v2\sleep_edf_sc__SC4751E0__core_v1.npz,2680,a0db20482f0aec3067d2b4774901e1f0259d2775fe56257b20313738b883c16a,4853562cb26b684637509ae7470fcf0fba70756952921557d5ef0b84ff0e5133,True,True,PASS
sleep_edf_sc,SC_75,SC4752E0,OVERLAY_ONLY,artifacts\remediation\ledger_repair\sleepedf_epoch_ledger_v2\sleep_edf_sc__SC4752E0__core_v1.npz,2470,8e9a77bc60da80f0289655574997f8e5769aa7fd50e61297d789f7aeb9c1ed7e,54de4faa4bb049d606cf5a2b488b065b177d57c04b22c7f21332f9a317ffb694,True,True,PASS
sleep_edf_sc,SC_76,SC4761E0,OVERLAY_ONLY,artifacts\remediation\ledger_repair\sleepedf_epoch_ledger_v2\sleep_edf_sc__SC4761E0__core_v1.npz,2610,945c576ef4cb7f567c67cde93bb04091354cba6bf2a15304a85ae8ef7df29c96,dab2588d8af1702afc4eca574ac07eda739e686be6f86f728907207c4d2f555c,True,True,PASS
sleep_edf_sc,SC_76,SC4762E0,OVERLAY_ONLY,artifacts\remediation\ledger_repair\sleepedf_epoch_ledger_v2\sleep_edf_sc__SC4762E0__core_v1.npz,2662,3414e0953a85f6eec3fe28b478e3238c28cccd4b80e44e15b49693c60e4e9856,c8470f2d81b4c9eb2b363195223ff1530f4c8a4602f7ff13da617b1463a9450c,True,True,PASS
sleep_edf_sc,SC_77,SC4771G0,OVERLAY_ONLY,artifacts\remediation\ledger_repair\sleepedf_epoch_ledger_v2\sleep_edf_sc__SC4771G0__core_v1.npz,2756,c6812a45074b1bf522aeaf528a155639e215a41a438b06dab168e1c160005436,31fd94496d7b290aa21babb9c14e5a332ab88949a588c1b5c95df8a63c96f6dd,True,True,PASS
sleep_edf_sc,SC_77,SC4772G0,OVERLAY_ONLY,artifacts\remediation\ledger_repair\sleepedf_epoch_ledger_v2\sleep_edf_sc__SC4772G0__core_v1.npz,2242,a2c35adeacc7039dece16043c8f08351cb3b5f851bc843083d588c68506ad688,f1526288a1b323d84d885480bcb31087a7dec91b19fab176b4f50ca63bc61b5d,True,True,PASS
sleep_edf_sc,SC_80,SC4801G0,OVERLAY_ONLY,artifacts\remediation\ledger_repair\sleepedf_epoch_ledger_v2\sleep_edf_sc__SC4801G0__core_v1.npz,2774,6939793302332a893aac44bcb9b13dc8e0b1bbf342a08e35bc1560d2c52d3539,0fa48ca29888701671d54884a66f3ca05fb18f81812b28448314d00844451dee,True,True,PASS
sleep_edf_sc,SC_80,SC4802G0,OVERLAY_ONLY,artifacts\remediation\ledger_repair\sleepedf_epoch_ledger_v2\sleep_edf_sc__SC4802G0__core_v1.npz,2810,3d0d0453a7b1b4038bf63ffff173aa5e29de0b47058288afa712ac52382b7d70,4fbb6a0e46598fe1915e973e11335318994ac54850f295ebdc62280c8f18f9e1,True,True,PASS
sleep_edf_sc,SC_81,SC4811G0,OVERLAY_ONLY,artifacts\remediation\ledger_repair\sleepedf_epoch_ledger_v2\sleep_edf_sc__SC4811G0__core_v1.npz,2402,a32ec1d12fecb034afd8d49e951e3099876f70cd5e4b4c409212b061970fccfa,0cf2f876d07167380cd68ac5c2f55b7c0a08891e3f8ea48ac7f163438983ae43,True,True,PASS
sleep_edf_sc,SC_81,SC4812G0,OVERLAY_ONLY,artifacts\remediation\ledger_repair\sleepedf_epoch_ledger_v2\sleep_edf_sc__SC4812G0__core_v1.npz,2414,4bb77bf21adcbb14d26dde3da4768b4c1a9cbf78bc994cc5faf922d450227f6d,0f89a9d892c447c09acc5c5e37deb3810b6227de66b4e8a46bab0ab7012fc346,True,True,PASS
sleep_edf_sc,SC_82,SC4821G0,OVERLAY_ONLY,artifacts\remediation\ledger_repair\sleepedf_epoch_ledger_v2\sleep_edf_sc__SC4821G0__core_v1.npz,2721,17ff17cc64beebc1039e828ac4da9e0ce8fa9e79369d0e30b0286390e5c9d424,3aff5ef91345cb9120aa162ea01f5934c5baa165b068052b7ec131cbdcfbb6a1,True,True,PASS
sleep_edf_sc,SC_82,SC4822G0,OVERLAY_ONLY,artifacts\remediation\ledger_repair\sleepedf_epoch_ledger_v2\sleep_edf_sc__SC4822G0__core_v1.npz,2810,3d0d0453a7b1b4038bf63ffff173aa5e29de0b47058288afa712ac52382b7d70,a41296566236972dd098b6ff628e18ecaca23f77b95c31a84444d7bd91591d1d,True,True,PASS
isruc_s1,I003,I003,OVERLAY_ONLY,data\processed\core_v1_1\isruc_s1__I003__core_v1.npz,943,73ffb0dd00e9d4fda2f6698128b551506ede52b1025c061fc753c67a34e4ff9a,112c1f91215176e8601073f2c7d61fbeae99fdc261e2b14524ed776d50f27a72,True,True,PASS
isruc_s1,I004,I004,OVERLAY_ONLY,data\processed\core_v1_1\isruc_s1__I004__core_v1.npz,961,da65371fcaa4a16bd3217a4e694fc336921880f6d43fab6532332b63f7112d3f,3c9e67007e99c9241815061f69ace1fc7f909b8228bd3980d4b554427086c423,True,True,PASS
isruc_s1,I005,I005,OVERLAY_ONLY,data\processed\core_v1_1\isruc_s1__I005__core_v1.npz,875,1381d4a3053685c517d4fc2325fa5af33acc48de8240d56fde49f920713a0584,15defde03d8fba914faaee5ecbac6e507888b4e76bad85dc8c77cd3fce2026a9,True,True,PASS
isruc_s1,I006,I006,OVERLAY_ONLY,data\processed\core_v1_1\isruc_s1__I006__core_v1.npz,897,8694f73fa54e35cbae7a631b5a8186dd563700fc50d493b86da9616cda1f6411,bc790218680f35955626d68b92e3d8cea394a1d1b6982bc2208106e72b82afeb,True,True,PASS
isruc_s1,I007,I007,OVERLAY_ONLY,data\processed\core_v1_1\isruc_s1__I007__core_v1.npz,933,753cce1bc231838bd849e7ba5a847edab63e996e628b343ad19cc7ae55c455d8,581d9b2e5082905c7e5838dc1630375b32fb4af7767288947bcae334ce0ccd64,True,True,PASS
isruc_s1,I008,I008,OVERLAY_ONLY,data\processed\core_v1_1\isruc_s1__I008__core_v1.npz,904,7b3f5051122719bcfd47830917d871ab996bf3309fbe831bd90ffbc71877abec,9c4b0d4d582750a815804d25a2bb73dbe664ddbf465d98ebe7511ee764a3a5de,True,True,PASS
isruc_s1,I009,I009,OVERLAY_ONLY,data\processed\core_v1_1\isruc_s1__I009__core_v1.npz,969,90d89477d5aca79120dcc8b2df5ab0df514a11ceb07949dc69c51f4a69344b85,3833b7bd9d4ccb8f52645cb7fbd2ccb62f3bbbaa4dd13e8b77f55afd0aeeff1e,True,True,PASS
isruc_s1,I010,I010,OVERLAY_ONLY,data\processed\core_v1_1\isruc_s1__I010__core_v1.npz,842,b0e84a328200fc27a6a95cc2506d1e19f2c1bb01df2674574e86b2f04a8fdc2c,445b0e85b90f85a0bb4703ea5cf260f76a1f775b46247ba0b2568a3e1a7c5fc5,True,True,PASS
isruc_s1,I012,I012,OVERLAY_ONLY,data\processed\core_v1_1\isruc_s1__I012__core_v1.npz,849,28bca90f582ea254ee702e7c9458bbe8c9a2e61cef9c013dbaf4e0831f39be44,fdc3fea0effb4ebfd2c7c78996544890ac9db7f525ad9d2eabba27620bac35b9,True,True,PASS
isruc_s1,I015,I015,OVERLAY_ONLY,data\processed\core_v1_1\isruc_s1__I015__core_v1.npz,786,981e01f4f383cfa01b24f4649df7d13fdedf2ab7955ef5f8e5aff57be36372f4,0178a9f867a59b9eb69881e2fc26c9b2e57835caf857e09b8310d40a298e0b2c,True,True,PASS
isruc_s1,I016,I016,OVERLAY_ONLY,data\processed\core_v1_1\isruc_s1__I016__core_v1.npz,883,883f207703c10c46d93ce1b4ff9f71f6873337d74ec0429c28d1ea1a7ac2764d,f4e9384990df70dcd361d7218b44e7031a4f9e9432b548c9b9b3c16fdb207721,True,True,PASS
isruc_s1,I018,I018,OVERLAY_ONLY,data\processed\core_v1_1\isruc_s1__I018__core_v1.npz,999,e9cb5ceb4bd4a15f48126febb42efb954e8627bdef9b1167169dcfe17bc81fbc,a19b051a26b80611b0eb900e2cd9e83e932af655fade046b0ae24ffd4340403e,True,True,PASS
isruc_s1,I022,I022,OVERLAY_ONLY,data\processed\core_v1_1\isruc_s1__I022__core_v1.npz,849,5c0ecaa25bf8cd9427a0b49ba0905925eae12bf548b47e9edbecb466c988d916,c4c803817546a73f7fca8e9f427a8cfa3a1ab11794f2c4a3a79a03ae4f75e167,True,True,PASS
isruc_s1,I024,I024,OVERLAY_ONLY,data\processed\core_v1_1\isruc_s1__I024__core_v1.npz,830,dca42b2e9fba6fd95193df68aa66f1519889c48db42c229fec852cf571a6ce6a,f9b138c0f3a87a89fa4889bc8e65a6de28b5b87df55d927d08e6e48d6f231f2e,True,True,PASS
isruc_s1,I026,I026,OVERLAY_ONLY,data\processed\core_v1_1\isruc_s1__I026__core_v1.npz,1062,c576aa991ed010fd83b557eaa6eeba56a78204c53ec189bd00884054b483d4a1,f9fd6ea07d6d25e85459c5d392047bbcb96d96b2eefb0a7c80e326a82231f58f,True,True,PASS
isruc_s1,I001,I001,OVERLAY_ONLY,data\processed\isruc_original_v2\isruc_s1__I001__original_v2.npz,880,1e27debe5cb4786600bd6143dc982eadd29244dd320472629d20f85fae93c521,0ee86440d6345395dfa9de1268b639360cd06ed04fc8953b36da605702ff4896,True,True,PASS
isruc_s1,I002,I002,OVERLAY_ONLY,data\processed\isruc_original_v2\isruc_s1__I002__original_v2.npz,964,fcd8f0fddeb10532535fb57ecf234845d5c54a78e8085473fa6c5c29bdf186ca,2127b0c369b2cf10a2eac57c8fa5eb5144f8c1074a9e5b425bad21e7490283c3,True,True,PASS
isruc_s1,I011,I011,OVERLAY_ONLY,data\processed\isruc_original_v2\isruc_s1__I011__original_v2.npz,997,d4c2d97e5df9b9199c2d78e654a314b4daac1901c514f8cf318b1bf71346c301,203fcf2834361edd586c5e260c0c82e9b6548dd79c5f88f9cfe2d6427eb641eb,True,True,PASS
isruc_s1,I013,I013,OVERLAY_ONLY,data\processed\isruc_original_v2\isruc_s1__I013__original_v2.npz,882,fa7dec3c1ff0ef7fc275e515cf718880ace688a9ad3a0b260c582730e3fead77,ee3f2de93eb945459fa00a752ebbc98ba21cf41fb4f5cce3db60de4380bad936,True,True,PASS
isruc_s1,I014,I014,OVERLAY_ONLY,data\processed\isruc_original_v2\isruc_s1__I014__original_v2.npz,906,80fb7167d0dda736d75a4a74824edf7733f887cbe2fef5a51c3bfba5e4a27479,70d48817cb90e9f0c65c78153f4b75bbfcf1dd7db347f38b5a22599ab642fb15,True,True,PASS
isruc_s1,I017,I017,OVERLAY_ONLY,data\processed\isruc_original_v2\isruc_s1__I017__original_v2.npz,851,548a5480267e76bea9991b3ae892f4495d5bf4fdb45ad12eb8b51dc6e5ccf731,2a82dcfda40ffdd9a72374bf2b591871ba7d2924574d5b16b7c7b278dd6db6fe,True,True,PASS
isruc_s1,I019,I019,OVERLAY_ONLY,data\processed\isruc_original_v2\isruc_s1__I019__original_v2.npz,828,eabc84b8f828a6c2f60a241cf67beb490e574d6488962031dd6f85bb9a2be2d6,f89c2ae69c5b564efb634cb22ceae8ddbe01224461dcc14e04c82705c3150102,True,True,PASS
isruc_s1,I020,I020,OVERLAY_ONLY,data\processed\isruc_original_v2\isruc_s1__I020__original_v2.npz,950,0f649116fb7f2075e61573229d26221bea8b7da47194eb8a711402a6c181d9a6,00372981987853deb6fd1fb06ab561eaa7f4da8444629f1d9065f7d37e3e2df3,True,True,PASS
isruc_s1,I021,I021,OVERLAY_ONLY,data\processed\isruc_original_v2\isruc_s1__I021__original_v2.npz,1054,125945f4804698b526656189b5b92b6c06368482bae572822f02c51c962354a9,1ab40ed72322ae18802a62c9761e23fe77374fe81746455c7807e784c119b547,True,True,PASS
isruc_s1,I023,I023,OVERLAY_ONLY,data\processed\isruc_original_v2\isruc_s1__I023__original_v2.npz,892,f444e42a3a9971abc5258f27659a5e9d82bccf7de31906d3998ed44d112e7f33,51a46fd20f8f8f46b4527b15e86ecdbb63abd4a5db059fb306f0519a94a6b645,True,True,PASS
isruc_s1,I025,I025,OVERLAY_ONLY,data\processed\isruc_original_v2\isruc_s1__I025__original_v2.npz,921,099a373019535288966721aba6ae170977c12c02c073b189f5f79a6a90fbda0b,f1dcf0a78efabc4a16242804e1c8ed5d73e433f4b76ca17af1ea751daf839927,True,True,PASS
isruc_s1,I027,I027,OVERLAY_ONLY,data\processed\isruc_original_v2\isruc_s1__I027__original_v2.npz,918,1cede96118fc92f205732eea507105b6143e0fc571b18883e611a46f3bdab778,a7e805b7fb749a062fe11949e98692fe03304039a8ad52d3981136c0889b372a,True,True,PASS
isruc_s1,I028,I028,OVERLAY_ONLY,data\processed\isruc_original_v2\isruc_s1__I028__original_v2.npz,882,fa7dec3c1ff0ef7fc275e515cf718880ace688a9ad3a0b260c582730e3fead77,7b5087c36b45315f72fd3801d60ba62d0aa1285b72c5cb5931b1fc110f3a28d5,True,True,PASS
isruc_s1,I029,I029,OVERLAY_ONLY,data\processed\isruc_original_v2\isruc_s1__I029__original_v2.npz,912,759c10f18793bd9c2853a3c73c2c1d0025af5f1a8c740c734dbe1ca5153b6f03,3e1b0ced935e4a6ae6d50a3b528617b7ecada3f0ae9ea2440520c4119adbfd61,True,True,PASS
isruc_s1,I030,I030,OVERLAY_ONLY,data\processed\isruc_original_v2\isruc_s1__I030__original_v2.npz,882,fa7dec3c1ff0ef7fc275e515cf718880ace688a9ad3a0b260c582730e3fead77,8e7cf6c966cfac713072012b11aa7ecc8408e10c10a1abd563628e34f692b24c,True,True,PASS
isruc_s1,I031,I031,OVERLAY_ONLY,data\processed\isruc_original_v2\isruc_s1__I031__original_v2.npz,877,f01f48f128e89e98eff46914eec0473a9f05e325d1bc322e011568a4f4430b86,54374a7e04702afa9f2d2f540fd3f2742a3cc970d5d389a4bf5a412261ec1967,True,True,PASS
isruc_s1,I032,I032,OVERLAY_ONLY,data\processed\isruc_original_v2\isruc_s1__I032__original_v2.npz,1010,647411190aaf43adfcb60cd0554c2299cef8ca4c0c9484373d30cd9a1ffeae6a,08ba04e147f3eb5dccc7077136f4d23ee8d9d5e9f2e199804bcc19ae6383ea16,True,True,PASS
isruc_s1,I033,I033,OVERLAY_ONLY,data\processed\isruc_original_v2\isruc_s1__I033__original_v2.npz,920,cdd458155ace9770cbb7e12d7afe3943638c3ae31e831a142203f2566121d805,53ea9e62421e833bedd6a5843729b6cd340cc0e7cad767084535b7e68ad6caab,True,True,PASS
isruc_s1,I034,I034,OVERLAY_ONLY,data\processed\isruc_original_v2\isruc_s1__I034__original_v2.npz,871,606ee630fd305547f3f7fa307683e75cbc4935e96202c850445f4dc81acf50cb,81c702bee5f91d1fc379609b7de8e73a691216c341c6b3e86bac79e98258b4cc,True,True,PASS
isruc_s1,I035,I035,OVERLAY_ONLY,data\processed\isruc_original_v2\isruc_s1__I035__original_v2.npz,788,1a061f9898984440d4af6ba4afe0340825c0cfe986e89b9c292c3dc3b08c8511,f575ab19940fd437a1b4c637d67a2879e47fe9a2c5637ae4be1af8a13114c4f9,True,True,PASS
isruc_s1,I036,I036,OVERLAY_ONLY,data\processed\isruc_original_v2\isruc_s1__I036__original_v2.npz,987,8232d98ace7692f3492b40a9514d15380febd658628ffbe774161c47a4c8d5ab,18bc038670993ea58a570ee15ae69d42efad330c97472f9635c48629aee97e8f,True,True,PASS
isruc_s1,I037,I037,OVERLAY_ONLY,data\processed\isruc_original_v2\isruc_s1__I037__original_v2.npz,806,d6ab3e273af9c0ee334c4b21dcf1a9bfe34ab7ae27eeb615a33bb96601369198,ded0ae25b256d885b76add44b7d7469ba1316a4222a2253bbf1b7e5bde8ba2df,True,True,PASS
isruc_s1,I038,I038,OVERLAY_ONLY,data\processed\isruc_original_v2\isruc_s1__I038__original_v2.npz,932,9167f6937b5c14e6ed60005f106660b4fb54f18ef849bdace0953854abce6bb0,3f1f6a852e81be29a6a0aac397c2b4a95577cf2c523c5a6f857e7870f7d9e1b2,True,True,PASS
isruc_s1,I039,I039,OVERLAY_ONLY,data\processed\isruc_original_v2\isruc_s1__I039__original_v2.npz,900,1227ffb5bb6f93f86cb920f1c01e4cea108f97044322266d2e8d889f936425d5,849ba1eba71776eba24651ccbceb576675cbb5d5c3022fe88eb6377a17509f68,True,True,PASS
isruc_s1,I041,I041,OVERLAY_ONLY,data\processed\isruc_original_v2\isruc_s1__I041__original_v2.npz,974,fe5bdaa03222c91ab17c665417aedf72c2906ae33da81623204a4e92e50ff29f,b312afbaa7c933914ff4a1f7ae6018ce974b3a08d1f203633dbf42e0e2925ebd,True,True,PASS
isruc_s1,I042,I042,OVERLAY_ONLY,data\processed\isruc_original_v2\isruc_s1__I042__original_v2.npz,812,737cd03e10760c04c5666c5b2f9dad11f148db129f1c72ce1420f89e807dd270,5d6a15f14fbb767a7f24ae0f6c1364ec74712adba3001980bcc5bd2b468983a1,True,True,PASS
isruc_s1,I043,I043,OVERLAY_ONLY,data\processed\isruc_original_v2\isruc_s1__I043__original_v2.npz,747,4eeb25e56f815d01c8fa1b10b3e0d600cf7cff509073c25543275ab8229934e6,ceafb34de5bb144e03c3c263a2396b554715529a0d2673926e846c09084e95ae,True,True,PASS
isruc_s1,I044,I044,OVERLAY_ONLY,data\processed\isruc_original_v2\isruc_s1__I044__original_v2.npz,932,9167f6937b5c14e6ed60005f106660b4fb54f18ef849bdace0953854abce6bb0,3f0a30df0241948f490c91c7a8aa2c1d2f1c27801f8e3855efd188a97fc94684,True,True,PASS
isruc_s1,I045,I045,OVERLAY_ONLY,data\processed\isruc_original_v2\isruc_s1__I045__original_v2.npz,906,80fb7167d0dda736d75a4a74824edf7733f887cbe2fef5a51c3bfba5e4a27479,8acc235861fa4ab6016a1644e5e370f119005557baf8d919545fa9fbf78a0f33,True,True,PASS
isruc_s1,I046,I046,OVERLAY_ONLY,data\processed\isruc_original_v2\isruc_s1__I046__original_v2.npz,863,dab36786286d8ca30663a4b252dc31d1aad0d3652412f7ad643718ca58cd2f3c,b50834e7765b48542175dbba9f4f0eed8ad36752058b750263b4403c9816b3a1,True,True,PASS
isruc_s1,I047,I047,OVERLAY_ONLY,data\processed\isruc_original_v2\isruc_s1__I047__original_v2.npz,838,dee73cb22cb9c6560d0508596f5c6c4a0ee33357387bcfaa62275ce246992b3e,4d5fda994191fd06f8660fefea76dda0ccd39cf0777ad00e9a7546defdad0b69,True,True,PASS
isruc_s1,I048,I048,OVERLAY_ONLY,data\processed\isruc_original_v2\isruc_s1__I048__original_v2.npz,981,11c2ebce05afedb24abbcfd1f538c0dd483b45f3400fc52d900bc258427fab13,1fb31bb70caf78d15a2e90f8632406d7f8fed1ec334590bacd0116e7921a7586,True,True,PASS
isruc_s1,I049,I049,OVERLAY_ONLY,data\processed\isruc_original_v2\isruc_s1__I049__original_v2.npz,793,9276e276e870fe9b438a9900c3f7690151d4bff8553fb94939e77d62ab1407a4,c2a928efa326af15a0fe40af63e00f2ec6a3711c55bd35e13849d00b3ce559b3,True,True,PASS
isruc_s1,I050,I050,OVERLAY_ONLY,data\processed\isruc_original_v2\isruc_s1__I050__original_v2.npz,905,5c0a0b277d8f31f0119af2e49d1e1c4a7ec183c8b7fdfdb79d73aa20d9ae0991,e87c54c13fa7362a69da6425e6220fbadee7104d7bb5239658e54bfdb753f267,True,True,PASS
isruc_s1,I051,I051,OVERLAY_ONLY,data\processed\isruc_original_v2\isruc_s1__I051__original_v2.npz,856,921d5aadcf1a6ee778cf9bce555a6fa835a17119fe7d2bbc1532f73efbed2e30,f9770ddbed6d3fab33d19c18327af5deb7a87e6aa1dc4a832ed6e8fd62c56db5,True,True,PASS
isruc_s1,I052,I052,OVERLAY_ONLY,data\processed\isruc_original_v2\isruc_s1__I052__original_v2.npz,912,759c10f18793bd9c2853a3c73c2c1d0025af5f1a8c740c734dbe1ca5153b6f03,3647b82849c89ff0e42c38e6da99db5d9bcc4955af2906ccc9de2f41f3879735,True,True,PASS
isruc_s1,I053,I053,OVERLAY_ONLY,data\processed\isruc_original_v2\isruc_s1__I053__original_v2.npz,910,5f96a6e90d68c48e8b98ae03c3556aa982cec28f8aad58f12d678f2e94bf5bac,d43cc6c44353741b49cb9e359aacf5bd9b686126c1d473eba3bd9e0b0ce83fa7,True,True,PASS
isruc_s1,I054,I054,OVERLAY_ONLY,data\processed\isruc_original_v2\isruc_s1__I054__original_v2.npz,814,735e37f3aecf106316a58ca1bf68d2a6d392f43fe73786b5c9e3b5fa1374e5ec,8661b0f4c9e9a31ce16249907f27628a2259831e1fd8b78f8b7c80a232ddfb63,True,True,PASS
isruc_s1,I055,I055,OVERLAY_ONLY,data\processed\isruc_original_v2\isruc_s1__I055__original_v2.npz,879,49e8d5552c6304b51f896886cab5121eda7a507ee3db0b445646b86b960b4a35,88d06344df2a6839dc7749f7a17bb3a3cfe2403b243515059d092f363470cb60,True,True,PASS
isruc_s1,I056,I056,OVERLAY_ONLY,data\processed\isruc_original_v2\isruc_s1__I056__original_v2.npz,956,2e49a05d06d24c497f4995f546cdc916af76247a87a8ee635e538e9e40c942ab,fb6bbd036373715299016a66a5433e3f9f511781de5e60540f8591603579985b,True,True,PASS
isruc_s1,I057,I057,OVERLAY_ONLY,data\processed\isruc_original_v2\isruc_s1__I057__original_v2.npz,1007,1d0cbcb1876f9eeae2b298150f688867ff2a1dbb64ce9f69679c55ce65cbfa9c,c2ac189cec489f5a2ec6e4125dcb97fe392b26d26142a5be9fa07faeeded2ffd,True,True,PASS
isruc_s1,I058,I058,OVERLAY_ONLY,data\processed\isruc_original_v2\isruc_s1__I058__original_v2.npz,965,9e53dbf6729187bb2378b2884b779855daf2f8371010bef5a90dccb868ca9f7b,d23fcb7bf1907e7b82b638ca5da22332c48d1e1cbdb2d4a0809ea8071f5f81e6,True,True,PASS
isruc_s1,I059,I059,OVERLAY_ONLY,data\processed\isruc_original_v2\isruc_s1__I059__original_v2.npz,942,1246a6d565997741a421c782e67d70a861a9aa01eb3a64872a1ea54b074ae9ff,df17eebd122d47aea67806ad5080316966ef71afbbaf42bb2e1f054c189c8ca0,True,True,PASS
isruc_s1,I060,I060,OVERLAY_ONLY,data\processed\isruc_original_v2\isruc_s1__I060__original_v2.npz,916,1e820490883a00b9f62a2bb845d34809c0f2c59c57425036fd84794b63f4ef7c,d228fc5e0016678554a913c238075834fb059c320a7725889746ac1ca83a032c,True,True,PASS
isruc_s1,I061,I061,OVERLAY_ONLY,data\processed\isruc_original_v2\isruc_s1__I061__original_v2.npz,852,eaef5a84276670f7acf3e178d71408039fe1625ae447ac2787b630dc6e433e68,6728641591bd9b7d1e0c333a7d27e89c4157ecaf6a96f0cc1d713d0837289efc,True,True,PASS
isruc_s1,I062,I062,OVERLAY_ONLY,data\processed\isruc_original_v2\isruc_s1__I062__original_v2.npz,864,f79fd03f15540d757c07226793062c49e5bd404a8e8ca58a239fc0faa843eb27,9d85e21558ec90d68a20e0989bb6aa1e50565a101fbe2746dd0448027b22b180,True,True,PASS
isruc_s1,I063,I063,OVERLAY_ONLY,data\processed\isruc_original_v2\isruc_s1__I063__original_v2.npz,954,b6cdc7d2c2c575e7921b6023804fef681bed39763e5ef5c71329e9ceee8e8c21,e8d1a20c2b5a4759a5e4c0bbc9a228a7ae86ed9e801f8f032e3bf9e34d303e25,True,True,PASS
isruc_s1,I064,I064,OVERLAY_ONLY,data\processed\isruc_original_v2\isruc_s1__I064__original_v2.npz,892,f444e42a3a9971abc5258f27659a5e9d82bccf7de31906d3998ed44d112e7f33,2eff76cbf71090979f2a0920f108a17514806212a4a6456871d6d8e52aaef486,True,True,PASS
isruc_s1,I065,I065,OVERLAY_ONLY,data\processed\isruc_original_v2\isruc_s1__I065__original_v2.npz,1014,54aa0c00722e3bab80f00bf9c7209a7f962fcb4d07a632c52238ebdc14b00b76,31218f394533e3fbd0c8c225db0022737eb1279b6b0b13c03ded33c2be7dcc2c,True,True,PASS
isruc_s1,I066,I066,OVERLAY_ONLY,data\processed\isruc_original_v2\isruc_s1__I066__original_v2.npz,845,61ba0adad0d2698d20a1a8d4b048924118a9977e4f3e38136d2f9cb91de0b253,806ad77e31586050502f0929c24505ebd225162df3661d5f999637f3b6766be2,True,True,PASS
isruc_s1,I067,I067,OVERLAY_ONLY,data\processed\isruc_original_v2\isruc_s1__I067__original_v2.npz,862,d066a957f25940d8df8f48c510d8efecab4d5b3143004cc170b3a7b8a868f602,065da46d149264549520d588fa76d604273e21fb4b892adf8f934c1f9bce3a86,True,True,PASS
isruc_s1,I068,I068,OVERLAY_ONLY,data\processed\isruc_original_v2\isruc_s1__I068__original_v2.npz,956,2e49a05d06d24c497f4995f546cdc916af76247a87a8ee635e538e9e40c942ab,798928a552775787994a9bc76101d5e3a790d2f24e8c63c2517221c89ec10c16,True,True,PASS
isruc_s1,I069,I069,OVERLAY_ONLY,data\processed\isruc_original_v2\isruc_s1__I069__original_v2.npz,815,94bca93e592393d119ca4189e22fc631dd04fa65eaf5e6e0c30e6b4dc8475383,2c428eedbb8575cd57a3804ac16510d53585f435c4375dd6330cfc9768cad80c,True,True,PASS
isruc_s1,I070,I070,OVERLAY_ONLY,data\processed\isruc_original_v2\isruc_s1__I070__original_v2.npz,893,2ed04c508d6e6e976f9f16b6cc56f403eae242e29ae84c0d09b2ede860840375,1825257031ed2298eb53114ff7083f5da26202fdf21ebb580e8005e0befd79ca,True,True,PASS
isruc_s1,I071,I071,OVERLAY_ONLY,data\processed\isruc_original_v2\isruc_s1__I071__original_v2.npz,829,51eacb749680fb5e5e91f97f8715033b53461ab36acda62e1266e69f272d475a,8a5c361bbb260145eaf094227895680cdbb35bbaa15a58cb16ce0e4ddc207d89,True,True,PASS
isruc_s1,I072,I072,OVERLAY_ONLY,data\processed\isruc_original_v2\isruc_s1__I072__original_v2.npz,872,0f69fb2244d96d009a62fe740582122699d319ad43841c1d535f9f33fed97801,c7088d6c79faec343b73887562600ff2fda4195c34c2a942c1e1e3db899f1882,True,True,PASS
isruc_s1,I073,I073,OVERLAY_ONLY,data\processed\isruc_original_v2\isruc_s1__I073__original_v2.npz,997,d4c2d97e5df9b9199c2d78e654a314b4daac1901c514f8cf318b1bf71346c301,3b6c7f6ef1c404abc0c8fddeb4e10fd2813c96368078b9d1d1ea0cb8f33b516a,True,True,PASS
isruc_s1,I074,I074,OVERLAY_ONLY,data\processed\isruc_original_v2\isruc_s1__I074__original_v2.npz,897,8694f73fa54e35cbae7a631b5a8186dd563700fc50d493b86da9616cda1f6411,28c69000a091fce94fa8fe0a2f459125e68a75e71d7d85e02821aca772c3a2eb,True,True,PASS
isruc_s1,I075,I075,OVERLAY_ONLY,data\processed\isruc_original_v2\isruc_s1__I075__original_v2.npz,898,79fec4ee4d11de9ad49d463a3f94d5112c39c043b1644d57ce0a141bcc601d0b,607bc377bdea46efefa9ec370f89ec735f0b839a84579c104bad0a7fdce67bd5,True,True,PASS
isruc_s1,I076,I076,OVERLAY_ONLY,data\processed\isruc_original_v2\isruc_s1__I076__original_v2.npz,850,1561a89a0bea37214e22f1dce5b89b9187a2161f7f716f46ca847b4b20057844,fdc89ab71646dbe302af409664d2f9381e767810cec832322a7c0ebbfc5abf78,True,True,PASS
isruc_s1,I077,I077,OVERLAY_ONLY,data\processed\isruc_original_v2\isruc_s1__I077__original_v2.npz,805,2749cb6ebba5dc311579dbdf58be3e779ee762d402bbed92326bf4fa7a73a19d,27266a15b3aaa9d73f70826a245b6de254f532610b7d5f7f36f8186ce5ad52b5,True,True,PASS
isruc_s1,I078,I078,OVERLAY_ONLY,data\processed\isruc_original_v2\isruc_s1__I078__original_v2.npz,894,c2364071e0dbf875595eb371123340508477343a9e3448c12e346595676fe05f,7fcd9b34e8aeeacccfd96982a98a8b875e0a1a1e6cfcdd0664c1d18e7fbe62cd,True,True,PASS
isruc_s1,I079,I079,OVERLAY_ONLY,data\processed\isruc_original_v2\isruc_s1__I079__original_v2.npz,880,1e27debe5cb4786600bd6143dc982eadd29244dd320472629d20f85fae93c521,bdc04786ecef3699367bf208beaeb1d3d07d090f3876df9b9b2afcebed8a63db,True,True,PASS
isruc_s1,I080,I080,OVERLAY_ONLY,data\processed\isruc_original_v2\isruc_s1__I080__original_v2.npz,889,cb0ee06fde8034af1ab5eccef2fae01479616e4b6aa72b279668344bf8e4d0aa,c013436b7e535174f041a700016aaa54c608a2c6b8cac9e4c5cad713d02a595f,True,True,PASS
isruc_s1,I081,I081,OVERLAY_ONLY,data\processed\isruc_original_v2\isruc_s1__I081__original_v2.npz,911,12694fb3893cdb0df16a0f1bc08e3edf3546415a5a2f5c79c5e2aaf508e4c03c,b09cee855f92b909f0f6bb0fa9932bfbb940d1d205da13376ebcea1b4b63f56f,True,True,PASS
isruc_s1,I082,I082,OVERLAY_ONLY,data\processed\isruc_original_v2\isruc_s1__I082__original_v2.npz,882,fa7dec3c1ff0ef7fc275e515cf718880ace688a9ad3a0b260c582730e3fead77,195c55f2baed57b92185dde15dee0613cb898065c1d3ca396c301ad4ae241700,True,True,PASS
isruc_s1,I083,I083,OVERLAY_ONLY,data\processed\isruc_original_v2\isruc_s1__I083__original_v2.npz,925,27be6d5b771ae2998433123a2ee26e412e60096cd9c2558ceb742f5de3123bb7,cfa1c349937f1479a93f52e6fc12ad1808efaf675eb596c6873c4fee5217bfb1,True,True,PASS
isruc_s1,I084,I084,OVERLAY_ONLY,data\processed\isruc_original_v2\isruc_s1__I084__original_v2.npz,963,e5c863aecaec7ab43d97cc1f840cfee9210b9cde284990655a5a61d471ebb277,5985b11826874ecf01eac12891030eb719ddcf29082bcf2d9a7ec0c08943ea93,True,True,PASS
isruc_s1,I085,I085,OVERLAY_ONLY,data\processed\isruc_original_v2\isruc_s1__I085__original_v2.npz,896,596a025095b7f2c52462e7969012acc0cc10f32a7f3b94072a789af1621f5430,b0b56177e55cbbb18892b7770bfcb99ea9287c81b80546dbcd50b647e3ebfece,True,True,PASS
isruc_s1,I086,I086,OVERLAY_ONLY,data\processed\isruc_original_v2\isruc_s1__I086__original_v2.npz,964,fcd8f0fddeb10532535fb57ecf234845d5c54a78e8085473fa6c5c29bdf186ca,7fe3ecfb1ad5942e6ddc6fc9fcc450a3c231b98603b60f2b9cfe8a9ffabb9243,True,True,PASS
isruc_s1,I087,I087,OVERLAY_ONLY,data\processed\isruc_original_v2\isruc_s1__I087__original_v2.npz,926,f63a194de16c05fbf9b57c61a932059df9834b660e372a585e9051f7f814f5cb,dc9b7fac59c4187fec96594a0fa020b5c0637b4175664a8e98cdacc276137f58,True,True,PASS
isruc_s1,I088,I088,OVERLAY_ONLY,data\processed\isruc_original_v2\isruc_s1__I088__original_v2.npz,1002,b5957bc32a9a2f3d3f682d5642feb57b5b793fee1f937d7e6448cb1444be24ea,11b668947de3e69edc33a2fd3fab56e40f6d8d2f1b71c7aabeaebaf4a58b2811,True,True,PASS
isruc_s1,I089,I089,OVERLAY_ONLY,data\processed\isruc_original_v2\isruc_s1__I089__original_v2.npz,1036,73239290ec3e72ce66c80966052a275451b5f55a97a06d3a11d4a8fdd18b49ef,bdc6162b884fbb100ef5bd26e9abc220cb0e8dbef6017a349c922800499dd3b3,True,True,PASS
isruc_s1,I090,I090,OVERLAY_ONLY,data\processed\isruc_original_v2\isruc_s1__I090__original_v2.npz,933,753cce1bc231838bd849e7ba5a847edab63e996e628b343ad19cc7ae55c455d8,092770c7adcb696e0663e196ca955086562a1fe74dad180321b020cc064bccdf,True,True,PASS
isruc_s1,I091,I091,OVERLAY_ONLY,data\processed\isruc_original_v2\isruc_s1__I091__original_v2.npz,990,f51b4722c5cb2cb48fc7b1408492d21a9883773ca6be9532bafa648fc4015b84,845ab3d5c72d68347ce4674e40a264da9714fe6223cc48b48ef372f2dba60f8e,True,True,PASS
isruc_s1,I092,I092,OVERLAY_ONLY,data\processed\isruc_original_v2\isruc_s1__I092__original_v2.npz,877,f01f48f128e89e98eff46914eec0473a9f05e325d1bc322e011568a4f4430b86,fc3d726ef7c90d08f3659480a49629e7a623d21235fbb57b8cb6940caee15c9f,True,True,PASS
isruc_s1,I093,I093,OVERLAY_ONLY,data\processed\isruc_original_v2\isruc_s1__I093__original_v2.npz,870,af94fa46eaf8e88ad5f530c6772f299d04bf26d786098ba01ba166ade7156857,97fbd00c79258b7e382d592460006e99b9be447fec655ed74349536f9ad25bde,True,True,PASS
isruc_s1,I094,I094,OVERLAY_ONLY,data\processed\isruc_original_v2\isruc_s1__I094__original_v2.npz,846,b7c06cb9ed106f60239ce9237cc4173c558b3a6126b628bac8de08ff85c0b6f5,1cbe75aaaec9dc268ad7e4681a4b54eb70148ee14443f9a5ee27ed65036fc036,True,True,PASS
isruc_s1,I095,I095,OVERLAY_ONLY,data\processed\isruc_original_v2\isruc_s1__I095__original_v2.npz,865,116eaa105cc74f9d7c936a79086246d139d7d772adff022561797e2c660de7fc,4562f6e99c982fad6b868df33a6fcdb7d23999d52e1c31ef622f53ca7518fba1,True,True,PASS
isruc_s1,I096,I096,OVERLAY_ONLY,data\processed\isruc_original_v2\isruc_s1__I096__original_v2.npz,858,2e8150614bcbf8891d2fbe4daae64f5c27fcd8fb05d9a1fffa9804c4dec0bad8,2772df466840a043d01b2c475e6fc510c2ded04f21b540c5e6cb39820636c933,True,True,PASS
isruc_s1,I097,I097,OVERLAY_ONLY,data\processed\isruc_original_v2\isruc_s1__I097__original_v2.npz,912,759c10f18793bd9c2853a3c73c2c1d0025af5f1a8c740c734dbe1ca5153b6f03,05c3614e2c4ad6609c5a13355afd561c78861378bd97ff708336bcdfc4370648,True,True,PASS
isruc_s1,I098,I098,OVERLAY_ONLY,data\processed\isruc_original_v2\isruc_s1__I098__original_v2.npz,899,1db68c6e73494a99f4895b5ae9fc8d856c2dc65e07c7ac2660698d19e7c3c69f,13d800122f39b11decc250b6f50ee08c561b136ff39630cb16d9e3d63c0df85f,True,True,PASS
isruc_s1,I099,I099,OVERLAY_ONLY,data\processed\isruc_original_v2\isruc_s1__I099__original_v2.npz,835,2d6f21d8982c52d5a583ae1b0080a36e8c1989731b2e0047901590d7b054a980,ae003bab9ec3038964ef8cd2e2c41524c7b0b3aba31839d356b6b4f9675cd4dc,True,True,PASS
isruc_s1,I100,I100,OVERLAY_ONLY,data\processed\isruc_original_v2\isruc_s1__I100__original_v2.npz,861,ecfa73cb140e72d980606cd38b824a749b5979d1b5980687c8881909ee03f7e1,5995c4978031ef889b19f32a41e1b23bbee2894a1a82f82b3d658915c7b78df8,True,True,PASS
